diagnosis,table,column,row,value,repair,extended_diagnosis,file_path,data_type,nullable
envo term error,so,env_broad_biome,1,marine biome [ENVO:00000447];marine benthic biome[ENVO:01000024],http://purl.obolibrary.org/obo/ENVO_00000447;http://purl.obolibrary.org/obo/ENVO_01000024,envo term should be a list of URIs,/github/workspace/logsheets/filtered/sediment_observatory.csv,EMOBONList,False
envo term error,wo,env_broad_biome,1,marine biome [ENVO:00000447],http://purl.obolibrary.org/obo/ENVO_00000447,envo term should be a list of URIs,/github/workspace/logsheets/filtered/water_observatory.csv,EMOBONList,False
envo term error,so,env_local,1,shallow_marine_sediment[ENVO:03000034],http://purl.obolibrary.org/obo/ENVO_03000034,envo term should be a list of URIs,/github/workspace/logsheets/filtered/sediment_observatory.csv,EMOBONList,False
envo term error,wo,env_local,1,marine water body [ENVO:00001999],http://purl.obolibrary.org/obo/ENVO_00001999,envo term should be a list of URIs,/github/workspace/logsheets/filtered/water_observatory.csv,EMOBONList,False
envo term error,ss,env_material,1,sediment [ENVO:00002007],http://purl.obolibrary.org/obo/ENVO_00002007,envo term should be a list of URIs,/github/workspace/logsheets/filtered/sediment_sampling.csv,EMOBONList,False
envo term error,ss,env_material,2,sediment [ENVO:00002007],http://purl.obolibrary.org/obo/ENVO_00002007,envo term should be a list of URIs,/github/workspace/logsheets/filtered/sediment_sampling.csv,EMOBONList,False
envo term error,ss,env_material,3,sediment [ENVO:00002007],http://purl.obolibrary.org/obo/ENVO_00002007,envo term should be a list of URIs,/github/workspace/logsheets/filtered/sediment_sampling.csv,EMOBONList,False
envo term error,ss,env_material,4,sediment [ENVO:00002007],http://purl.obolibrary.org/obo/ENVO_00002007,envo term should be a list of URIs,/github/workspace/logsheets/filtered/sediment_sampling.csv,EMOBONList,False
envo term error,ss,env_material,5,sediment [ENVO:00002007],http://purl.obolibrary.org/obo/ENVO_00002007,envo term should be a list of URIs,/github/workspace/logsheets/filtered/sediment_sampling.csv,EMOBONList,False
envo term error,ss,env_material,6,sediment [ENVO:00002007],http://purl.obolibrary.org/obo/ENVO_00002007,envo term should be a list of URIs,/github/workspace/logsheets/filtered/sediment_sampling.csv,EMOBONList,False
envo term error,ss,env_material,7,sediment [ENVO:00002007],http://purl.obolibrary.org/obo/ENVO_00002007,envo term should be a list of URIs,/github/workspace/logsheets/filtered/sediment_sampling.csv,EMOBONList,False
envo term error,ss,env_material,8,sediment [ENVO:00002007],http://purl.obolibrary.org/obo/ENVO_00002007,envo term should be a list of URIs,/github/workspace/logsheets/filtered/sediment_sampling.csv,EMOBONList,False
envo term error,ss,env_material,9,sediment [ENVO:00002007],http://purl.obolibrary.org/obo/ENVO_00002007,envo term should be a list of URIs,/github/workspace/logsheets/filtered/sediment_sampling.csv,EMOBONList,False
envo term error,ss,env_material,10,sediment [ENVO:00002007],http://purl.obolibrary.org/obo/ENVO_00002007,envo term should be a list of URIs,/github/workspace/logsheets/filtered/sediment_sampling.csv,EMOBONList,False
envo term error,ss,env_material,11,sediment [ENVO:00002007],http://purl.obolibrary.org/obo/ENVO_00002007,envo term should be a list of URIs,/github/workspace/logsheets/filtered/sediment_sampling.csv,EMOBONList,False
envo term error,ss,env_material,12,sediment [ENVO:00002007],http://purl.obolibrary.org/obo/ENVO_00002007,envo term should be a list of URIs,/github/workspace/logsheets/filtered/sediment_sampling.csv,EMOBONList,False
envo term error,ss,env_material,13,sediment [ENVO:00002007],http://purl.obolibrary.org/obo/ENVO_00002007,envo term should be a list of URIs,/github/workspace/logsheets/filtered/sediment_sampling.csv,EMOBONList,False
envo term error,ss,env_material,14,sediment [ENVO:00002007],http://purl.obolibrary.org/obo/ENVO_00002007,envo term should be a list of URIs,/github/workspace/logsheets/filtered/sediment_sampling.csv,EMOBONList,False
envo term error,ss,env_material,15,sediment [ENVO:00002007],http://purl.obolibrary.org/obo/ENVO_00002007,envo term should be a list of URIs,/github/workspace/logsheets/filtered/sediment_sampling.csv,EMOBONList,False
envo term error,ss,env_material,16,sediment [ENVO:00002007],http://purl.obolibrary.org/obo/ENVO_00002007,envo term should be a list of URIs,/github/workspace/logsheets/filtered/sediment_sampling.csv,EMOBONList,False
envo term error,ss,env_material,17,sediment [ENVO:00002007],http://purl.obolibrary.org/obo/ENVO_00002007,envo term should be a list of URIs,/github/workspace/logsheets/filtered/sediment_sampling.csv,EMOBONList,False
envo term error,ss,env_material,18,sediment [ENVO:00002007],http://purl.obolibrary.org/obo/ENVO_00002007,envo term should be a list of URIs,/github/workspace/logsheets/filtered/sediment_sampling.csv,EMOBONList,False
envo term error,ws,env_material,1,marine water body [ENVO:00001999],http://purl.obolibrary.org/obo/ENVO_00001999,envo term should be a list of URIs,/github/workspace/logsheets/filtered/water_sampling.csv,EMOBONList,False
envo term error,ws,env_material,2,marine water body [ENVO:00001999],http://purl.obolibrary.org/obo/ENVO_00001999,envo term should be a list of URIs,/github/workspace/logsheets/filtered/water_sampling.csv,EMOBONList,False
envo term error,ws,env_material,3,marine water body [ENVO:00001999],http://purl.obolibrary.org/obo/ENVO_00001999,envo term should be a list of URIs,/github/workspace/logsheets/filtered/water_sampling.csv,EMOBONList,False
envo term error,ws,env_material,4,marine water body [ENVO:00001999],http://purl.obolibrary.org/obo/ENVO_00001999,envo term should be a list of URIs,/github/workspace/logsheets/filtered/water_sampling.csv,EMOBONList,False
envo term error,ws,env_material,5,marine water body [ENVO:00001999],http://purl.obolibrary.org/obo/ENVO_00001999,envo term should be a list of URIs,/github/workspace/logsheets/filtered/water_sampling.csv,EMOBONList,False
envo term error,ws,env_material,6,marine water body [ENVO:00001999],http://purl.obolibrary.org/obo/ENVO_00001999,envo term should be a list of URIs,/github/workspace/logsheets/filtered/water_sampling.csv,EMOBONList,False
envo term error,ws,env_material,7,marine water body [ENVO:00001999],http://purl.obolibrary.org/obo/ENVO_00001999,envo term should be a list of URIs,/github/workspace/logsheets/filtered/water_sampling.csv,EMOBONList,False
envo term error,ws,env_material,8,marine water body [ENVO:00001999],http://purl.obolibrary.org/obo/ENVO_00001999,envo term should be a list of URIs,/github/workspace/logsheets/filtered/water_sampling.csv,EMOBONList,False
envo term error,ws,env_material,9,marine water body [ENVO:00001999],http://purl.obolibrary.org/obo/ENVO_00001999,envo term should be a list of URIs,/github/workspace/logsheets/filtered/water_sampling.csv,EMOBONList,False
envo term error,ws,env_material,10,marine water body [ENVO:00001999],http://purl.obolibrary.org/obo/ENVO_00001999,envo term should be a list of URIs,/github/workspace/logsheets/filtered/water_sampling.csv,EMOBONList,False
envo term error,ws,env_material,11,marine water body [ENVO:00001999],http://purl.obolibrary.org/obo/ENVO_00001999,envo term should be a list of URIs,/github/workspace/logsheets/filtered/water_sampling.csv,EMOBONList,False
envo term error,ws,env_material,12,marine water body [ENVO:00001999],http://purl.obolibrary.org/obo/ENVO_00001999,envo term should be a list of URIs,/github/workspace/logsheets/filtered/water_sampling.csv,EMOBONList,False
envo term error,ws,env_material,13,marine water body [ENVO:00001999],http://purl.obolibrary.org/obo/ENVO_00001999,envo term should be a list of URIs,/github/workspace/logsheets/filtered/water_sampling.csv,EMOBONList,False
envo term error,ws,env_material,14,marine water body [ENVO:00001999],http://purl.obolibrary.org/obo/ENVO_00001999,envo term should be a list of URIs,/github/workspace/logsheets/filtered/water_sampling.csv,EMOBONList,False
envo term error,ws,env_material,15,marine water body [ENVO:00001999],http://purl.obolibrary.org/obo/ENVO_00001999,envo term should be a list of URIs,/github/workspace/logsheets/filtered/water_sampling.csv,EMOBONList,False
envo term error,ws,env_material,16,marine water body [ENVO:00001999],http://purl.obolibrary.org/obo/ENVO_00001999,envo term should be a list of URIs,/github/workspace/logsheets/filtered/water_sampling.csv,EMOBONList,False
envo term error,ws,env_material,17,marine water body [ENVO:00001999],http://purl.obolibrary.org/obo/ENVO_00001999,envo term should be a list of URIs,/github/workspace/logsheets/filtered/water_sampling.csv,EMOBONList,False
envo term error,ws,env_material,18,marine water body [ENVO:00001999],http://purl.obolibrary.org/obo/ENVO_00001999,envo term should be a list of URIs,/github/workspace/logsheets/filtered/water_sampling.csv,EMOBONList,False
envo term error,ws,env_material,19,marine water body [ENVO:00001999],http://purl.obolibrary.org/obo/ENVO_00001999,envo term should be a list of URIs,/github/workspace/logsheets/filtered/water_sampling.csv,EMOBONList,False
envo term error,ws,env_material,20,marine water body [ENVO:00001999],http://purl.obolibrary.org/obo/ENVO_00001999,envo term should be a list of URIs,/github/workspace/logsheets/filtered/water_sampling.csv,EMOBONList,False
envo term error,ws,env_material,21,marine water body [ENVO:00001999],http://purl.obolibrary.org/obo/ENVO_00001999,envo term should be a list of URIs,/github/workspace/logsheets/filtered/water_sampling.csv,EMOBONList,False
envo term error,ws,env_material,22,marine water body [ENVO:00001999],http://purl.obolibrary.org/obo/ENVO_00001999,envo term should be a list of URIs,/github/workspace/logsheets/filtered/water_sampling.csv,EMOBONList,False
envo term error,ws,env_material,23,marine water body [ENVO:00001999],http://purl.obolibrary.org/obo/ENVO_00001999,envo term should be a list of URIs,/github/workspace/logsheets/filtered/water_sampling.csv,EMOBONList,False
envo term error,ws,env_material,24,marine water body [ENVO:00001999],http://purl.obolibrary.org/obo/ENVO_00001999,envo term should be a list of URIs,/github/workspace/logsheets/filtered/water_sampling.csv,EMOBONList,False
envo term error,ws,env_material,25,marine water body [ENVO:00001999],http://purl.obolibrary.org/obo/ENVO_00001999,envo term should be a list of URIs,/github/workspace/logsheets/filtered/water_sampling.csv,EMOBONList,False
envo term error,ws,env_material,26,marine water body [ENVO:00001999],http://purl.obolibrary.org/obo/ENVO_00001999,envo term should be a list of URIs,/github/workspace/logsheets/filtered/water_sampling.csv,EMOBONList,False
envo term error,ws,env_material,27,marine water body [ENVO:00001999],http://purl.obolibrary.org/obo/ENVO_00001999,envo term should be a list of URIs,/github/workspace/logsheets/filtered/water_sampling.csv,EMOBONList,False
envo term error,ws,env_material,28,marine water body [ENVO:00001999],http://purl.obolibrary.org/obo/ENVO_00001999,envo term should be a list of URIs,/github/workspace/logsheets/filtered/water_sampling.csv,EMOBONList,False
envo term error,ws,env_material,29,marine water body [ENVO:00001999],http://purl.obolibrary.org/obo/ENVO_00001999,envo term should be a list of URIs,/github/workspace/logsheets/filtered/water_sampling.csv,EMOBONList,False
envo term error,ws,env_material,30,marine water body [ENVO:00001999],http://purl.obolibrary.org/obo/ENVO_00001999,envo term should be a list of URIs,/github/workspace/logsheets/filtered/water_sampling.csv,EMOBONList,False
envo term error,ws,env_material,31,marine water body [ENVO:00001999],http://purl.obolibrary.org/obo/ENVO_00001999,envo term should be a list of URIs,/github/workspace/logsheets/filtered/water_sampling.csv,EMOBONList,False
envo term error,ws,env_material,32,marine water body [ENVO:00001999],http://purl.obolibrary.org/obo/ENVO_00001999,envo term should be a list of URIs,/github/workspace/logsheets/filtered/water_sampling.csv,EMOBONList,False
envo term error,ws,env_material,33,marine water body [ENVO:00001999],http://purl.obolibrary.org/obo/ENVO_00001999,envo term should be a list of URIs,/github/workspace/logsheets/filtered/water_sampling.csv,EMOBONList,False
envo term error,ws,env_material,34,marine water body [ENVO:00001999],http://purl.obolibrary.org/obo/ENVO_00001999,envo term should be a list of URIs,/github/workspace/logsheets/filtered/water_sampling.csv,EMOBONList,False
envo term error,ws,env_material,35,marine water body [ENVO:00001999],http://purl.obolibrary.org/obo/ENVO_00001999,envo term should be a list of URIs,/github/workspace/logsheets/filtered/water_sampling.csv,EMOBONList,False
envo term error,ws,env_material,36,marine water body [ENVO:00001999],http://purl.obolibrary.org/obo/ENVO_00001999,envo term should be a list of URIs,/github/workspace/logsheets/filtered/water_sampling.csv,EMOBONList,False
envo term error,ws,env_material,37,marine water body [ENVO:00001999],http://purl.obolibrary.org/obo/ENVO_00001999,envo term should be a list of URIs,/github/workspace/logsheets/filtered/water_sampling.csv,EMOBONList,False
envo term error,ws,env_material,38,marine water body [ENVO:00001999],http://purl.obolibrary.org/obo/ENVO_00001999,envo term should be a list of URIs,/github/workspace/logsheets/filtered/water_sampling.csv,EMOBONList,False
envo term error,ws,env_material,39,marine water body [ENVO:00001999],http://purl.obolibrary.org/obo/ENVO_00001999,envo term should be a list of URIs,/github/workspace/logsheets/filtered/water_sampling.csv,EMOBONList,False
envo term error,ws,env_material,40,marine water body [ENVO:00001999],http://purl.obolibrary.org/obo/ENVO_00001999,envo term should be a list of URIs,/github/workspace/logsheets/filtered/water_sampling.csv,EMOBONList,False
envo term error,ws,env_material,41,marine water body [ENVO:00001999],http://purl.obolibrary.org/obo/ENVO_00001999,envo term should be a list of URIs,/github/workspace/logsheets/filtered/water_sampling.csv,EMOBONList,False
envo term error,ws,env_material,42,marine water body [ENVO:00001999],http://purl.obolibrary.org/obo/ENVO_00001999,envo term should be a list of URIs,/github/workspace/logsheets/filtered/water_sampling.csv,EMOBONList,False
envo term error,ws,env_material,43,marine water body [ENVO:00001999],http://purl.obolibrary.org/obo/ENVO_00001999,envo term should be a list of URIs,/github/workspace/logsheets/filtered/water_sampling.csv,EMOBONList,False
envo term error,ws,env_material,44,marine water body [ENVO:00001999],http://purl.obolibrary.org/obo/ENVO_00001999,envo term should be a list of URIs,/github/workspace/logsheets/filtered/water_sampling.csv,EMOBONList,False
envo term error,ws,env_material,45,marine water body [ENVO:00001999],http://purl.obolibrary.org/obo/ENVO_00001999,envo term should be a list of URIs,/github/workspace/logsheets/filtered/water_sampling.csv,EMOBONList,False
envo term error,ws,env_material,46,marine water body [ENVO:00001999],http://purl.obolibrary.org/obo/ENVO_00001999,envo term should be a list of URIs,/github/workspace/logsheets/filtered/water_sampling.csv,EMOBONList,False
envo term error,ws,env_material,47,marine water body [ENVO:00001999],http://purl.obolibrary.org/obo/ENVO_00001999,envo term should be a list of URIs,/github/workspace/logsheets/filtered/water_sampling.csv,EMOBONList,False
envo term error,ws,env_material,48,marine water body [ENVO:00001999],http://purl.obolibrary.org/obo/ENVO_00001999,envo term should be a list of URIs,/github/workspace/logsheets/filtered/water_sampling.csv,EMOBONList,False
envo term error,ws,env_material,49,marine water body [ENVO:00001999],http://purl.obolibrary.org/obo/ENVO_00001999,envo term should be a list of URIs,/github/workspace/logsheets/filtered/water_sampling.csv,EMOBONList,False
organization edmoid error,so,organization_edmoid,1,622,https://edmo.seadatanet.org/report/622,organization edmoid should be a list of URIs,/github/workspace/logsheets/filtered/sediment_observatory.csv,EMOBONList,False
organization edmoid error,wo,organization_edmoid,1,622,https://edmo.seadatanet.org/report/622,organization edmoid should be a list of URIs,/github/workspace/logsheets/filtered/water_observatory.csv,EMOBONList,False
source_mat_id error,ss,source_mat_id,1,EMOBON_UMF_So_1,,source_mat_id should match ^EMOBON_UMF_So_221026_meio_1$,/github/workspace/logsheets/filtered/sediment_sampling.csv,XSDString,False
source_mat_id error,ss,source_mat_id,2,EMOBON_UMF_So_2,,source_mat_id should match ^EMOBON_UMF_So_221026_meio_2$,/github/workspace/logsheets/filtered/sediment_sampling.csv,XSDString,False
source_mat_id error,ss,source_mat_id,3,EMOBON_UMF_So_3,,source_mat_id should match ^EMOBON_UMF_So_221026_meio_3$,/github/workspace/logsheets/filtered/sediment_sampling.csv,XSDString,False
source_mat_id error,ss,source_mat_id,4,EMOBON_UMF_So_4,,source_mat_id should match ^EMOBON_UMF_So_221026_meio_4$,/github/workspace/logsheets/filtered/sediment_sampling.csv,XSDString,False
source_mat_id error,ss,source_mat_id,5,EMOBON_UMF_So_5,,source_mat_id should match ^EMOBON_UMF_So_221026_micro_1$,/github/workspace/logsheets/filtered/sediment_sampling.csv,XSDString,False
source_mat_id error,ss,source_mat_id,6,EMOBON_UMF_So_6,,source_mat_id should match ^EMOBON_UMF_So_221026_micro_2$,/github/workspace/logsheets/filtered/sediment_sampling.csv,XSDString,False
source_mat_id error,ss,source_mat_id,7,EMOBON_UMF_So_7,,source_mat_id should match ^EMOBON_UMF_So_221026_micro_3$,/github/workspace/logsheets/filtered/sediment_sampling.csv,XSDString,False
source_mat_id error,ss,source_mat_id,8,EMOBON_UMF_So_8,,source_mat_id should match ^EMOBON_UMF_So_221026_micro_4$,/github/workspace/logsheets/filtered/sediment_sampling.csv,XSDString,False
source_mat_id error,ss,source_mat_id,9,EMOBON_UMF_So_9,,source_mat_id should match ^EMOBON_UMF_So_221026_micro_blank_1$,/github/workspace/logsheets/filtered/sediment_sampling.csv,XSDString,False
source_mat_id error,ss,source_mat_id,10,EMOBON_UMF_So_10,,source_mat_id should match ^EMOBON_UMF_So_221026_macro_1$,/github/workspace/logsheets/filtered/sediment_sampling.csv,XSDString,False
source_mat_id error,ss,source_mat_id,11,EMOBON_UMF_So_11,,source_mat_id should match ^EMOBON_UMF_So_221026_macro_2$,/github/workspace/logsheets/filtered/sediment_sampling.csv,XSDString,False
source_mat_id error,ss,source_mat_id,12,EMOBON_UMF_So_12,,source_mat_id should match ^EMOBON_UMF_So_221026_macro_3$,/github/workspace/logsheets/filtered/sediment_sampling.csv,XSDString,False
source_mat_id error,ss,source_mat_id,13,EMOBON_UMF_So_13,,source_mat_id should match ^EMOBON_UMF_So_221026_macro_4$,/github/workspace/logsheets/filtered/sediment_sampling.csv,XSDString,False
source_mat_id error,ss,source_mat_id,14,EMOBON_UMF_So_14,,source_mat_id should match ^EMOBON_UMF_So_221201_micro_1$,/github/workspace/logsheets/filtered/sediment_sampling.csv,XSDString,False
source_mat_id error,ss,source_mat_id,15,EMOBON_UMF_So_15,,source_mat_id should match ^EMOBON_UMF_So_221201_micro_2$,/github/workspace/logsheets/filtered/sediment_sampling.csv,XSDString,False
source_mat_id error,ss,source_mat_id,16,EMOBON_UMF_So_16,,source_mat_id should match ^EMOBON_UMF_So_221201_micro_3$,/github/workspace/logsheets/filtered/sediment_sampling.csv,XSDString,False
source_mat_id error,ss,source_mat_id,17,EMOBON_UMF_So_17,,source_mat_id should match ^EMOBON_UMF_So_221201_micro_4$,/github/workspace/logsheets/filtered/sediment_sampling.csv,XSDString,False
source_mat_id error,ss,source_mat_id,18,EMOBON_UMF_So_18,,source_mat_id should match ^EMOBON_UMF_So_221201_micro_blank_1$,/github/workspace/logsheets/filtered/sediment_sampling.csv,XSDString,False
source_mat_id error,ss,source_mat_id,212,EMOBON_UMF_So_212,,source_mat_id should match ^EMOBON_UMF_So__macro_$,/github/workspace/logsheets/filtered/sediment_sampling.csv,XSDString,False
source_mat_id error,ss,source_mat_id,213,EMOBON_UMF_So_213,,source_mat_id should match ^EMOBON_UMF_So__macro_$,/github/workspace/logsheets/filtered/sediment_sampling.csv,XSDString,False
source_mat_id error,ss,source_mat_id,214,EMOBON_UMF_So_214,,source_mat_id should match ^EMOBON_UMF_So___$,/github/workspace/logsheets/filtered/sediment_sampling.csv,XSDString,False
source_mat_id error,ss,source_mat_id,215,EMOBON_UMF_So_215,,source_mat_id should match ^EMOBON_UMF_So___$,/github/workspace/logsheets/filtered/sediment_sampling.csv,XSDString,False
source_mat_id error,ss,source_mat_id,216,EMOBON_UMF_So_216,,source_mat_id should match ^EMOBON_UMF_So___$,/github/workspace/logsheets/filtered/sediment_sampling.csv,XSDString,False
source_mat_id error,ss,source_mat_id,217,EMOBON_UMF_So_217,,source_mat_id should match ^EMOBON_UMF_So___$,/github/workspace/logsheets/filtered/sediment_sampling.csv,XSDString,False
source_mat_id error,ss,source_mat_id,218,EMOBON_UMF_So_218,,source_mat_id should match ^EMOBON_UMF_So___$,/github/workspace/logsheets/filtered/sediment_sampling.csv,XSDString,False
source_mat_id error,ss,source_mat_id,219,EMOBON_UMF_So_219,,source_mat_id should match ^EMOBON_UMF_So___$,/github/workspace/logsheets/filtered/sediment_sampling.csv,XSDString,False
source_mat_id error,ss,source_mat_id,220,EMOBON_UMF_So_220,,source_mat_id should match ^EMOBON_UMF_So___$,/github/workspace/logsheets/filtered/sediment_sampling.csv,XSDString,False
source_mat_id error,ss,source_mat_id,221,EMOBON_UMF_So_221,,source_mat_id should match ^EMOBON_UMF_So___$,/github/workspace/logsheets/filtered/sediment_sampling.csv,XSDString,False
source_mat_id error,ss,source_mat_id,222,EMOBON_UMF_So_222,,source_mat_id should match ^EMOBON_UMF_So___$,/github/workspace/logsheets/filtered/sediment_sampling.csv,XSDString,False
source_mat_id error,ss,source_mat_id,223,EMOBON_UMF_So_223,,source_mat_id should match ^EMOBON_UMF_So___$,/github/workspace/logsheets/filtered/sediment_sampling.csv,XSDString,False
source_mat_id error,ss,source_mat_id,224,EMOBON_UMF_So_224,,source_mat_id should match ^EMOBON_UMF_So___$,/github/workspace/logsheets/filtered/sediment_sampling.csv,XSDString,False
source_mat_id error,ss,source_mat_id,225,EMOBON_UMF_So_225,,source_mat_id should match ^EMOBON_UMF_So___$,/github/workspace/logsheets/filtered/sediment_sampling.csv,XSDString,False
source_mat_id error,ss,source_mat_id,226,EMOBON_UMF_So_226,,source_mat_id should match ^EMOBON_UMF_So___$,/github/workspace/logsheets/filtered/sediment_sampling.csv,XSDString,False
source_mat_id error,ss,source_mat_id,227,EMOBON_UMF_So_227,,source_mat_id should match ^EMOBON_UMF_So___$,/github/workspace/logsheets/filtered/sediment_sampling.csv,XSDString,False
source_mat_id error,ss,source_mat_id,228,EMOBON_UMF_So_228,,source_mat_id should match ^EMOBON_UMF_So___$,/github/workspace/logsheets/filtered/sediment_sampling.csv,XSDString,False
source_mat_id error,ss,source_mat_id,229,EMOBON_UMF_So_229,,source_mat_id should match ^EMOBON_UMF_So___$,/github/workspace/logsheets/filtered/sediment_sampling.csv,XSDString,False
source_mat_id error,ss,source_mat_id,230,EMOBON_UMF_So_230,,source_mat_id should match ^EMOBON_UMF_So___$,/github/workspace/logsheets/filtered/sediment_sampling.csv,XSDString,False
source_mat_id error,ss,source_mat_id,231,EMOBON_UMF_So_231,,source_mat_id should match ^EMOBON_UMF_So___$,/github/workspace/logsheets/filtered/sediment_sampling.csv,XSDString,False
source_mat_id error,ss,source_mat_id,232,EMOBON_UMF_So_232,,source_mat_id should match ^EMOBON_UMF_So___$,/github/workspace/logsheets/filtered/sediment_sampling.csv,XSDString,False
source_mat_id error,ss,source_mat_id,233,EMOBON_UMF_So_233,,source_mat_id should match ^EMOBON_UMF_So___$,/github/workspace/logsheets/filtered/sediment_sampling.csv,XSDString,False
source_mat_id error,ss,source_mat_id,234,EMOBON_UMF_So_234,,source_mat_id should match ^EMOBON_UMF_So___$,/github/workspace/logsheets/filtered/sediment_sampling.csv,XSDString,False
source_mat_id error,ss,source_mat_id,235,EMOBON_UMF_So_235,,source_mat_id should match ^EMOBON_UMF_So___$,/github/workspace/logsheets/filtered/sediment_sampling.csv,XSDString,False
source_mat_id error,ss,source_mat_id,236,EMOBON_UMF_So_236,,source_mat_id should match ^EMOBON_UMF_So___$,/github/workspace/logsheets/filtered/sediment_sampling.csv,XSDString,False
source_mat_id error,ss,source_mat_id,237,EMOBON_UMF_So_237,,source_mat_id should match ^EMOBON_UMF_So___$,/github/workspace/logsheets/filtered/sediment_sampling.csv,XSDString,False
source_mat_id error,ss,source_mat_id,238,EMOBON_UMF_So_238,,source_mat_id should match ^EMOBON_UMF_So___$,/github/workspace/logsheets/filtered/sediment_sampling.csv,XSDString,False
source_mat_id error,ss,source_mat_id,239,EMOBON_UMF_So_239,,source_mat_id should match ^EMOBON_UMF_So___$,/github/workspace/logsheets/filtered/sediment_sampling.csv,XSDString,False
source_mat_id error,ss,source_mat_id,240,EMOBON_UMF_So_240,,source_mat_id should match ^EMOBON_UMF_So___$,/github/workspace/logsheets/filtered/sediment_sampling.csv,XSDString,False
source_mat_id error,ss,source_mat_id,241,EMOBON_UMF_So_241,,source_mat_id should match ^EMOBON_UMF_So___$,/github/workspace/logsheets/filtered/sediment_sampling.csv,XSDString,False
source_mat_id error,ss,source_mat_id,242,EMOBON_UMF_So_242,,source_mat_id should match ^EMOBON_UMF_So___$,/github/workspace/logsheets/filtered/sediment_sampling.csv,XSDString,False
source_mat_id error,ss,source_mat_id,243,EMOBON_UMF_So_243,,source_mat_id should match ^EMOBON_UMF_So___$,/github/workspace/logsheets/filtered/sediment_sampling.csv,XSDString,False
source_mat_id error,ss,source_mat_id,244,EMOBON_UMF_So_244,,source_mat_id should match ^EMOBON_UMF_So___$,/github/workspace/logsheets/filtered/sediment_sampling.csv,XSDString,False
source_mat_id error,ss,source_mat_id,245,EMOBON_UMF_So_245,,source_mat_id should match ^EMOBON_UMF_So___$,/github/workspace/logsheets/filtered/sediment_sampling.csv,XSDString,False
source_mat_id error,ss,source_mat_id,246,EMOBON_UMF_So_246,,source_mat_id should match ^EMOBON_UMF_So___$,/github/workspace/logsheets/filtered/sediment_sampling.csv,XSDString,False
source_mat_id error,ss,source_mat_id,247,EMOBON_UMF_So_247,,source_mat_id should match ^EMOBON_UMF_So___$,/github/workspace/logsheets/filtered/sediment_sampling.csv,XSDString,False
source_mat_id error,ss,source_mat_id,248,EMOBON_UMF_So_248,,source_mat_id should match ^EMOBON_UMF_So___$,/github/workspace/logsheets/filtered/sediment_sampling.csv,XSDString,False
source_mat_id error,ss,source_mat_id,249,EMOBON_UMF_So_249,,source_mat_id should match ^EMOBON_UMF_So___$,/github/workspace/logsheets/filtered/sediment_sampling.csv,XSDString,False
source_mat_id error,ss,source_mat_id,250,EMOBON_UMF_So_250,,source_mat_id should match ^EMOBON_UMF_So___$,/github/workspace/logsheets/filtered/sediment_sampling.csv,XSDString,False
source_mat_id error,ss,source_mat_id,251,EMOBON_UMF_So_251,,source_mat_id should match ^EMOBON_UMF_So___$,/github/workspace/logsheets/filtered/sediment_sampling.csv,XSDString,False
source_mat_id error,ss,source_mat_id,252,EMOBON_UMF_So_252,,source_mat_id should match ^EMOBON_UMF_So___$,/github/workspace/logsheets/filtered/sediment_sampling.csv,XSDString,False
source_mat_id error,ss,source_mat_id,253,EMOBON_UMF_So_253,,source_mat_id should match ^EMOBON_UMF_So___$,/github/workspace/logsheets/filtered/sediment_sampling.csv,XSDString,False
source_mat_id error,ss,source_mat_id,254,EMOBON_UMF_So_254,,source_mat_id should match ^EMOBON_UMF_So___$,/github/workspace/logsheets/filtered/sediment_sampling.csv,XSDString,False
source_mat_id error,ss,source_mat_id,255,EMOBON_UMF_So_255,,source_mat_id should match ^EMOBON_UMF_So___$,/github/workspace/logsheets/filtered/sediment_sampling.csv,XSDString,False
source_mat_id error,ss,source_mat_id,256,EMOBON_UMF_So_256,,source_mat_id should match ^EMOBON_UMF_So___$,/github/workspace/logsheets/filtered/sediment_sampling.csv,XSDString,False
source_mat_id error,ss,source_mat_id,257,EMOBON_UMF_So_257,,source_mat_id should match ^EMOBON_UMF_So___$,/github/workspace/logsheets/filtered/sediment_sampling.csv,XSDString,False
source_mat_id error,ss,source_mat_id,258,EMOBON_UMF_So_258,,source_mat_id should match ^EMOBON_UMF_So___$,/github/workspace/logsheets/filtered/sediment_sampling.csv,XSDString,False
source_mat_id error,ss,source_mat_id,259,EMOBON_UMF_So_259,,source_mat_id should match ^EMOBON_UMF_So___$,/github/workspace/logsheets/filtered/sediment_sampling.csv,XSDString,False
source_mat_id error,ss,source_mat_id,260,EMOBON_UMF_So_260,,source_mat_id should match ^EMOBON_UMF_So___$,/github/workspace/logsheets/filtered/sediment_sampling.csv,XSDString,False
source_mat_id error,ss,source_mat_id,261,EMOBON_UMF_So_261,,source_mat_id should match ^EMOBON_UMF_So___$,/github/workspace/logsheets/filtered/sediment_sampling.csv,XSDString,False
source_mat_id error,ss,source_mat_id,262,EMOBON_UMF_So_262,,source_mat_id should match ^EMOBON_UMF_So___$,/github/workspace/logsheets/filtered/sediment_sampling.csv,XSDString,False
source_mat_id error,ws,source_mat_id,1,EMOBON_UMF_Wa_1,,source_mat_id should match ^EMOBON_UMF_Wa_220830_200um_1$,/github/workspace/logsheets/filtered/water_sampling.csv,XSDString,False
source_mat_id error,ws,source_mat_id,2,EMOBON_UMF_Wa_2,,source_mat_id should match ^EMOBON_UMF_Wa_220830_200um_2$,/github/workspace/logsheets/filtered/water_sampling.csv,XSDString,False
source_mat_id error,ws,source_mat_id,3,EMOBON_UMF_Wa_3,,source_mat_id should match ^EMOBON_UMF_Wa_220830_200um_3$,/github/workspace/logsheets/filtered/water_sampling.csv,XSDString,False
source_mat_id error,ws,source_mat_id,4,EMOBON_UMF_Wa_4,,source_mat_id should match ^EMOBON_UMF_Wa_220830_200um_4$,/github/workspace/logsheets/filtered/water_sampling.csv,XSDString,False
source_mat_id error,ws,source_mat_id,5,EMOBON_UMF_Wa_5,,source_mat_id should match ^EMOBON_UMF_Wa_220830_3um_1$,/github/workspace/logsheets/filtered/water_sampling.csv,XSDString,False
source_mat_id error,ws,source_mat_id,6,EMOBON_UMF_Wa_6,,source_mat_id should match ^EMOBON_UMF_Wa_220830_3um_2$,/github/workspace/logsheets/filtered/water_sampling.csv,XSDString,False
source_mat_id error,ws,source_mat_id,7,EMOBON_UMF_Wa_7,,source_mat_id should match ^EMOBON_UMF_Wa_220830_3um_3$,/github/workspace/logsheets/filtered/water_sampling.csv,XSDString,False
source_mat_id error,ws,source_mat_id,8,EMOBON_UMF_Wa_8,,source_mat_id should match ^EMOBON_UMF_Wa_220830_3um_4$,/github/workspace/logsheets/filtered/water_sampling.csv,XSDString,False
source_mat_id error,ws,source_mat_id,9,EMOBON_UMF_Wa_9,,source_mat_id should match ^EMOBON_UMF_Wa_220830_200um_blank_1$,/github/workspace/logsheets/filtered/water_sampling.csv,XSDString,False
source_mat_id error,ws,source_mat_id,10,EMOBON_UMF_Wa_10,,source_mat_id should match ^EMOBON_UMF_Wa_220830_3um_blank_1$,/github/workspace/logsheets/filtered/water_sampling.csv,XSDString,False
source_mat_id error,ws,source_mat_id,11,EMOBON_UMF_Wa_11,,source_mat_id should match ^EMOBON_UMF_Wa_220830_2000um_1$,/github/workspace/logsheets/filtered/water_sampling.csv,XSDString,False
source_mat_id error,ws,source_mat_id,12,EMOBON_UMF_Wa_12,,source_mat_id should match ^EMOBON_UMF_Wa_220830_2000um_2$,/github/workspace/logsheets/filtered/water_sampling.csv,XSDString,False
source_mat_id error,ws,source_mat_id,13,EMOBON_UMF_Wa_13,,source_mat_id should match ^EMOBON_UMF_Wa_220830_2000um_3$,/github/workspace/logsheets/filtered/water_sampling.csv,XSDString,False
source_mat_id error,ws,source_mat_id,14,EMOBON_UMF_Wa_14,,source_mat_id should match ^EMOBON_UMF_Wa_220830_2000um_4$,/github/workspace/logsheets/filtered/water_sampling.csv,XSDString,False
source_mat_id error,ws,source_mat_id,15,EMOBON_UMF_Wa_15,,source_mat_id should match ^EMOBON_UMF_Wa_220830_2000um_blank_1$,/github/workspace/logsheets/filtered/water_sampling.csv,XSDString,False
source_mat_id error,ws,source_mat_id,16,EMOBON_UMF_Wa_16,,source_mat_id should match ^EMOBON_UMF_Wa_220830_3um_1$,/github/workspace/logsheets/filtered/water_sampling.csv,XSDString,False
source_mat_id error,ws,source_mat_id,17,EMOBON_UMF_Wa_17,,source_mat_id should match ^EMOBON_UMF_Wa_220830_3um_2$,/github/workspace/logsheets/filtered/water_sampling.csv,XSDString,False
source_mat_id error,ws,source_mat_id,18,EMOBON_UMF_Wa_18,,source_mat_id should match ^EMOBON_UMF_Wa_220830_3um_3$,/github/workspace/logsheets/filtered/water_sampling.csv,XSDString,False
source_mat_id error,ws,source_mat_id,19,EMOBON_UMF_Wa_19,,source_mat_id should match ^EMOBON_UMF_Wa_220830_3um_4$,/github/workspace/logsheets/filtered/water_sampling.csv,XSDString,False
source_mat_id error,ws,source_mat_id,20,EMOBON_UMF_Wa_20,,source_mat_id should match ^EMOBON_UMF_Wa_221025_200um_1$,/github/workspace/logsheets/filtered/water_sampling.csv,XSDString,False
source_mat_id error,ws,source_mat_id,21,EMOBON_UMF_Wa_21,,source_mat_id should match ^EMOBON_UMF_Wa_221025_200um_2$,/github/workspace/logsheets/filtered/water_sampling.csv,XSDString,False
source_mat_id error,ws,source_mat_id,22,EMOBON_UMF_Wa_22,,source_mat_id should match ^EMOBON_UMF_Wa_221025_200um_3$,/github/workspace/logsheets/filtered/water_sampling.csv,XSDString,False
source_mat_id error,ws,source_mat_id,23,EMOBON_UMF_Wa_23,,source_mat_id should match ^EMOBON_UMF_Wa_221025_200um_4$,/github/workspace/logsheets/filtered/water_sampling.csv,XSDString,False
source_mat_id error,ws,source_mat_id,24,EMOBON_UMF_Wa_24,,source_mat_id should match ^EMOBON_UMF_Wa_221025_3um_1$,/github/workspace/logsheets/filtered/water_sampling.csv,XSDString,False
source_mat_id error,ws,source_mat_id,25,EMOBON_UMF_Wa_25,,source_mat_id should match ^EMOBON_UMF_Wa_221025_3um_2$,/github/workspace/logsheets/filtered/water_sampling.csv,XSDString,False
source_mat_id error,ws,source_mat_id,26,EMOBON_UMF_Wa_26,,source_mat_id should match ^EMOBON_UMF_Wa_221025_3um_3$,/github/workspace/logsheets/filtered/water_sampling.csv,XSDString,False
source_mat_id error,ws,source_mat_id,27,EMOBON_UMF_Wa_27,,source_mat_id should match ^EMOBON_UMF_Wa_221025_3um_4$,/github/workspace/logsheets/filtered/water_sampling.csv,XSDString,False
source_mat_id error,ws,source_mat_id,28,EMOBON_UMF_Wa_28,,source_mat_id should match ^EMOBON_UMF_Wa_221025_200um_blank_1$,/github/workspace/logsheets/filtered/water_sampling.csv,XSDString,False
source_mat_id error,ws,source_mat_id,29,EMOBON_UMF_Wa_29,,source_mat_id should match ^EMOBON_UMF_Wa_221025_3um_blank_1$,/github/workspace/logsheets/filtered/water_sampling.csv,XSDString,False
source_mat_id error,ws,source_mat_id,30,EMOBON_UMF_Wa_30,,source_mat_id should match ^EMOBON_UMF_Wa_221025_2000um_1$,/github/workspace/logsheets/filtered/water_sampling.csv,XSDString,False
source_mat_id error,ws,source_mat_id,31,EMOBON_UMF_Wa_31,,source_mat_id should match ^EMOBON_UMF_Wa_221025_2000um_2$,/github/workspace/logsheets/filtered/water_sampling.csv,XSDString,False
source_mat_id error,ws,source_mat_id,32,EMOBON_UMF_Wa_32,,source_mat_id should match ^EMOBON_UMF_Wa_221025_2000um_3$,/github/workspace/logsheets/filtered/water_sampling.csv,XSDString,False
source_mat_id error,ws,source_mat_id,33,EMOBON_UMF_Wa_33,,source_mat_id should match ^EMOBON_UMF_Wa_221025_2000um_4$,/github/workspace/logsheets/filtered/water_sampling.csv,XSDString,False
source_mat_id error,ws,source_mat_id,34,EMOBON_UMF_Wa_34,,source_mat_id should match ^EMOBON_UMF_Wa_221025_2000um_blank_1$,/github/workspace/logsheets/filtered/water_sampling.csv,XSDString,False
source_mat_id error,ws,source_mat_id,35,EMOBON_UMF_Wa_35,,source_mat_id should match ^EMOBON_UMF_Wa_221201_200um_1$,/github/workspace/logsheets/filtered/water_sampling.csv,XSDString,False
source_mat_id error,ws,source_mat_id,36,EMOBON_UMF_Wa_36,,source_mat_id should match ^EMOBON_UMF_Wa_221201_200um_2$,/github/workspace/logsheets/filtered/water_sampling.csv,XSDString,False
source_mat_id error,ws,source_mat_id,37,EMOBON_UMF_Wa_37,,source_mat_id should match ^EMOBON_UMF_Wa_221201_200um_3$,/github/workspace/logsheets/filtered/water_sampling.csv,XSDString,False
source_mat_id error,ws,source_mat_id,38,EMOBON_UMF_Wa_38,,source_mat_id should match ^EMOBON_UMF_Wa_221201_200um_4$,/github/workspace/logsheets/filtered/water_sampling.csv,XSDString,False
source_mat_id error,ws,source_mat_id,39,EMOBON_UMF_Wa_39,,source_mat_id should match ^EMOBON_UMF_Wa_221201_3um_1$,/github/workspace/logsheets/filtered/water_sampling.csv,XSDString,False
source_mat_id error,ws,source_mat_id,40,EMOBON_UMF_Wa_40,,source_mat_id should match ^EMOBON_UMF_Wa_221201_3um_2$,/github/workspace/logsheets/filtered/water_sampling.csv,XSDString,False
source_mat_id error,ws,source_mat_id,41,EMOBON_UMF_Wa_41,,source_mat_id should match ^EMOBON_UMF_Wa_221201_3um_3$,/github/workspace/logsheets/filtered/water_sampling.csv,XSDString,False
source_mat_id error,ws,source_mat_id,42,EMOBON_UMF_Wa_42,,source_mat_id should match ^EMOBON_UMF_Wa_221201_3um_4$,/github/workspace/logsheets/filtered/water_sampling.csv,XSDString,False
source_mat_id error,ws,source_mat_id,43,EMOBON_UMF_Wa_43,,source_mat_id should match ^EMOBON_UMF_Wa_221201_200um_blank_1$,/github/workspace/logsheets/filtered/water_sampling.csv,XSDString,False
source_mat_id error,ws,source_mat_id,44,EMOBON_UMF_Wa_44,,source_mat_id should match ^EMOBON_UMF_Wa_221201_3um_blank_1$,/github/workspace/logsheets/filtered/water_sampling.csv,XSDString,False
source_mat_id error,ws,source_mat_id,45,EMOBON_UMF_Wa_45,,source_mat_id should match ^EMOBON_UMF_Wa_221201_2000um_1$,/github/workspace/logsheets/filtered/water_sampling.csv,XSDString,False
source_mat_id error,ws,source_mat_id,46,EMOBON_UMF_Wa_46,,source_mat_id should match ^EMOBON_UMF_Wa_221201_2000um_2$,/github/workspace/logsheets/filtered/water_sampling.csv,XSDString,False
source_mat_id error,ws,source_mat_id,47,EMOBON_UMF_Wa_47,,source_mat_id should match ^EMOBON_UMF_Wa_221201_2000um_3$,/github/workspace/logsheets/filtered/water_sampling.csv,XSDString,False
source_mat_id error,ws,source_mat_id,48,EMOBON_UMF_Wa_48,,source_mat_id should match ^EMOBON_UMF_Wa_221201_2000um_4$,/github/workspace/logsheets/filtered/water_sampling.csv,XSDString,False
source_mat_id error,ws,source_mat_id,49,EMOBON_UMF_Wa_49,,source_mat_id should match ^EMOBON_UMF_Wa_221201_2000um_blank_1$,/github/workspace/logsheets/filtered/water_sampling.csv,XSDString,False
source_mat_id error,ws,source_mat_id,350,EMOBON_UMF_Wa_350,,source_mat_id should match ^EMOBON_UMF_Wa__um_$,/github/workspace/logsheets/filtered/water_sampling.csv,XSDString,False
source_mat_id error,ws,source_mat_id,351,EMOBON_UMF_Wa_351,,source_mat_id should match ^EMOBON_UMF_Wa__um_$,/github/workspace/logsheets/filtered/water_sampling.csv,XSDString,False
source_mat_id error,ws,source_mat_id,352,EMOBON_UMF_Wa_352,,source_mat_id should match ^EMOBON_UMF_Wa__um_$,/github/workspace/logsheets/filtered/water_sampling.csv,XSDString,False
source_mat_id error,ws,source_mat_id,353,EMOBON_UMF_Wa_353,,source_mat_id should match ^EMOBON_UMF_Wa__um_$,/github/workspace/logsheets/filtered/water_sampling.csv,XSDString,False
source_mat_id error,ws,source_mat_id,354,EMOBON_UMF_Wa_354,,source_mat_id should match ^EMOBON_UMF_Wa__um_$,/github/workspace/logsheets/filtered/water_sampling.csv,XSDString,False
source_mat_id error,ws,source_mat_id,355,EMOBON_UMF_Wa_355,,source_mat_id should match ^EMOBON_UMF_Wa__um_$,/github/workspace/logsheets/filtered/water_sampling.csv,XSDString,False
source_mat_id error,ws,source_mat_id,356,EMOBON_UMF_Wa_356,,source_mat_id should match ^EMOBON_UMF_Wa__um_$,/github/workspace/logsheets/filtered/water_sampling.csv,XSDString,False
source_mat_id error,ws,source_mat_id,357,EMOBON_UMF_Wa_357,,source_mat_id should match ^EMOBON_UMF_Wa__um_$,/github/workspace/logsheets/filtered/water_sampling.csv,XSDString,False
source_mat_id error,ws,source_mat_id,358,EMOBON_UMF_Wa_358,,source_mat_id should match ^EMOBON_UMF_Wa__um_$,/github/workspace/logsheets/filtered/water_sampling.csv,XSDString,False
source_mat_id error,ws,source_mat_id,359,EMOBON_UMF_Wa_359,,source_mat_id should match ^EMOBON_UMF_Wa__um_$,/github/workspace/logsheets/filtered/water_sampling.csv,XSDString,False
source_mat_id error,ws,source_mat_id,360,EMOBON_UMF_Wa_360,,source_mat_id should match ^EMOBON_UMF_Wa__um_$,/github/workspace/logsheets/filtered/water_sampling.csv,XSDString,False
source_mat_id error,ws,source_mat_id,361,EMOBON_UMF_Wa_361,,source_mat_id should match ^EMOBON_UMF_Wa__um_$,/github/workspace/logsheets/filtered/water_sampling.csv,XSDString,False
source_mat_id error,ws,source_mat_id,362,EMOBON_UMF_Wa_362,,source_mat_id should match ^EMOBON_UMF_Wa__um_$,/github/workspace/logsheets/filtered/water_sampling.csv,XSDString,False
source_mat_id error,ws,source_mat_id,363,EMOBON_UMF_Wa_363,,source_mat_id should match ^EMOBON_UMF_Wa__um_$,/github/workspace/logsheets/filtered/water_sampling.csv,XSDString,False
source_mat_id error,ws,source_mat_id,364,EMOBON_UMF_Wa_364,,source_mat_id should match ^EMOBON_UMF_Wa__um_$,/github/workspace/logsheets/filtered/water_sampling.csv,XSDString,False
source_mat_id error,ws,source_mat_id,365,EMOBON_UMF_Wa_365,,source_mat_id should match ^EMOBON_UMF_Wa__um_$,/github/workspace/logsheets/filtered/water_sampling.csv,XSDString,False
source_mat_id error,ws,source_mat_id,366,EMOBON_UMF_Wa_366,,source_mat_id should match ^EMOBON_UMF_Wa__um_$,/github/workspace/logsheets/filtered/water_sampling.csv,XSDString,False
source_mat_id error,ws,source_mat_id,367,EMOBON_UMF_Wa_367,,source_mat_id should match ^EMOBON_UMF_Wa__um_$,/github/workspace/logsheets/filtered/water_sampling.csv,XSDString,False
source_mat_id error,ws,source_mat_id,368,EMOBON_UMF_Wa_368,,source_mat_id should match ^EMOBON_UMF_Wa__um_$,/github/workspace/logsheets/filtered/water_sampling.csv,XSDString,False
source_mat_id error,ws,source_mat_id,369,EMOBON_UMF_Wa_369,,source_mat_id should match ^EMOBON_UMF_Wa__um_$,/github/workspace/logsheets/filtered/water_sampling.csv,XSDString,False
source_mat_id error,ws,source_mat_id,370,EMOBON_UMF_Wa_370,,source_mat_id should match ^EMOBON_UMF_Wa__um_$,/github/workspace/logsheets/filtered/water_sampling.csv,XSDString,False
source_mat_id error,ws,source_mat_id,371,EMOBON_UMF_Wa_371,,source_mat_id should match ^EMOBON_UMF_Wa__um_$,/github/workspace/logsheets/filtered/water_sampling.csv,XSDString,False
source_mat_id error,ws,source_mat_id,372,EMOBON_UMF_Wa_372,,source_mat_id should match ^EMOBON_UMF_Wa__um_$,/github/workspace/logsheets/filtered/water_sampling.csv,XSDString,False
source_mat_id error,ws,source_mat_id,373,EMOBON_UMF_Wa_373,,source_mat_id should match ^EMOBON_UMF_Wa__um_$,/github/workspace/logsheets/filtered/water_sampling.csv,XSDString,False
source_mat_id error,ws,source_mat_id,374,EMOBON_UMF_Wa_374,,source_mat_id should match ^EMOBON_UMF_Wa__um_$,/github/workspace/logsheets/filtered/water_sampling.csv,XSDString,False
source_mat_id error,ws,source_mat_id,375,EMOBON_UMF_Wa_375,,source_mat_id should match ^EMOBON_UMF_Wa__um_$,/github/workspace/logsheets/filtered/water_sampling.csv,XSDString,False
source_mat_id error,ws,source_mat_id,376,EMOBON_UMF_Wa_376,,source_mat_id should match ^EMOBON_UMF_Wa__um_$,/github/workspace/logsheets/filtered/water_sampling.csv,XSDString,False
source_mat_id error,ws,source_mat_id,377,EMOBON_UMF_Wa_377,,source_mat_id should match ^EMOBON_UMF_Wa__um_$,/github/workspace/logsheets/filtered/water_sampling.csv,XSDString,False
source_mat_id error,ws,source_mat_id,378,EMOBON_UMF_Wa_378,,source_mat_id should match ^EMOBON_UMF_Wa__um_$,/github/workspace/logsheets/filtered/water_sampling.csv,XSDString,False
source_mat_id error,ws,source_mat_id,379,EMOBON_UMF_Wa_379,,source_mat_id should match ^EMOBON_UMF_Wa__um_$,/github/workspace/logsheets/filtered/water_sampling.csv,XSDString,False
source_mat_id error,ws,source_mat_id,380,EMOBON_UMF_Wa_380,,source_mat_id should match ^EMOBON_UMF_Wa__um_$,/github/workspace/logsheets/filtered/water_sampling.csv,XSDString,False
source_mat_id error,ws,source_mat_id,381,EMOBON_UMF_Wa_381,,source_mat_id should match ^EMOBON_UMF_Wa__um_$,/github/workspace/logsheets/filtered/water_sampling.csv,XSDString,False
source_mat_id error,ws,source_mat_id,382,EMOBON_UMF_Wa_382,,source_mat_id should match ^EMOBON_UMF_Wa__um_$,/github/workspace/logsheets/filtered/water_sampling.csv,XSDString,False
source_mat_id error,ws,source_mat_id,383,EMOBON_UMF_Wa_383,,source_mat_id should match ^EMOBON_UMF_Wa__um_$,/github/workspace/logsheets/filtered/water_sampling.csv,XSDString,False
source_mat_id error,ws,source_mat_id,384,EMOBON_UMF_Wa_384,,source_mat_id should match ^EMOBON_UMF_Wa__um_$,/github/workspace/logsheets/filtered/water_sampling.csv,XSDString,False
source_mat_id error,ws,source_mat_id,385,EMOBON_UMF_Wa_385,,source_mat_id should match ^EMOBON_UMF_Wa__um_$,/github/workspace/logsheets/filtered/water_sampling.csv,XSDString,False
source_mat_id error,ws,source_mat_id,386,EMOBON_UMF_Wa_386,,source_mat_id should match ^EMOBON_UMF_Wa__um_$,/github/workspace/logsheets/filtered/water_sampling.csv,XSDString,False
source_mat_id error,ws,source_mat_id,387,EMOBON_UMF_Wa_387,,source_mat_id should match ^EMOBON_UMF_Wa__um_$,/github/workspace/logsheets/filtered/water_sampling.csv,XSDString,False
source_mat_id error,ws,source_mat_id,388,EMOBON_UMF_Wa_388,,source_mat_id should match ^EMOBON_UMF_Wa__um_$,/github/workspace/logsheets/filtered/water_sampling.csv,XSDString,False
source_mat_id error,ws,source_mat_id,389,EMOBON_UMF_Wa_389,,source_mat_id should match ^EMOBON_UMF_Wa__um_$,/github/workspace/logsheets/filtered/water_sampling.csv,XSDString,False
source_mat_id error,ws,source_mat_id,390,EMOBON_UMF_Wa_390,,source_mat_id should match ^EMOBON_UMF_Wa__um_$,/github/workspace/logsheets/filtered/water_sampling.csv,XSDString,False
source_mat_id error,ws,source_mat_id,391,EMOBON_UMF_Wa_391,,source_mat_id should match ^EMOBON_UMF_Wa__um_$,/github/workspace/logsheets/filtered/water_sampling.csv,XSDString,False
scientific name error,ss,scientific_name,1,Metazoa,,"scientific_name should be )

   ",/github/workspace/logsheets/filtered/sediment_sampling.csv,XSDString,False
scientific name error,ss,scientific_name,2,Metazoa,,"scientific_name should be )

   ",/github/workspace/logsheets/filtered/sediment_sampling.csv,XSDString,False
scientific name error,ss,scientific_name,3,Metazoa,,"scientific_name should be )

   ",/github/workspace/logsheets/filtered/sediment_sampling.csv,XSDString,False
scientific name error,ss,scientific_name,4,Metazoa,,"scientific_name should be )

   ",/github/workspace/logsheets/filtered/sediment_sampling.csv,XSDString,False
scientific name error,ss,scientific_name,5,marine sediment metagenome,,"scientific_name should be marine sediment metagenome)

   ",/github/workspace/logsheets/filtered/sediment_sampling.csv,XSDString,False
scientific name error,ss,scientific_name,6,marine sediment metagenome,,"scientific_name should be marine sediment metagenome)

   ",/github/workspace/logsheets/filtered/sediment_sampling.csv,XSDString,False
scientific name error,ss,scientific_name,7,marine sediment metagenome,,"scientific_name should be marine sediment metagenome)

   ",/github/workspace/logsheets/filtered/sediment_sampling.csv,XSDString,False
scientific name error,ss,scientific_name,8,marine sediment metagenome,,"scientific_name should be marine sediment metagenome)

   ",/github/workspace/logsheets/filtered/sediment_sampling.csv,XSDString,False
scientific name error,ss,scientific_name,9,metagenome,,"scientific_name should be metagenome)

   ",/github/workspace/logsheets/filtered/sediment_sampling.csv,XSDString,False
scientific name error,ss,scientific_name,10,Metazoa,,"scientific_name should be )

   ",/github/workspace/logsheets/filtered/sediment_sampling.csv,XSDString,False
scientific name error,ss,scientific_name,11,Metazoa,,"scientific_name should be )

   ",/github/workspace/logsheets/filtered/sediment_sampling.csv,XSDString,False
scientific name error,ss,scientific_name,12,Metazoa,,"scientific_name should be )

   ",/github/workspace/logsheets/filtered/sediment_sampling.csv,XSDString,False
scientific name error,ss,scientific_name,13,Metazoa,,"scientific_name should be )

   ",/github/workspace/logsheets/filtered/sediment_sampling.csv,XSDString,False
scientific name error,ss,scientific_name,14,marine sediment metagenome,,"scientific_name should be marine sediment metagenome)

   ",/github/workspace/logsheets/filtered/sediment_sampling.csv,XSDString,False
scientific name error,ss,scientific_name,15,marine sediment metagenome,,"scientific_name should be marine sediment metagenome)

   ",/github/workspace/logsheets/filtered/sediment_sampling.csv,XSDString,False
scientific name error,ss,scientific_name,16,marine sediment metagenome,,"scientific_name should be marine sediment metagenome)

   ",/github/workspace/logsheets/filtered/sediment_sampling.csv,XSDString,False
scientific name error,ss,scientific_name,17,marine sediment metagenome,,"scientific_name should be marine sediment metagenome)

   ",/github/workspace/logsheets/filtered/sediment_sampling.csv,XSDString,False
scientific name error,ss,scientific_name,18,metagenome,,"scientific_name should be metagenome)

   ",/github/workspace/logsheets/filtered/sediment_sampling.csv,XSDString,False
scientific name error,ws,scientific_name,1,marine plankton metagenome,,"scientific_name should be marine plankton metagenome)

   ",/github/workspace/logsheets/filtered/water_sampling.csv,XSDString,False
scientific name error,ws,scientific_name,2,marine plankton metagenome,,"scientific_name should be marine plankton metagenome)

   ",/github/workspace/logsheets/filtered/water_sampling.csv,XSDString,False
scientific name error,ws,scientific_name,3,marine plankton metagenome,,"scientific_name should be marine plankton metagenome)

   ",/github/workspace/logsheets/filtered/water_sampling.csv,XSDString,False
scientific name error,ws,scientific_name,4,marine plankton metagenome,,"scientific_name should be marine plankton metagenome)

   ",/github/workspace/logsheets/filtered/water_sampling.csv,XSDString,False
scientific name error,ws,scientific_name,5,marine plankton metagenome,,"scientific_name should be marine plankton metagenome)

   ",/github/workspace/logsheets/filtered/water_sampling.csv,XSDString,False
scientific name error,ws,scientific_name,6,marine plankton metagenome,,"scientific_name should be marine plankton metagenome)

   ",/github/workspace/logsheets/filtered/water_sampling.csv,XSDString,False
scientific name error,ws,scientific_name,7,marine plankton metagenome,,"scientific_name should be marine plankton metagenome)

   ",/github/workspace/logsheets/filtered/water_sampling.csv,XSDString,False
scientific name error,ws,scientific_name,8,marine plankton metagenome,,"scientific_name should be marine plankton metagenome)

   ",/github/workspace/logsheets/filtered/water_sampling.csv,XSDString,False
scientific name error,ws,scientific_name,9,metagenome,,"scientific_name should be metagenome)

   ",/github/workspace/logsheets/filtered/water_sampling.csv,XSDString,False
scientific name error,ws,scientific_name,10,metagenome,,"scientific_name should be metagenome)

   ",/github/workspace/logsheets/filtered/water_sampling.csv,XSDString,False
scientific name error,ws,scientific_name,11,marine plankton metagenome,,"scientific_name should be marine plankton metagenome)

   ",/github/workspace/logsheets/filtered/water_sampling.csv,XSDString,False
scientific name error,ws,scientific_name,12,marine plankton metagenome,,"scientific_name should be marine plankton metagenome)

   ",/github/workspace/logsheets/filtered/water_sampling.csv,XSDString,False
scientific name error,ws,scientific_name,13,marine plankton metagenome,,"scientific_name should be marine plankton metagenome)

   ",/github/workspace/logsheets/filtered/water_sampling.csv,XSDString,False
scientific name error,ws,scientific_name,14,marine plankton metagenome,,"scientific_name should be marine plankton metagenome)

   ",/github/workspace/logsheets/filtered/water_sampling.csv,XSDString,False
scientific name error,ws,scientific_name,15,metagenome,,"scientific_name should be metagenome)

   ",/github/workspace/logsheets/filtered/water_sampling.csv,XSDString,False
scientific name error,ws,scientific_name,16,marine plankton metagenome,,"scientific_name should be marine plankton metagenome)

   ",/github/workspace/logsheets/filtered/water_sampling.csv,XSDString,False
scientific name error,ws,scientific_name,17,marine plankton metagenome,,"scientific_name should be marine plankton metagenome)

   ",/github/workspace/logsheets/filtered/water_sampling.csv,XSDString,False
scientific name error,ws,scientific_name,18,marine plankton metagenome,,"scientific_name should be marine plankton metagenome)

   ",/github/workspace/logsheets/filtered/water_sampling.csv,XSDString,False
scientific name error,ws,scientific_name,19,marine plankton metagenome,,"scientific_name should be marine plankton metagenome)

   ",/github/workspace/logsheets/filtered/water_sampling.csv,XSDString,False
scientific name error,ws,scientific_name,20,marine plankton metagenome,,"scientific_name should be marine plankton metagenome)

   ",/github/workspace/logsheets/filtered/water_sampling.csv,XSDString,False
scientific name error,ws,scientific_name,21,marine plankton metagenome,,"scientific_name should be marine plankton metagenome)

   ",/github/workspace/logsheets/filtered/water_sampling.csv,XSDString,False
scientific name error,ws,scientific_name,22,marine plankton metagenome,,"scientific_name should be marine plankton metagenome)

   ",/github/workspace/logsheets/filtered/water_sampling.csv,XSDString,False
scientific name error,ws,scientific_name,23,marine plankton metagenome,,"scientific_name should be marine plankton metagenome)

   ",/github/workspace/logsheets/filtered/water_sampling.csv,XSDString,False
scientific name error,ws,scientific_name,24,marine plankton metagenome,,"scientific_name should be marine plankton metagenome)

   ",/github/workspace/logsheets/filtered/water_sampling.csv,XSDString,False
scientific name error,ws,scientific_name,25,marine plankton metagenome,,"scientific_name should be marine plankton metagenome)

   ",/github/workspace/logsheets/filtered/water_sampling.csv,XSDString,False
scientific name error,ws,scientific_name,26,marine plankton metagenome,,"scientific_name should be marine plankton metagenome)

   ",/github/workspace/logsheets/filtered/water_sampling.csv,XSDString,False
scientific name error,ws,scientific_name,27,marine plankton metagenome,,"scientific_name should be marine plankton metagenome)

   ",/github/workspace/logsheets/filtered/water_sampling.csv,XSDString,False
scientific name error,ws,scientific_name,28,metagenome,,"scientific_name should be metagenome)

   ",/github/workspace/logsheets/filtered/water_sampling.csv,XSDString,False
scientific name error,ws,scientific_name,29,metagenome,,"scientific_name should be metagenome)

   ",/github/workspace/logsheets/filtered/water_sampling.csv,XSDString,False
scientific name error,ws,scientific_name,30,marine plankton metagenome,,"scientific_name should be marine plankton metagenome)

   ",/github/workspace/logsheets/filtered/water_sampling.csv,XSDString,False
scientific name error,ws,scientific_name,31,marine plankton metagenome,,"scientific_name should be marine plankton metagenome)

   ",/github/workspace/logsheets/filtered/water_sampling.csv,XSDString,False
scientific name error,ws,scientific_name,32,marine plankton metagenome,,"scientific_name should be marine plankton metagenome)

   ",/github/workspace/logsheets/filtered/water_sampling.csv,XSDString,False
scientific name error,ws,scientific_name,33,marine plankton metagenome,,"scientific_name should be marine plankton metagenome)

   ",/github/workspace/logsheets/filtered/water_sampling.csv,XSDString,False
scientific name error,ws,scientific_name,34,metagenome,,"scientific_name should be metagenome)

   ",/github/workspace/logsheets/filtered/water_sampling.csv,XSDString,False
scientific name error,ws,scientific_name,35,marine plankton metagenome,,"scientific_name should be marine plankton metagenome)

   ",/github/workspace/logsheets/filtered/water_sampling.csv,XSDString,False
scientific name error,ws,scientific_name,36,marine plankton metagenome,,"scientific_name should be marine plankton metagenome)

   ",/github/workspace/logsheets/filtered/water_sampling.csv,XSDString,False
scientific name error,ws,scientific_name,37,marine plankton metagenome,,"scientific_name should be marine plankton metagenome)

   ",/github/workspace/logsheets/filtered/water_sampling.csv,XSDString,False
scientific name error,ws,scientific_name,38,marine plankton metagenome,,"scientific_name should be marine plankton metagenome)

   ",/github/workspace/logsheets/filtered/water_sampling.csv,XSDString,False
scientific name error,ws,scientific_name,39,marine plankton metagenome,,"scientific_name should be marine plankton metagenome)

   ",/github/workspace/logsheets/filtered/water_sampling.csv,XSDString,False
scientific name error,ws,scientific_name,40,marine plankton metagenome,,"scientific_name should be marine plankton metagenome)

   ",/github/workspace/logsheets/filtered/water_sampling.csv,XSDString,False
scientific name error,ws,scientific_name,41,marine plankton metagenome,,"scientific_name should be marine plankton metagenome)

   ",/github/workspace/logsheets/filtered/water_sampling.csv,XSDString,False
scientific name error,ws,scientific_name,42,marine plankton metagenome,,"scientific_name should be marine plankton metagenome)

   ",/github/workspace/logsheets/filtered/water_sampling.csv,XSDString,False
scientific name error,ws,scientific_name,43,metagenome,,"scientific_name should be metagenome)

   ",/github/workspace/logsheets/filtered/water_sampling.csv,XSDString,False
scientific name error,ws,scientific_name,44,metagenome,,"scientific_name should be metagenome)

   ",/github/workspace/logsheets/filtered/water_sampling.csv,XSDString,False
scientific name error,ws,scientific_name,45,marine plankton metagenome,,"scientific_name should be marine plankton metagenome)

   ",/github/workspace/logsheets/filtered/water_sampling.csv,XSDString,False
scientific name error,ws,scientific_name,46,marine plankton metagenome,,"scientific_name should be marine plankton metagenome)

   ",/github/workspace/logsheets/filtered/water_sampling.csv,XSDString,False
scientific name error,ws,scientific_name,47,marine plankton metagenome,,"scientific_name should be marine plankton metagenome)

   ",/github/workspace/logsheets/filtered/water_sampling.csv,XSDString,False
scientific name error,ws,scientific_name,48,marine plankton metagenome,,"scientific_name should be marine plankton metagenome)

   ",/github/workspace/logsheets/filtered/water_sampling.csv,XSDString,False
scientific name error,ws,scientific_name,49,metagenome,,"scientific_name should be metagenome)

   ",/github/workspace/logsheets/filtered/water_sampling.csv,XSDString,False
membership violation,ss,comm_samp,214,,,"comm_samp must be in ['micro', 'meio', 'macro', 'blank']",/github/workspace/logsheets/filtered/sediment_sampling.csv,XSDString,False
membership violation,ss,comm_samp,215,,,"comm_samp must be in ['micro', 'meio', 'macro', 'blank']",/github/workspace/logsheets/filtered/sediment_sampling.csv,XSDString,False
membership violation,ss,comm_samp,216,,,"comm_samp must be in ['micro', 'meio', 'macro', 'blank']",/github/workspace/logsheets/filtered/sediment_sampling.csv,XSDString,False
membership violation,ss,comm_samp,217,,,"comm_samp must be in ['micro', 'meio', 'macro', 'blank']",/github/workspace/logsheets/filtered/sediment_sampling.csv,XSDString,False
membership violation,ss,comm_samp,218,,,"comm_samp must be in ['micro', 'meio', 'macro', 'blank']",/github/workspace/logsheets/filtered/sediment_sampling.csv,XSDString,False
membership violation,ss,comm_samp,219,,,"comm_samp must be in ['micro', 'meio', 'macro', 'blank']",/github/workspace/logsheets/filtered/sediment_sampling.csv,XSDString,False
membership violation,ss,comm_samp,220,,,"comm_samp must be in ['micro', 'meio', 'macro', 'blank']",/github/workspace/logsheets/filtered/sediment_sampling.csv,XSDString,False
membership violation,ss,comm_samp,221,,,"comm_samp must be in ['micro', 'meio', 'macro', 'blank']",/github/workspace/logsheets/filtered/sediment_sampling.csv,XSDString,False
membership violation,ss,comm_samp,222,,,"comm_samp must be in ['micro', 'meio', 'macro', 'blank']",/github/workspace/logsheets/filtered/sediment_sampling.csv,XSDString,False
membership violation,ss,comm_samp,223,,,"comm_samp must be in ['micro', 'meio', 'macro', 'blank']",/github/workspace/logsheets/filtered/sediment_sampling.csv,XSDString,False
membership violation,ss,comm_samp,224,,,"comm_samp must be in ['micro', 'meio', 'macro', 'blank']",/github/workspace/logsheets/filtered/sediment_sampling.csv,XSDString,False
membership violation,ss,comm_samp,225,,,"comm_samp must be in ['micro', 'meio', 'macro', 'blank']",/github/workspace/logsheets/filtered/sediment_sampling.csv,XSDString,False
membership violation,ss,comm_samp,226,,,"comm_samp must be in ['micro', 'meio', 'macro', 'blank']",/github/workspace/logsheets/filtered/sediment_sampling.csv,XSDString,False
membership violation,ss,comm_samp,227,,,"comm_samp must be in ['micro', 'meio', 'macro', 'blank']",/github/workspace/logsheets/filtered/sediment_sampling.csv,XSDString,False
membership violation,ss,comm_samp,228,,,"comm_samp must be in ['micro', 'meio', 'macro', 'blank']",/github/workspace/logsheets/filtered/sediment_sampling.csv,XSDString,False
membership violation,ss,comm_samp,229,,,"comm_samp must be in ['micro', 'meio', 'macro', 'blank']",/github/workspace/logsheets/filtered/sediment_sampling.csv,XSDString,False
membership violation,ss,comm_samp,230,,,"comm_samp must be in ['micro', 'meio', 'macro', 'blank']",/github/workspace/logsheets/filtered/sediment_sampling.csv,XSDString,False
membership violation,ss,comm_samp,231,,,"comm_samp must be in ['micro', 'meio', 'macro', 'blank']",/github/workspace/logsheets/filtered/sediment_sampling.csv,XSDString,False
membership violation,ss,comm_samp,232,,,"comm_samp must be in ['micro', 'meio', 'macro', 'blank']",/github/workspace/logsheets/filtered/sediment_sampling.csv,XSDString,False
membership violation,ss,comm_samp,233,,,"comm_samp must be in ['micro', 'meio', 'macro', 'blank']",/github/workspace/logsheets/filtered/sediment_sampling.csv,XSDString,False
membership violation,ss,comm_samp,234,,,"comm_samp must be in ['micro', 'meio', 'macro', 'blank']",/github/workspace/logsheets/filtered/sediment_sampling.csv,XSDString,False
membership violation,ss,comm_samp,235,,,"comm_samp must be in ['micro', 'meio', 'macro', 'blank']",/github/workspace/logsheets/filtered/sediment_sampling.csv,XSDString,False
membership violation,ss,comm_samp,236,,,"comm_samp must be in ['micro', 'meio', 'macro', 'blank']",/github/workspace/logsheets/filtered/sediment_sampling.csv,XSDString,False
membership violation,ss,comm_samp,237,,,"comm_samp must be in ['micro', 'meio', 'macro', 'blank']",/github/workspace/logsheets/filtered/sediment_sampling.csv,XSDString,False
membership violation,ss,comm_samp,238,,,"comm_samp must be in ['micro', 'meio', 'macro', 'blank']",/github/workspace/logsheets/filtered/sediment_sampling.csv,XSDString,False
membership violation,ss,comm_samp,239,,,"comm_samp must be in ['micro', 'meio', 'macro', 'blank']",/github/workspace/logsheets/filtered/sediment_sampling.csv,XSDString,False
membership violation,ss,comm_samp,240,,,"comm_samp must be in ['micro', 'meio', 'macro', 'blank']",/github/workspace/logsheets/filtered/sediment_sampling.csv,XSDString,False
membership violation,ss,comm_samp,241,,,"comm_samp must be in ['micro', 'meio', 'macro', 'blank']",/github/workspace/logsheets/filtered/sediment_sampling.csv,XSDString,False
membership violation,ss,comm_samp,242,,,"comm_samp must be in ['micro', 'meio', 'macro', 'blank']",/github/workspace/logsheets/filtered/sediment_sampling.csv,XSDString,False
membership violation,ss,comm_samp,243,,,"comm_samp must be in ['micro', 'meio', 'macro', 'blank']",/github/workspace/logsheets/filtered/sediment_sampling.csv,XSDString,False
membership violation,ss,comm_samp,244,,,"comm_samp must be in ['micro', 'meio', 'macro', 'blank']",/github/workspace/logsheets/filtered/sediment_sampling.csv,XSDString,False
membership violation,ss,comm_samp,245,,,"comm_samp must be in ['micro', 'meio', 'macro', 'blank']",/github/workspace/logsheets/filtered/sediment_sampling.csv,XSDString,False
membership violation,ss,comm_samp,246,,,"comm_samp must be in ['micro', 'meio', 'macro', 'blank']",/github/workspace/logsheets/filtered/sediment_sampling.csv,XSDString,False
membership violation,ss,comm_samp,247,,,"comm_samp must be in ['micro', 'meio', 'macro', 'blank']",/github/workspace/logsheets/filtered/sediment_sampling.csv,XSDString,False
membership violation,ss,comm_samp,248,,,"comm_samp must be in ['micro', 'meio', 'macro', 'blank']",/github/workspace/logsheets/filtered/sediment_sampling.csv,XSDString,False
membership violation,ss,comm_samp,249,,,"comm_samp must be in ['micro', 'meio', 'macro', 'blank']",/github/workspace/logsheets/filtered/sediment_sampling.csv,XSDString,False
membership violation,ss,comm_samp,250,,,"comm_samp must be in ['micro', 'meio', 'macro', 'blank']",/github/workspace/logsheets/filtered/sediment_sampling.csv,XSDString,False
membership violation,ss,comm_samp,251,,,"comm_samp must be in ['micro', 'meio', 'macro', 'blank']",/github/workspace/logsheets/filtered/sediment_sampling.csv,XSDString,False
membership violation,ss,comm_samp,252,,,"comm_samp must be in ['micro', 'meio', 'macro', 'blank']",/github/workspace/logsheets/filtered/sediment_sampling.csv,XSDString,False
membership violation,ss,comm_samp,253,,,"comm_samp must be in ['micro', 'meio', 'macro', 'blank']",/github/workspace/logsheets/filtered/sediment_sampling.csv,XSDString,False
membership violation,ss,comm_samp,254,,,"comm_samp must be in ['micro', 'meio', 'macro', 'blank']",/github/workspace/logsheets/filtered/sediment_sampling.csv,XSDString,False
membership violation,ss,comm_samp,255,,,"comm_samp must be in ['micro', 'meio', 'macro', 'blank']",/github/workspace/logsheets/filtered/sediment_sampling.csv,XSDString,False
membership violation,ss,comm_samp,256,,,"comm_samp must be in ['micro', 'meio', 'macro', 'blank']",/github/workspace/logsheets/filtered/sediment_sampling.csv,XSDString,False
membership violation,ss,comm_samp,257,,,"comm_samp must be in ['micro', 'meio', 'macro', 'blank']",/github/workspace/logsheets/filtered/sediment_sampling.csv,XSDString,False
membership violation,ss,comm_samp,258,,,"comm_samp must be in ['micro', 'meio', 'macro', 'blank']",/github/workspace/logsheets/filtered/sediment_sampling.csv,XSDString,False
membership violation,ss,comm_samp,259,,,"comm_samp must be in ['micro', 'meio', 'macro', 'blank']",/github/workspace/logsheets/filtered/sediment_sampling.csv,XSDString,False
membership violation,ss,comm_samp,260,,,"comm_samp must be in ['micro', 'meio', 'macro', 'blank']",/github/workspace/logsheets/filtered/sediment_sampling.csv,XSDString,False
membership violation,ss,comm_samp,261,,,"comm_samp must be in ['micro', 'meio', 'macro', 'blank']",/github/workspace/logsheets/filtered/sediment_sampling.csv,XSDString,False
membership violation,ss,comm_samp,262,,,"comm_samp must be in ['micro', 'meio', 'macro', 'blank']",/github/workspace/logsheets/filtered/sediment_sampling.csv,XSDString,False
missing value,sm,ph,1,,,,/github/workspace/logsheets/filtered/sediment_measured.csv,XSDDouble,False
missing value,sm,ph,2,,,,/github/workspace/logsheets/filtered/sediment_measured.csv,XSDDouble,False
missing value,sm,ph,3,,,,/github/workspace/logsheets/filtered/sediment_measured.csv,XSDDouble,False
missing value,sm,ph,4,,,,/github/workspace/logsheets/filtered/sediment_measured.csv,XSDDouble,False
missing value,sm,ph,5,,,,/github/workspace/logsheets/filtered/sediment_measured.csv,XSDDouble,False
missing value,sm,ph,6,,,,/github/workspace/logsheets/filtered/sediment_measured.csv,XSDDouble,False
missing value,sm,ph,7,,,,/github/workspace/logsheets/filtered/sediment_measured.csv,XSDDouble,False
missing value,sm,ph,8,,,,/github/workspace/logsheets/filtered/sediment_measured.csv,XSDDouble,False
missing value,sm,ph,9,,,,/github/workspace/logsheets/filtered/sediment_measured.csv,XSDDouble,False
missing value,sm,ph,10,,,,/github/workspace/logsheets/filtered/sediment_measured.csv,XSDDouble,False
missing value,sm,ph,11,,,,/github/workspace/logsheets/filtered/sediment_measured.csv,XSDDouble,False
missing value,sm,ph,12,,,,/github/workspace/logsheets/filtered/sediment_measured.csv,XSDDouble,False
missing value,sm,ph,13,,,,/github/workspace/logsheets/filtered/sediment_measured.csv,XSDDouble,False
missing value,sm,ph,14,,,,/github/workspace/logsheets/filtered/sediment_measured.csv,XSDDouble,False
missing value,sm,ph,15,,,,/github/workspace/logsheets/filtered/sediment_measured.csv,XSDDouble,False
missing value,sm,ph,16,,,,/github/workspace/logsheets/filtered/sediment_measured.csv,XSDDouble,False
missing value,sm,ph,17,,,,/github/workspace/logsheets/filtered/sediment_measured.csv,XSDDouble,False
missing value,sm,ph,18,,,,/github/workspace/logsheets/filtered/sediment_measured.csv,XSDDouble,False
missing value,sm,ph_method,1,,,,/github/workspace/logsheets/filtered/sediment_measured.csv,XSDString,False
missing value,sm,ph_method,2,,,,/github/workspace/logsheets/filtered/sediment_measured.csv,XSDString,False
missing value,sm,ph_method,3,,,,/github/workspace/logsheets/filtered/sediment_measured.csv,XSDString,False
missing value,sm,ph_method,4,,,,/github/workspace/logsheets/filtered/sediment_measured.csv,XSDString,False
missing value,sm,ph_method,5,,,,/github/workspace/logsheets/filtered/sediment_measured.csv,XSDString,False
missing value,sm,ph_method,6,,,,/github/workspace/logsheets/filtered/sediment_measured.csv,XSDString,False
missing value,sm,ph_method,7,,,,/github/workspace/logsheets/filtered/sediment_measured.csv,XSDString,False
missing value,sm,ph_method,8,,,,/github/workspace/logsheets/filtered/sediment_measured.csv,XSDString,False
missing value,sm,ph_method,9,,,,/github/workspace/logsheets/filtered/sediment_measured.csv,XSDString,False
missing value,sm,ph_method,10,,,,/github/workspace/logsheets/filtered/sediment_measured.csv,XSDString,False
missing value,sm,ph_method,11,,,,/github/workspace/logsheets/filtered/sediment_measured.csv,XSDString,False
missing value,sm,ph_method,12,,,,/github/workspace/logsheets/filtered/sediment_measured.csv,XSDString,False
missing value,sm,ph_method,13,,,,/github/workspace/logsheets/filtered/sediment_measured.csv,XSDString,False
missing value,sm,ph_method,14,,,,/github/workspace/logsheets/filtered/sediment_measured.csv,XSDString,False
missing value,sm,ph_method,15,,,,/github/workspace/logsheets/filtered/sediment_measured.csv,XSDString,False
missing value,sm,ph_method,16,,,,/github/workspace/logsheets/filtered/sediment_measured.csv,XSDString,False
missing value,sm,ph_method,17,,,,/github/workspace/logsheets/filtered/sediment_measured.csv,XSDString,False
missing value,sm,ph_method,18,,,,/github/workspace/logsheets/filtered/sediment_measured.csv,XSDString,False
missing value,sm,redox_potential,1,,,,/github/workspace/logsheets/filtered/sediment_measured.csv,XSDDouble,False
missing value,sm,redox_potential,2,,,,/github/workspace/logsheets/filtered/sediment_measured.csv,XSDDouble,False
missing value,sm,redox_potential,3,,,,/github/workspace/logsheets/filtered/sediment_measured.csv,XSDDouble,False
missing value,sm,redox_potential,4,,,,/github/workspace/logsheets/filtered/sediment_measured.csv,XSDDouble,False
missing value,sm,redox_potential,5,,,,/github/workspace/logsheets/filtered/sediment_measured.csv,XSDDouble,False
missing value,sm,redox_potential,6,,,,/github/workspace/logsheets/filtered/sediment_measured.csv,XSDDouble,False
missing value,sm,redox_potential,7,,,,/github/workspace/logsheets/filtered/sediment_measured.csv,XSDDouble,False
missing value,sm,redox_potential,8,,,,/github/workspace/logsheets/filtered/sediment_measured.csv,XSDDouble,False
missing value,sm,redox_potential,9,,,,/github/workspace/logsheets/filtered/sediment_measured.csv,XSDDouble,False
missing value,sm,redox_potential,10,,,,/github/workspace/logsheets/filtered/sediment_measured.csv,XSDDouble,False
missing value,sm,redox_potential,11,,,,/github/workspace/logsheets/filtered/sediment_measured.csv,XSDDouble,False
missing value,sm,redox_potential,12,,,,/github/workspace/logsheets/filtered/sediment_measured.csv,XSDDouble,False
missing value,sm,redox_potential,13,,,,/github/workspace/logsheets/filtered/sediment_measured.csv,XSDDouble,False
missing value,sm,redox_potential,14,,,,/github/workspace/logsheets/filtered/sediment_measured.csv,XSDDouble,False
missing value,sm,redox_potential,15,,,,/github/workspace/logsheets/filtered/sediment_measured.csv,XSDDouble,False
missing value,sm,redox_potential,16,,,,/github/workspace/logsheets/filtered/sediment_measured.csv,XSDDouble,False
missing value,sm,redox_potential,17,,,,/github/workspace/logsheets/filtered/sediment_measured.csv,XSDDouble,False
missing value,sm,redox_potential,18,,,,/github/workspace/logsheets/filtered/sediment_measured.csv,XSDDouble,False
datatype mismatch,so,loc_broad_ocean_mrgid,1,2401,http://marineregions.org/mrgid/2401,,/github/workspace/logsheets/filtered/sediment_observatory.csv,XSDAnyURI,False
datatype mismatch,so,loc_loc_mrgid,1,19384,http://marineregions.org/mrgid/19384,,/github/workspace/logsheets/filtered/sediment_observatory.csv,XSDAnyURI,False
datatype mismatch,so,loc_regional_mrgid,1,2402,http://marineregions.org/mrgid/2402,,/github/workspace/logsheets/filtered/sediment_observatory.csv,XSDAnyURI,False
datatype mismatch,so,ENA_accession_number_project,1,PRJEB57914,https://identifiers.org/ena.embl:PRJEB57914,,/github/workspace/logsheets/filtered/sediment_observatory.csv,XSDAnyURI,False
datatype mismatch,so,ENA_accession_number_umbrella,1,PRJEB51688,https://identifiers.org/ena.embl:PRJEB51688,,/github/workspace/logsheets/filtered/sediment_observatory.csv,XSDAnyURI,False
missing value,ss,ENA_accession_number_sample,1,,,,/github/workspace/logsheets/filtered/sediment_sampling.csv,XSDAnyURI,False
missing value,ss,ENA_accession_number_sample,2,,,,/github/workspace/logsheets/filtered/sediment_sampling.csv,XSDAnyURI,False
missing value,ss,ENA_accession_number_sample,3,,,,/github/workspace/logsheets/filtered/sediment_sampling.csv,XSDAnyURI,False
missing value,ss,ENA_accession_number_sample,4,,,,/github/workspace/logsheets/filtered/sediment_sampling.csv,XSDAnyURI,False
missing value,ss,ENA_accession_number_sample,5,,,,/github/workspace/logsheets/filtered/sediment_sampling.csv,XSDAnyURI,False
missing value,ss,ENA_accession_number_sample,6,,,,/github/workspace/logsheets/filtered/sediment_sampling.csv,XSDAnyURI,False
missing value,ss,ENA_accession_number_sample,7,,,,/github/workspace/logsheets/filtered/sediment_sampling.csv,XSDAnyURI,False
missing value,ss,ENA_accession_number_sample,8,,,,/github/workspace/logsheets/filtered/sediment_sampling.csv,XSDAnyURI,False
missing value,ss,ENA_accession_number_sample,9,,,,/github/workspace/logsheets/filtered/sediment_sampling.csv,XSDAnyURI,False
missing value,ss,ENA_accession_number_sample,10,,,,/github/workspace/logsheets/filtered/sediment_sampling.csv,XSDAnyURI,False
missing value,ss,ENA_accession_number_sample,11,,,,/github/workspace/logsheets/filtered/sediment_sampling.csv,XSDAnyURI,False
missing value,ss,ENA_accession_number_sample,12,,,,/github/workspace/logsheets/filtered/sediment_sampling.csv,XSDAnyURI,False
missing value,ss,ENA_accession_number_sample,13,,,,/github/workspace/logsheets/filtered/sediment_sampling.csv,XSDAnyURI,False
missing value,ss,ENA_accession_number_sample,14,,,,/github/workspace/logsheets/filtered/sediment_sampling.csv,XSDAnyURI,False
missing value,ss,ENA_accession_number_sample,15,,,,/github/workspace/logsheets/filtered/sediment_sampling.csv,XSDAnyURI,False
missing value,ss,ENA_accession_number_sample,16,,,,/github/workspace/logsheets/filtered/sediment_sampling.csv,XSDAnyURI,False
missing value,ss,ENA_accession_number_sample,17,,,,/github/workspace/logsheets/filtered/sediment_sampling.csv,XSDAnyURI,False
missing value,ss,ENA_accession_number_sample,18,,,,/github/workspace/logsheets/filtered/sediment_sampling.csv,XSDAnyURI,False
missing value,ss,ENA_accession_number_sample,212,,,,/github/workspace/logsheets/filtered/sediment_sampling.csv,XSDAnyURI,False
missing value,ss,ENA_accession_number_sample,213,,,,/github/workspace/logsheets/filtered/sediment_sampling.csv,XSDAnyURI,False
missing value,ss,ENA_accession_number_sample,214,,,,/github/workspace/logsheets/filtered/sediment_sampling.csv,XSDAnyURI,False
missing value,ss,ENA_accession_number_sample,215,,,,/github/workspace/logsheets/filtered/sediment_sampling.csv,XSDAnyURI,False
missing value,ss,ENA_accession_number_sample,216,,,,/github/workspace/logsheets/filtered/sediment_sampling.csv,XSDAnyURI,False
missing value,ss,ENA_accession_number_sample,217,,,,/github/workspace/logsheets/filtered/sediment_sampling.csv,XSDAnyURI,False
missing value,ss,ENA_accession_number_sample,218,,,,/github/workspace/logsheets/filtered/sediment_sampling.csv,XSDAnyURI,False
missing value,ss,ENA_accession_number_sample,219,,,,/github/workspace/logsheets/filtered/sediment_sampling.csv,XSDAnyURI,False
missing value,ss,ENA_accession_number_sample,220,,,,/github/workspace/logsheets/filtered/sediment_sampling.csv,XSDAnyURI,False
missing value,ss,ENA_accession_number_sample,221,,,,/github/workspace/logsheets/filtered/sediment_sampling.csv,XSDAnyURI,False
missing value,ss,ENA_accession_number_sample,222,,,,/github/workspace/logsheets/filtered/sediment_sampling.csv,XSDAnyURI,False
missing value,ss,ENA_accession_number_sample,223,,,,/github/workspace/logsheets/filtered/sediment_sampling.csv,XSDAnyURI,False
missing value,ss,ENA_accession_number_sample,224,,,,/github/workspace/logsheets/filtered/sediment_sampling.csv,XSDAnyURI,False
missing value,ss,ENA_accession_number_sample,225,,,,/github/workspace/logsheets/filtered/sediment_sampling.csv,XSDAnyURI,False
missing value,ss,ENA_accession_number_sample,226,,,,/github/workspace/logsheets/filtered/sediment_sampling.csv,XSDAnyURI,False
missing value,ss,ENA_accession_number_sample,227,,,,/github/workspace/logsheets/filtered/sediment_sampling.csv,XSDAnyURI,False
missing value,ss,ENA_accession_number_sample,228,,,,/github/workspace/logsheets/filtered/sediment_sampling.csv,XSDAnyURI,False
missing value,ss,ENA_accession_number_sample,229,,,,/github/workspace/logsheets/filtered/sediment_sampling.csv,XSDAnyURI,False
missing value,ss,ENA_accession_number_sample,230,,,,/github/workspace/logsheets/filtered/sediment_sampling.csv,XSDAnyURI,False
missing value,ss,ENA_accession_number_sample,231,,,,/github/workspace/logsheets/filtered/sediment_sampling.csv,XSDAnyURI,False
missing value,ss,ENA_accession_number_sample,232,,,,/github/workspace/logsheets/filtered/sediment_sampling.csv,XSDAnyURI,False
missing value,ss,ENA_accession_number_sample,233,,,,/github/workspace/logsheets/filtered/sediment_sampling.csv,XSDAnyURI,False
missing value,ss,ENA_accession_number_sample,234,,,,/github/workspace/logsheets/filtered/sediment_sampling.csv,XSDAnyURI,False
missing value,ss,ENA_accession_number_sample,235,,,,/github/workspace/logsheets/filtered/sediment_sampling.csv,XSDAnyURI,False
missing value,ss,ENA_accession_number_sample,236,,,,/github/workspace/logsheets/filtered/sediment_sampling.csv,XSDAnyURI,False
missing value,ss,ENA_accession_number_sample,237,,,,/github/workspace/logsheets/filtered/sediment_sampling.csv,XSDAnyURI,False
missing value,ss,ENA_accession_number_sample,238,,,,/github/workspace/logsheets/filtered/sediment_sampling.csv,XSDAnyURI,False
missing value,ss,ENA_accession_number_sample,239,,,,/github/workspace/logsheets/filtered/sediment_sampling.csv,XSDAnyURI,False
missing value,ss,ENA_accession_number_sample,240,,,,/github/workspace/logsheets/filtered/sediment_sampling.csv,XSDAnyURI,False
missing value,ss,ENA_accession_number_sample,241,,,,/github/workspace/logsheets/filtered/sediment_sampling.csv,XSDAnyURI,False
missing value,ss,ENA_accession_number_sample,242,,,,/github/workspace/logsheets/filtered/sediment_sampling.csv,XSDAnyURI,False
missing value,ss,ENA_accession_number_sample,243,,,,/github/workspace/logsheets/filtered/sediment_sampling.csv,XSDAnyURI,False
missing value,ss,ENA_accession_number_sample,244,,,,/github/workspace/logsheets/filtered/sediment_sampling.csv,XSDAnyURI,False
missing value,ss,ENA_accession_number_sample,245,,,,/github/workspace/logsheets/filtered/sediment_sampling.csv,XSDAnyURI,False
missing value,ss,ENA_accession_number_sample,246,,,,/github/workspace/logsheets/filtered/sediment_sampling.csv,XSDAnyURI,False
missing value,ss,ENA_accession_number_sample,247,,,,/github/workspace/logsheets/filtered/sediment_sampling.csv,XSDAnyURI,False
missing value,ss,ENA_accession_number_sample,248,,,,/github/workspace/logsheets/filtered/sediment_sampling.csv,XSDAnyURI,False
missing value,ss,ENA_accession_number_sample,249,,,,/github/workspace/logsheets/filtered/sediment_sampling.csv,XSDAnyURI,False
missing value,ss,ENA_accession_number_sample,250,,,,/github/workspace/logsheets/filtered/sediment_sampling.csv,XSDAnyURI,False
missing value,ss,ENA_accession_number_sample,251,,,,/github/workspace/logsheets/filtered/sediment_sampling.csv,XSDAnyURI,False
missing value,ss,ENA_accession_number_sample,252,,,,/github/workspace/logsheets/filtered/sediment_sampling.csv,XSDAnyURI,False
missing value,ss,ENA_accession_number_sample,253,,,,/github/workspace/logsheets/filtered/sediment_sampling.csv,XSDAnyURI,False
missing value,ss,ENA_accession_number_sample,254,,,,/github/workspace/logsheets/filtered/sediment_sampling.csv,XSDAnyURI,False
missing value,ss,ENA_accession_number_sample,255,,,,/github/workspace/logsheets/filtered/sediment_sampling.csv,XSDAnyURI,False
missing value,ss,ENA_accession_number_sample,256,,,,/github/workspace/logsheets/filtered/sediment_sampling.csv,XSDAnyURI,False
missing value,ss,ENA_accession_number_sample,257,,,,/github/workspace/logsheets/filtered/sediment_sampling.csv,XSDAnyURI,False
missing value,ss,ENA_accession_number_sample,258,,,,/github/workspace/logsheets/filtered/sediment_sampling.csv,XSDAnyURI,False
missing value,ss,ENA_accession_number_sample,259,,,,/github/workspace/logsheets/filtered/sediment_sampling.csv,XSDAnyURI,False
missing value,ss,ENA_accession_number_sample,260,,,,/github/workspace/logsheets/filtered/sediment_sampling.csv,XSDAnyURI,False
missing value,ss,ENA_accession_number_sample,261,,,,/github/workspace/logsheets/filtered/sediment_sampling.csv,XSDAnyURI,False
missing value,ss,ENA_accession_number_sample,262,,,,/github/workspace/logsheets/filtered/sediment_sampling.csv,XSDAnyURI,False
datatype mismatch,ss,arr_date_hq,1,2023-09-13 00:00:00,2023-09-13,,/github/workspace/logsheets/filtered/sediment_sampling.csv,XSDDate,False
missing value,ss,arr_date_hq,2,,,,/github/workspace/logsheets/filtered/sediment_sampling.csv,XSDDate,False
missing value,ss,arr_date_hq,3,,,,/github/workspace/logsheets/filtered/sediment_sampling.csv,XSDDate,False
missing value,ss,arr_date_hq,4,,,,/github/workspace/logsheets/filtered/sediment_sampling.csv,XSDDate,False
datatype mismatch,ss,arr_date_hq,5,2023-06-14 00:00:00,2023-06-14,,/github/workspace/logsheets/filtered/sediment_sampling.csv,XSDDate,False
datatype mismatch,ss,arr_date_hq,6,2023-06-14 00:00:00,2023-06-14,,/github/workspace/logsheets/filtered/sediment_sampling.csv,XSDDate,False
missing value,ss,arr_date_hq,7,,,,/github/workspace/logsheets/filtered/sediment_sampling.csv,XSDDate,False
missing value,ss,arr_date_hq,8,,,,/github/workspace/logsheets/filtered/sediment_sampling.csv,XSDDate,False
missing value,ss,arr_date_hq,9,,,,/github/workspace/logsheets/filtered/sediment_sampling.csv,XSDDate,False
datatype mismatch,ss,arr_date_hq,10,2023-09-13 00:00:00,2023-09-13,,/github/workspace/logsheets/filtered/sediment_sampling.csv,XSDDate,False
datatype mismatch,ss,arr_date_hq,11,2023-09-13 00:00:00,2023-09-13,,/github/workspace/logsheets/filtered/sediment_sampling.csv,XSDDate,False
missing value,ss,arr_date_hq,12,,,,/github/workspace/logsheets/filtered/sediment_sampling.csv,XSDDate,False
missing value,ss,arr_date_hq,13,,,,/github/workspace/logsheets/filtered/sediment_sampling.csv,XSDDate,False
datatype mismatch,ss,arr_date_hq,14,2023-06-14 00:00:00,2023-06-14,,/github/workspace/logsheets/filtered/sediment_sampling.csv,XSDDate,False
datatype mismatch,ss,arr_date_hq,15,2023-06-14 00:00:00,2023-06-14,,/github/workspace/logsheets/filtered/sediment_sampling.csv,XSDDate,False
missing value,ss,arr_date_hq,16,,,,/github/workspace/logsheets/filtered/sediment_sampling.csv,XSDDate,False
missing value,ss,arr_date_hq,17,,,,/github/workspace/logsheets/filtered/sediment_sampling.csv,XSDDate,False
missing value,ss,arr_date_hq,18,,,,/github/workspace/logsheets/filtered/sediment_sampling.csv,XSDDate,False
missing value,ss,arr_date_hq,212,,,,/github/workspace/logsheets/filtered/sediment_sampling.csv,XSDDate,False
missing value,ss,arr_date_hq,213,,,,/github/workspace/logsheets/filtered/sediment_sampling.csv,XSDDate,False
missing value,ss,arr_date_hq,214,,,,/github/workspace/logsheets/filtered/sediment_sampling.csv,XSDDate,False
missing value,ss,arr_date_hq,215,,,,/github/workspace/logsheets/filtered/sediment_sampling.csv,XSDDate,False
missing value,ss,arr_date_hq,216,,,,/github/workspace/logsheets/filtered/sediment_sampling.csv,XSDDate,False
missing value,ss,arr_date_hq,217,,,,/github/workspace/logsheets/filtered/sediment_sampling.csv,XSDDate,False
missing value,ss,arr_date_hq,218,,,,/github/workspace/logsheets/filtered/sediment_sampling.csv,XSDDate,False
missing value,ss,arr_date_hq,219,,,,/github/workspace/logsheets/filtered/sediment_sampling.csv,XSDDate,False
missing value,ss,arr_date_hq,220,,,,/github/workspace/logsheets/filtered/sediment_sampling.csv,XSDDate,False
missing value,ss,arr_date_hq,221,,,,/github/workspace/logsheets/filtered/sediment_sampling.csv,XSDDate,False
missing value,ss,arr_date_hq,222,,,,/github/workspace/logsheets/filtered/sediment_sampling.csv,XSDDate,False
missing value,ss,arr_date_hq,223,,,,/github/workspace/logsheets/filtered/sediment_sampling.csv,XSDDate,False
missing value,ss,arr_date_hq,224,,,,/github/workspace/logsheets/filtered/sediment_sampling.csv,XSDDate,False
missing value,ss,arr_date_hq,225,,,,/github/workspace/logsheets/filtered/sediment_sampling.csv,XSDDate,False
missing value,ss,arr_date_hq,226,,,,/github/workspace/logsheets/filtered/sediment_sampling.csv,XSDDate,False
missing value,ss,arr_date_hq,227,,,,/github/workspace/logsheets/filtered/sediment_sampling.csv,XSDDate,False
missing value,ss,arr_date_hq,228,,,,/github/workspace/logsheets/filtered/sediment_sampling.csv,XSDDate,False
missing value,ss,arr_date_hq,229,,,,/github/workspace/logsheets/filtered/sediment_sampling.csv,XSDDate,False
missing value,ss,arr_date_hq,230,,,,/github/workspace/logsheets/filtered/sediment_sampling.csv,XSDDate,False
missing value,ss,arr_date_hq,231,,,,/github/workspace/logsheets/filtered/sediment_sampling.csv,XSDDate,False
missing value,ss,arr_date_hq,232,,,,/github/workspace/logsheets/filtered/sediment_sampling.csv,XSDDate,False
missing value,ss,arr_date_hq,233,,,,/github/workspace/logsheets/filtered/sediment_sampling.csv,XSDDate,False
missing value,ss,arr_date_hq,234,,,,/github/workspace/logsheets/filtered/sediment_sampling.csv,XSDDate,False
missing value,ss,arr_date_hq,235,,,,/github/workspace/logsheets/filtered/sediment_sampling.csv,XSDDate,False
missing value,ss,arr_date_hq,236,,,,/github/workspace/logsheets/filtered/sediment_sampling.csv,XSDDate,False
missing value,ss,arr_date_hq,237,,,,/github/workspace/logsheets/filtered/sediment_sampling.csv,XSDDate,False
missing value,ss,arr_date_hq,238,,,,/github/workspace/logsheets/filtered/sediment_sampling.csv,XSDDate,False
missing value,ss,arr_date_hq,239,,,,/github/workspace/logsheets/filtered/sediment_sampling.csv,XSDDate,False
missing value,ss,arr_date_hq,240,,,,/github/workspace/logsheets/filtered/sediment_sampling.csv,XSDDate,False
missing value,ss,arr_date_hq,241,,,,/github/workspace/logsheets/filtered/sediment_sampling.csv,XSDDate,False
missing value,ss,arr_date_hq,242,,,,/github/workspace/logsheets/filtered/sediment_sampling.csv,XSDDate,False
missing value,ss,arr_date_hq,243,,,,/github/workspace/logsheets/filtered/sediment_sampling.csv,XSDDate,False
missing value,ss,arr_date_hq,244,,,,/github/workspace/logsheets/filtered/sediment_sampling.csv,XSDDate,False
missing value,ss,arr_date_hq,245,,,,/github/workspace/logsheets/filtered/sediment_sampling.csv,XSDDate,False
missing value,ss,arr_date_hq,246,,,,/github/workspace/logsheets/filtered/sediment_sampling.csv,XSDDate,False
missing value,ss,arr_date_hq,247,,,,/github/workspace/logsheets/filtered/sediment_sampling.csv,XSDDate,False
missing value,ss,arr_date_hq,248,,,,/github/workspace/logsheets/filtered/sediment_sampling.csv,XSDDate,False
missing value,ss,arr_date_hq,249,,,,/github/workspace/logsheets/filtered/sediment_sampling.csv,XSDDate,False
missing value,ss,arr_date_hq,250,,,,/github/workspace/logsheets/filtered/sediment_sampling.csv,XSDDate,False
missing value,ss,arr_date_hq,251,,,,/github/workspace/logsheets/filtered/sediment_sampling.csv,XSDDate,False
missing value,ss,arr_date_hq,252,,,,/github/workspace/logsheets/filtered/sediment_sampling.csv,XSDDate,False
missing value,ss,arr_date_hq,253,,,,/github/workspace/logsheets/filtered/sediment_sampling.csv,XSDDate,False
missing value,ss,arr_date_hq,254,,,,/github/workspace/logsheets/filtered/sediment_sampling.csv,XSDDate,False
missing value,ss,arr_date_hq,255,,,,/github/workspace/logsheets/filtered/sediment_sampling.csv,XSDDate,False
missing value,ss,arr_date_hq,256,,,,/github/workspace/logsheets/filtered/sediment_sampling.csv,XSDDate,False
missing value,ss,arr_date_hq,257,,,,/github/workspace/logsheets/filtered/sediment_sampling.csv,XSDDate,False
missing value,ss,arr_date_hq,258,,,,/github/workspace/logsheets/filtered/sediment_sampling.csv,XSDDate,False
missing value,ss,arr_date_hq,259,,,,/github/workspace/logsheets/filtered/sediment_sampling.csv,XSDDate,False
missing value,ss,arr_date_hq,260,,,,/github/workspace/logsheets/filtered/sediment_sampling.csv,XSDDate,False
missing value,ss,arr_date_hq,261,,,,/github/workspace/logsheets/filtered/sediment_sampling.csv,XSDDate,False
missing value,ss,arr_date_hq,262,,,,/github/workspace/logsheets/filtered/sediment_sampling.csv,XSDDate,False
datatype mismatch,ss,arr_date_seq,1,2024-04-18 00:00:00,2024-04-18,,/github/workspace/logsheets/filtered/sediment_sampling.csv,XSDDate,False
missing value,ss,arr_date_seq,2,,,,/github/workspace/logsheets/filtered/sediment_sampling.csv,XSDDate,False
missing value,ss,arr_date_seq,3,,,,/github/workspace/logsheets/filtered/sediment_sampling.csv,XSDDate,False
missing value,ss,arr_date_seq,4,,,,/github/workspace/logsheets/filtered/sediment_sampling.csv,XSDDate,False
datatype mismatch,ss,arr_date_seq,5,2024-04-18 00:00:00,2024-04-18,,/github/workspace/logsheets/filtered/sediment_sampling.csv,XSDDate,False
datatype mismatch,ss,arr_date_seq,6,2024-04-18 00:00:00,2024-04-18,,/github/workspace/logsheets/filtered/sediment_sampling.csv,XSDDate,False
missing value,ss,arr_date_seq,7,,,,/github/workspace/logsheets/filtered/sediment_sampling.csv,XSDDate,False
missing value,ss,arr_date_seq,8,,,,/github/workspace/logsheets/filtered/sediment_sampling.csv,XSDDate,False
missing value,ss,arr_date_seq,9,,,,/github/workspace/logsheets/filtered/sediment_sampling.csv,XSDDate,False
datatype mismatch,ss,arr_date_seq,10,2024-04-18 00:00:00,2024-04-18,,/github/workspace/logsheets/filtered/sediment_sampling.csv,XSDDate,False
datatype mismatch,ss,arr_date_seq,11,2024-04-18 00:00:00,2024-04-18,,/github/workspace/logsheets/filtered/sediment_sampling.csv,XSDDate,False
missing value,ss,arr_date_seq,12,,,,/github/workspace/logsheets/filtered/sediment_sampling.csv,XSDDate,False
missing value,ss,arr_date_seq,13,,,,/github/workspace/logsheets/filtered/sediment_sampling.csv,XSDDate,False
datatype mismatch,ss,arr_date_seq,14,2024-04-18 00:00:00,2024-04-18,,/github/workspace/logsheets/filtered/sediment_sampling.csv,XSDDate,False
datatype mismatch,ss,arr_date_seq,15,2024-04-18 00:00:00,2024-04-18,,/github/workspace/logsheets/filtered/sediment_sampling.csv,XSDDate,False
missing value,ss,arr_date_seq,16,,,,/github/workspace/logsheets/filtered/sediment_sampling.csv,XSDDate,False
missing value,ss,arr_date_seq,17,,,,/github/workspace/logsheets/filtered/sediment_sampling.csv,XSDDate,False
missing value,ss,arr_date_seq,18,,,,/github/workspace/logsheets/filtered/sediment_sampling.csv,XSDDate,False
missing value,ss,arr_date_seq,212,,,,/github/workspace/logsheets/filtered/sediment_sampling.csv,XSDDate,False
missing value,ss,arr_date_seq,213,,,,/github/workspace/logsheets/filtered/sediment_sampling.csv,XSDDate,False
missing value,ss,arr_date_seq,214,,,,/github/workspace/logsheets/filtered/sediment_sampling.csv,XSDDate,False
missing value,ss,arr_date_seq,215,,,,/github/workspace/logsheets/filtered/sediment_sampling.csv,XSDDate,False
missing value,ss,arr_date_seq,216,,,,/github/workspace/logsheets/filtered/sediment_sampling.csv,XSDDate,False
missing value,ss,arr_date_seq,217,,,,/github/workspace/logsheets/filtered/sediment_sampling.csv,XSDDate,False
missing value,ss,arr_date_seq,218,,,,/github/workspace/logsheets/filtered/sediment_sampling.csv,XSDDate,False
missing value,ss,arr_date_seq,219,,,,/github/workspace/logsheets/filtered/sediment_sampling.csv,XSDDate,False
missing value,ss,arr_date_seq,220,,,,/github/workspace/logsheets/filtered/sediment_sampling.csv,XSDDate,False
missing value,ss,arr_date_seq,221,,,,/github/workspace/logsheets/filtered/sediment_sampling.csv,XSDDate,False
missing value,ss,arr_date_seq,222,,,,/github/workspace/logsheets/filtered/sediment_sampling.csv,XSDDate,False
missing value,ss,arr_date_seq,223,,,,/github/workspace/logsheets/filtered/sediment_sampling.csv,XSDDate,False
missing value,ss,arr_date_seq,224,,,,/github/workspace/logsheets/filtered/sediment_sampling.csv,XSDDate,False
missing value,ss,arr_date_seq,225,,,,/github/workspace/logsheets/filtered/sediment_sampling.csv,XSDDate,False
missing value,ss,arr_date_seq,226,,,,/github/workspace/logsheets/filtered/sediment_sampling.csv,XSDDate,False
missing value,ss,arr_date_seq,227,,,,/github/workspace/logsheets/filtered/sediment_sampling.csv,XSDDate,False
missing value,ss,arr_date_seq,228,,,,/github/workspace/logsheets/filtered/sediment_sampling.csv,XSDDate,False
missing value,ss,arr_date_seq,229,,,,/github/workspace/logsheets/filtered/sediment_sampling.csv,XSDDate,False
missing value,ss,arr_date_seq,230,,,,/github/workspace/logsheets/filtered/sediment_sampling.csv,XSDDate,False
missing value,ss,arr_date_seq,231,,,,/github/workspace/logsheets/filtered/sediment_sampling.csv,XSDDate,False
missing value,ss,arr_date_seq,232,,,,/github/workspace/logsheets/filtered/sediment_sampling.csv,XSDDate,False
missing value,ss,arr_date_seq,233,,,,/github/workspace/logsheets/filtered/sediment_sampling.csv,XSDDate,False
missing value,ss,arr_date_seq,234,,,,/github/workspace/logsheets/filtered/sediment_sampling.csv,XSDDate,False
missing value,ss,arr_date_seq,235,,,,/github/workspace/logsheets/filtered/sediment_sampling.csv,XSDDate,False
missing value,ss,arr_date_seq,236,,,,/github/workspace/logsheets/filtered/sediment_sampling.csv,XSDDate,False
missing value,ss,arr_date_seq,237,,,,/github/workspace/logsheets/filtered/sediment_sampling.csv,XSDDate,False
missing value,ss,arr_date_seq,238,,,,/github/workspace/logsheets/filtered/sediment_sampling.csv,XSDDate,False
missing value,ss,arr_date_seq,239,,,,/github/workspace/logsheets/filtered/sediment_sampling.csv,XSDDate,False
missing value,ss,arr_date_seq,240,,,,/github/workspace/logsheets/filtered/sediment_sampling.csv,XSDDate,False
missing value,ss,arr_date_seq,241,,,,/github/workspace/logsheets/filtered/sediment_sampling.csv,XSDDate,False
missing value,ss,arr_date_seq,242,,,,/github/workspace/logsheets/filtered/sediment_sampling.csv,XSDDate,False
missing value,ss,arr_date_seq,243,,,,/github/workspace/logsheets/filtered/sediment_sampling.csv,XSDDate,False
missing value,ss,arr_date_seq,244,,,,/github/workspace/logsheets/filtered/sediment_sampling.csv,XSDDate,False
missing value,ss,arr_date_seq,245,,,,/github/workspace/logsheets/filtered/sediment_sampling.csv,XSDDate,False
missing value,ss,arr_date_seq,246,,,,/github/workspace/logsheets/filtered/sediment_sampling.csv,XSDDate,False
missing value,ss,arr_date_seq,247,,,,/github/workspace/logsheets/filtered/sediment_sampling.csv,XSDDate,False
missing value,ss,arr_date_seq,248,,,,/github/workspace/logsheets/filtered/sediment_sampling.csv,XSDDate,False
missing value,ss,arr_date_seq,249,,,,/github/workspace/logsheets/filtered/sediment_sampling.csv,XSDDate,False
missing value,ss,arr_date_seq,250,,,,/github/workspace/logsheets/filtered/sediment_sampling.csv,XSDDate,False
missing value,ss,arr_date_seq,251,,,,/github/workspace/logsheets/filtered/sediment_sampling.csv,XSDDate,False
missing value,ss,arr_date_seq,252,,,,/github/workspace/logsheets/filtered/sediment_sampling.csv,XSDDate,False
missing value,ss,arr_date_seq,253,,,,/github/workspace/logsheets/filtered/sediment_sampling.csv,XSDDate,False
missing value,ss,arr_date_seq,254,,,,/github/workspace/logsheets/filtered/sediment_sampling.csv,XSDDate,False
missing value,ss,arr_date_seq,255,,,,/github/workspace/logsheets/filtered/sediment_sampling.csv,XSDDate,False
missing value,ss,arr_date_seq,256,,,,/github/workspace/logsheets/filtered/sediment_sampling.csv,XSDDate,False
missing value,ss,arr_date_seq,257,,,,/github/workspace/logsheets/filtered/sediment_sampling.csv,XSDDate,False
missing value,ss,arr_date_seq,258,,,,/github/workspace/logsheets/filtered/sediment_sampling.csv,XSDDate,False
missing value,ss,arr_date_seq,259,,,,/github/workspace/logsheets/filtered/sediment_sampling.csv,XSDDate,False
missing value,ss,arr_date_seq,260,,,,/github/workspace/logsheets/filtered/sediment_sampling.csv,XSDDate,False
missing value,ss,arr_date_seq,261,,,,/github/workspace/logsheets/filtered/sediment_sampling.csv,XSDDate,False
missing value,ss,arr_date_seq,262,,,,/github/workspace/logsheets/filtered/sediment_sampling.csv,XSDDate,False
datatype mismatch,ss,collection_date,1,2022-10-26 00:00:00,2022-10-26,,/github/workspace/logsheets/filtered/sediment_sampling.csv,XSDDate,False
datatype mismatch,ss,collection_date,2,2022-10-26 00:00:00,2022-10-26,,/github/workspace/logsheets/filtered/sediment_sampling.csv,XSDDate,False
datatype mismatch,ss,collection_date,3,2022-10-26 00:00:00,2022-10-26,,/github/workspace/logsheets/filtered/sediment_sampling.csv,XSDDate,False
datatype mismatch,ss,collection_date,4,2022-10-26 00:00:00,2022-10-26,,/github/workspace/logsheets/filtered/sediment_sampling.csv,XSDDate,False
datatype mismatch,ss,collection_date,5,2022-10-26 00:00:00,2022-10-26,,/github/workspace/logsheets/filtered/sediment_sampling.csv,XSDDate,False
datatype mismatch,ss,collection_date,6,2022-10-26 00:00:00,2022-10-26,,/github/workspace/logsheets/filtered/sediment_sampling.csv,XSDDate,False
datatype mismatch,ss,collection_date,7,2022-10-26 00:00:00,2022-10-26,,/github/workspace/logsheets/filtered/sediment_sampling.csv,XSDDate,False
datatype mismatch,ss,collection_date,8,2022-10-26 00:00:00,2022-10-26,,/github/workspace/logsheets/filtered/sediment_sampling.csv,XSDDate,False
datatype mismatch,ss,collection_date,9,2022-10-26 00:00:00,2022-10-26,,/github/workspace/logsheets/filtered/sediment_sampling.csv,XSDDate,False
datatype mismatch,ss,collection_date,10,2022-10-26 00:00:00,2022-10-26,,/github/workspace/logsheets/filtered/sediment_sampling.csv,XSDDate,False
datatype mismatch,ss,collection_date,11,2022-10-26 00:00:00,2022-10-26,,/github/workspace/logsheets/filtered/sediment_sampling.csv,XSDDate,False
datatype mismatch,ss,collection_date,12,2022-10-26 00:00:00,2022-10-26,,/github/workspace/logsheets/filtered/sediment_sampling.csv,XSDDate,False
datatype mismatch,ss,collection_date,13,2022-10-26 00:00:00,2022-10-26,,/github/workspace/logsheets/filtered/sediment_sampling.csv,XSDDate,False
datatype mismatch,ss,collection_date,14,2022-12-01 00:00:00,2022-12-01,,/github/workspace/logsheets/filtered/sediment_sampling.csv,XSDDate,False
datatype mismatch,ss,collection_date,15,2022-12-01 00:00:00,2022-12-01,,/github/workspace/logsheets/filtered/sediment_sampling.csv,XSDDate,False
datatype mismatch,ss,collection_date,16,2022-12-01 00:00:00,2022-12-01,,/github/workspace/logsheets/filtered/sediment_sampling.csv,XSDDate,False
datatype mismatch,ss,collection_date,17,2022-12-01 00:00:00,2022-12-01,,/github/workspace/logsheets/filtered/sediment_sampling.csv,XSDDate,False
datatype mismatch,ss,collection_date,18,2022-12-01 00:00:00,2022-12-01,,/github/workspace/logsheets/filtered/sediment_sampling.csv,XSDDate,False
missing value,ss,collection_date,212,,,,/github/workspace/logsheets/filtered/sediment_sampling.csv,XSDDate,False
missing value,ss,collection_date,213,,,,/github/workspace/logsheets/filtered/sediment_sampling.csv,XSDDate,False
missing value,ss,collection_date,214,,,,/github/workspace/logsheets/filtered/sediment_sampling.csv,XSDDate,False
missing value,ss,collection_date,215,,,,/github/workspace/logsheets/filtered/sediment_sampling.csv,XSDDate,False
missing value,ss,collection_date,216,,,,/github/workspace/logsheets/filtered/sediment_sampling.csv,XSDDate,False
missing value,ss,collection_date,217,,,,/github/workspace/logsheets/filtered/sediment_sampling.csv,XSDDate,False
missing value,ss,collection_date,218,,,,/github/workspace/logsheets/filtered/sediment_sampling.csv,XSDDate,False
missing value,ss,collection_date,219,,,,/github/workspace/logsheets/filtered/sediment_sampling.csv,XSDDate,False
missing value,ss,collection_date,220,,,,/github/workspace/logsheets/filtered/sediment_sampling.csv,XSDDate,False
missing value,ss,collection_date,221,,,,/github/workspace/logsheets/filtered/sediment_sampling.csv,XSDDate,False
missing value,ss,collection_date,222,,,,/github/workspace/logsheets/filtered/sediment_sampling.csv,XSDDate,False
missing value,ss,collection_date,223,,,,/github/workspace/logsheets/filtered/sediment_sampling.csv,XSDDate,False
missing value,ss,collection_date,224,,,,/github/workspace/logsheets/filtered/sediment_sampling.csv,XSDDate,False
missing value,ss,collection_date,225,,,,/github/workspace/logsheets/filtered/sediment_sampling.csv,XSDDate,False
missing value,ss,collection_date,226,,,,/github/workspace/logsheets/filtered/sediment_sampling.csv,XSDDate,False
missing value,ss,collection_date,227,,,,/github/workspace/logsheets/filtered/sediment_sampling.csv,XSDDate,False
missing value,ss,collection_date,228,,,,/github/workspace/logsheets/filtered/sediment_sampling.csv,XSDDate,False
missing value,ss,collection_date,229,,,,/github/workspace/logsheets/filtered/sediment_sampling.csv,XSDDate,False
missing value,ss,collection_date,230,,,,/github/workspace/logsheets/filtered/sediment_sampling.csv,XSDDate,False
missing value,ss,collection_date,231,,,,/github/workspace/logsheets/filtered/sediment_sampling.csv,XSDDate,False
missing value,ss,collection_date,232,,,,/github/workspace/logsheets/filtered/sediment_sampling.csv,XSDDate,False
missing value,ss,collection_date,233,,,,/github/workspace/logsheets/filtered/sediment_sampling.csv,XSDDate,False
missing value,ss,collection_date,234,,,,/github/workspace/logsheets/filtered/sediment_sampling.csv,XSDDate,False
missing value,ss,collection_date,235,,,,/github/workspace/logsheets/filtered/sediment_sampling.csv,XSDDate,False
missing value,ss,collection_date,236,,,,/github/workspace/logsheets/filtered/sediment_sampling.csv,XSDDate,False
missing value,ss,collection_date,237,,,,/github/workspace/logsheets/filtered/sediment_sampling.csv,XSDDate,False
missing value,ss,collection_date,238,,,,/github/workspace/logsheets/filtered/sediment_sampling.csv,XSDDate,False
missing value,ss,collection_date,239,,,,/github/workspace/logsheets/filtered/sediment_sampling.csv,XSDDate,False
missing value,ss,collection_date,240,,,,/github/workspace/logsheets/filtered/sediment_sampling.csv,XSDDate,False
missing value,ss,collection_date,241,,,,/github/workspace/logsheets/filtered/sediment_sampling.csv,XSDDate,False
missing value,ss,collection_date,242,,,,/github/workspace/logsheets/filtered/sediment_sampling.csv,XSDDate,False
missing value,ss,collection_date,243,,,,/github/workspace/logsheets/filtered/sediment_sampling.csv,XSDDate,False
missing value,ss,collection_date,244,,,,/github/workspace/logsheets/filtered/sediment_sampling.csv,XSDDate,False
missing value,ss,collection_date,245,,,,/github/workspace/logsheets/filtered/sediment_sampling.csv,XSDDate,False
missing value,ss,collection_date,246,,,,/github/workspace/logsheets/filtered/sediment_sampling.csv,XSDDate,False
missing value,ss,collection_date,247,,,,/github/workspace/logsheets/filtered/sediment_sampling.csv,XSDDate,False
missing value,ss,collection_date,248,,,,/github/workspace/logsheets/filtered/sediment_sampling.csv,XSDDate,False
missing value,ss,collection_date,249,,,,/github/workspace/logsheets/filtered/sediment_sampling.csv,XSDDate,False
missing value,ss,collection_date,250,,,,/github/workspace/logsheets/filtered/sediment_sampling.csv,XSDDate,False
missing value,ss,collection_date,251,,,,/github/workspace/logsheets/filtered/sediment_sampling.csv,XSDDate,False
missing value,ss,collection_date,252,,,,/github/workspace/logsheets/filtered/sediment_sampling.csv,XSDDate,False
missing value,ss,collection_date,253,,,,/github/workspace/logsheets/filtered/sediment_sampling.csv,XSDDate,False
missing value,ss,collection_date,254,,,,/github/workspace/logsheets/filtered/sediment_sampling.csv,XSDDate,False
missing value,ss,collection_date,255,,,,/github/workspace/logsheets/filtered/sediment_sampling.csv,XSDDate,False
missing value,ss,collection_date,256,,,,/github/workspace/logsheets/filtered/sediment_sampling.csv,XSDDate,False
missing value,ss,collection_date,257,,,,/github/workspace/logsheets/filtered/sediment_sampling.csv,XSDDate,False
missing value,ss,collection_date,258,,,,/github/workspace/logsheets/filtered/sediment_sampling.csv,XSDDate,False
missing value,ss,collection_date,259,,,,/github/workspace/logsheets/filtered/sediment_sampling.csv,XSDDate,False
missing value,ss,collection_date,260,,,,/github/workspace/logsheets/filtered/sediment_sampling.csv,XSDDate,False
missing value,ss,collection_date,261,,,,/github/workspace/logsheets/filtered/sediment_sampling.csv,XSDDate,False
missing value,ss,collection_date,262,,,,/github/workspace/logsheets/filtered/sediment_sampling.csv,XSDDate,False
missing value,ss,depth,212,,,,/github/workspace/logsheets/filtered/sediment_sampling.csv,XSDString,False
missing value,ss,depth,213,,,,/github/workspace/logsheets/filtered/sediment_sampling.csv,XSDString,False
missing value,ss,depth,214,,,,/github/workspace/logsheets/filtered/sediment_sampling.csv,XSDString,False
missing value,ss,depth,215,,,,/github/workspace/logsheets/filtered/sediment_sampling.csv,XSDString,False
missing value,ss,depth,216,,,,/github/workspace/logsheets/filtered/sediment_sampling.csv,XSDString,False
missing value,ss,depth,217,,,,/github/workspace/logsheets/filtered/sediment_sampling.csv,XSDString,False
missing value,ss,depth,218,,,,/github/workspace/logsheets/filtered/sediment_sampling.csv,XSDString,False
missing value,ss,depth,219,,,,/github/workspace/logsheets/filtered/sediment_sampling.csv,XSDString,False
missing value,ss,depth,220,,,,/github/workspace/logsheets/filtered/sediment_sampling.csv,XSDString,False
missing value,ss,depth,221,,,,/github/workspace/logsheets/filtered/sediment_sampling.csv,XSDString,False
missing value,ss,depth,222,,,,/github/workspace/logsheets/filtered/sediment_sampling.csv,XSDString,False
missing value,ss,depth,223,,,,/github/workspace/logsheets/filtered/sediment_sampling.csv,XSDString,False
missing value,ss,depth,224,,,,/github/workspace/logsheets/filtered/sediment_sampling.csv,XSDString,False
missing value,ss,depth,225,,,,/github/workspace/logsheets/filtered/sediment_sampling.csv,XSDString,False
missing value,ss,depth,226,,,,/github/workspace/logsheets/filtered/sediment_sampling.csv,XSDString,False
missing value,ss,depth,227,,,,/github/workspace/logsheets/filtered/sediment_sampling.csv,XSDString,False
missing value,ss,depth,228,,,,/github/workspace/logsheets/filtered/sediment_sampling.csv,XSDString,False
missing value,ss,depth,229,,,,/github/workspace/logsheets/filtered/sediment_sampling.csv,XSDString,False
missing value,ss,depth,230,,,,/github/workspace/logsheets/filtered/sediment_sampling.csv,XSDString,False
missing value,ss,depth,231,,,,/github/workspace/logsheets/filtered/sediment_sampling.csv,XSDString,False
missing value,ss,depth,232,,,,/github/workspace/logsheets/filtered/sediment_sampling.csv,XSDString,False
missing value,ss,depth,233,,,,/github/workspace/logsheets/filtered/sediment_sampling.csv,XSDString,False
missing value,ss,depth,234,,,,/github/workspace/logsheets/filtered/sediment_sampling.csv,XSDString,False
missing value,ss,depth,235,,,,/github/workspace/logsheets/filtered/sediment_sampling.csv,XSDString,False
missing value,ss,depth,236,,,,/github/workspace/logsheets/filtered/sediment_sampling.csv,XSDString,False
missing value,ss,depth,237,,,,/github/workspace/logsheets/filtered/sediment_sampling.csv,XSDString,False
missing value,ss,depth,238,,,,/github/workspace/logsheets/filtered/sediment_sampling.csv,XSDString,False
missing value,ss,depth,239,,,,/github/workspace/logsheets/filtered/sediment_sampling.csv,XSDString,False
missing value,ss,depth,240,,,,/github/workspace/logsheets/filtered/sediment_sampling.csv,XSDString,False
missing value,ss,depth,241,,,,/github/workspace/logsheets/filtered/sediment_sampling.csv,XSDString,False
missing value,ss,depth,242,,,,/github/workspace/logsheets/filtered/sediment_sampling.csv,XSDString,False
missing value,ss,depth,243,,,,/github/workspace/logsheets/filtered/sediment_sampling.csv,XSDString,False
missing value,ss,depth,244,,,,/github/workspace/logsheets/filtered/sediment_sampling.csv,XSDString,False
missing value,ss,depth,245,,,,/github/workspace/logsheets/filtered/sediment_sampling.csv,XSDString,False
missing value,ss,depth,246,,,,/github/workspace/logsheets/filtered/sediment_sampling.csv,XSDString,False
missing value,ss,depth,247,,,,/github/workspace/logsheets/filtered/sediment_sampling.csv,XSDString,False
missing value,ss,depth,248,,,,/github/workspace/logsheets/filtered/sediment_sampling.csv,XSDString,False
missing value,ss,depth,249,,,,/github/workspace/logsheets/filtered/sediment_sampling.csv,XSDString,False
missing value,ss,depth,250,,,,/github/workspace/logsheets/filtered/sediment_sampling.csv,XSDString,False
missing value,ss,depth,251,,,,/github/workspace/logsheets/filtered/sediment_sampling.csv,XSDString,False
missing value,ss,depth,252,,,,/github/workspace/logsheets/filtered/sediment_sampling.csv,XSDString,False
missing value,ss,depth,253,,,,/github/workspace/logsheets/filtered/sediment_sampling.csv,XSDString,False
missing value,ss,depth,254,,,,/github/workspace/logsheets/filtered/sediment_sampling.csv,XSDString,False
missing value,ss,depth,255,,,,/github/workspace/logsheets/filtered/sediment_sampling.csv,XSDString,False
missing value,ss,depth,256,,,,/github/workspace/logsheets/filtered/sediment_sampling.csv,XSDString,False
missing value,ss,depth,257,,,,/github/workspace/logsheets/filtered/sediment_sampling.csv,XSDString,False
missing value,ss,depth,258,,,,/github/workspace/logsheets/filtered/sediment_sampling.csv,XSDString,False
missing value,ss,depth,259,,,,/github/workspace/logsheets/filtered/sediment_sampling.csv,XSDString,False
missing value,ss,depth,260,,,,/github/workspace/logsheets/filtered/sediment_sampling.csv,XSDString,False
missing value,ss,depth,261,,,,/github/workspace/logsheets/filtered/sediment_sampling.csv,XSDString,False
missing value,ss,depth,262,,,,/github/workspace/logsheets/filtered/sediment_sampling.csv,XSDString,False
missing value,ss,env_material,212,,,,/github/workspace/logsheets/filtered/sediment_sampling.csv,EMOBONList,False
missing value,ss,env_material,213,,,,/github/workspace/logsheets/filtered/sediment_sampling.csv,EMOBONList,False
missing value,ss,env_material,214,,,,/github/workspace/logsheets/filtered/sediment_sampling.csv,EMOBONList,False
missing value,ss,env_material,215,,,,/github/workspace/logsheets/filtered/sediment_sampling.csv,EMOBONList,False
missing value,ss,env_material,216,,,,/github/workspace/logsheets/filtered/sediment_sampling.csv,EMOBONList,False
missing value,ss,env_material,217,,,,/github/workspace/logsheets/filtered/sediment_sampling.csv,EMOBONList,False
missing value,ss,env_material,218,,,,/github/workspace/logsheets/filtered/sediment_sampling.csv,EMOBONList,False
missing value,ss,env_material,219,,,,/github/workspace/logsheets/filtered/sediment_sampling.csv,EMOBONList,False
missing value,ss,env_material,220,,,,/github/workspace/logsheets/filtered/sediment_sampling.csv,EMOBONList,False
missing value,ss,env_material,221,,,,/github/workspace/logsheets/filtered/sediment_sampling.csv,EMOBONList,False
missing value,ss,env_material,222,,,,/github/workspace/logsheets/filtered/sediment_sampling.csv,EMOBONList,False
missing value,ss,env_material,223,,,,/github/workspace/logsheets/filtered/sediment_sampling.csv,EMOBONList,False
missing value,ss,env_material,224,,,,/github/workspace/logsheets/filtered/sediment_sampling.csv,EMOBONList,False
missing value,ss,env_material,225,,,,/github/workspace/logsheets/filtered/sediment_sampling.csv,EMOBONList,False
missing value,ss,env_material,226,,,,/github/workspace/logsheets/filtered/sediment_sampling.csv,EMOBONList,False
missing value,ss,env_material,227,,,,/github/workspace/logsheets/filtered/sediment_sampling.csv,EMOBONList,False
missing value,ss,env_material,228,,,,/github/workspace/logsheets/filtered/sediment_sampling.csv,EMOBONList,False
missing value,ss,env_material,229,,,,/github/workspace/logsheets/filtered/sediment_sampling.csv,EMOBONList,False
missing value,ss,env_material,230,,,,/github/workspace/logsheets/filtered/sediment_sampling.csv,EMOBONList,False
missing value,ss,env_material,231,,,,/github/workspace/logsheets/filtered/sediment_sampling.csv,EMOBONList,False
missing value,ss,env_material,232,,,,/github/workspace/logsheets/filtered/sediment_sampling.csv,EMOBONList,False
missing value,ss,env_material,233,,,,/github/workspace/logsheets/filtered/sediment_sampling.csv,EMOBONList,False
missing value,ss,env_material,234,,,,/github/workspace/logsheets/filtered/sediment_sampling.csv,EMOBONList,False
missing value,ss,env_material,235,,,,/github/workspace/logsheets/filtered/sediment_sampling.csv,EMOBONList,False
missing value,ss,env_material,236,,,,/github/workspace/logsheets/filtered/sediment_sampling.csv,EMOBONList,False
missing value,ss,env_material,237,,,,/github/workspace/logsheets/filtered/sediment_sampling.csv,EMOBONList,False
missing value,ss,env_material,238,,,,/github/workspace/logsheets/filtered/sediment_sampling.csv,EMOBONList,False
missing value,ss,env_material,239,,,,/github/workspace/logsheets/filtered/sediment_sampling.csv,EMOBONList,False
missing value,ss,env_material,240,,,,/github/workspace/logsheets/filtered/sediment_sampling.csv,EMOBONList,False
missing value,ss,env_material,241,,,,/github/workspace/logsheets/filtered/sediment_sampling.csv,EMOBONList,False
missing value,ss,env_material,242,,,,/github/workspace/logsheets/filtered/sediment_sampling.csv,EMOBONList,False
missing value,ss,env_material,243,,,,/github/workspace/logsheets/filtered/sediment_sampling.csv,EMOBONList,False
missing value,ss,env_material,244,,,,/github/workspace/logsheets/filtered/sediment_sampling.csv,EMOBONList,False
missing value,ss,env_material,245,,,,/github/workspace/logsheets/filtered/sediment_sampling.csv,EMOBONList,False
missing value,ss,env_material,246,,,,/github/workspace/logsheets/filtered/sediment_sampling.csv,EMOBONList,False
missing value,ss,env_material,247,,,,/github/workspace/logsheets/filtered/sediment_sampling.csv,EMOBONList,False
missing value,ss,env_material,248,,,,/github/workspace/logsheets/filtered/sediment_sampling.csv,EMOBONList,False
missing value,ss,env_material,249,,,,/github/workspace/logsheets/filtered/sediment_sampling.csv,EMOBONList,False
missing value,ss,env_material,250,,,,/github/workspace/logsheets/filtered/sediment_sampling.csv,EMOBONList,False
missing value,ss,env_material,251,,,,/github/workspace/logsheets/filtered/sediment_sampling.csv,EMOBONList,False
missing value,ss,env_material,252,,,,/github/workspace/logsheets/filtered/sediment_sampling.csv,EMOBONList,False
missing value,ss,env_material,253,,,,/github/workspace/logsheets/filtered/sediment_sampling.csv,EMOBONList,False
missing value,ss,env_material,254,,,,/github/workspace/logsheets/filtered/sediment_sampling.csv,EMOBONList,False
missing value,ss,env_material,255,,,,/github/workspace/logsheets/filtered/sediment_sampling.csv,EMOBONList,False
missing value,ss,env_material,256,,,,/github/workspace/logsheets/filtered/sediment_sampling.csv,EMOBONList,False
missing value,ss,env_material,257,,,,/github/workspace/logsheets/filtered/sediment_sampling.csv,EMOBONList,False
missing value,ss,env_material,258,,,,/github/workspace/logsheets/filtered/sediment_sampling.csv,EMOBONList,False
missing value,ss,env_material,259,,,,/github/workspace/logsheets/filtered/sediment_sampling.csv,EMOBONList,False
missing value,ss,env_material,260,,,,/github/workspace/logsheets/filtered/sediment_sampling.csv,EMOBONList,False
missing value,ss,env_material,261,,,,/github/workspace/logsheets/filtered/sediment_sampling.csv,EMOBONList,False
missing value,ss,env_material,262,,,,/github/workspace/logsheets/filtered/sediment_sampling.csv,EMOBONList,False
missing value,ss,investigation_type,212,,,,/github/workspace/logsheets/filtered/sediment_sampling.csv,XSDString,False
missing value,ss,investigation_type,213,,,,/github/workspace/logsheets/filtered/sediment_sampling.csv,XSDString,False
missing value,ss,investigation_type,214,,,,/github/workspace/logsheets/filtered/sediment_sampling.csv,XSDString,False
missing value,ss,investigation_type,215,,,,/github/workspace/logsheets/filtered/sediment_sampling.csv,XSDString,False
missing value,ss,investigation_type,216,,,,/github/workspace/logsheets/filtered/sediment_sampling.csv,XSDString,False
missing value,ss,investigation_type,217,,,,/github/workspace/logsheets/filtered/sediment_sampling.csv,XSDString,False
missing value,ss,investigation_type,218,,,,/github/workspace/logsheets/filtered/sediment_sampling.csv,XSDString,False
missing value,ss,investigation_type,219,,,,/github/workspace/logsheets/filtered/sediment_sampling.csv,XSDString,False
missing value,ss,investigation_type,220,,,,/github/workspace/logsheets/filtered/sediment_sampling.csv,XSDString,False
missing value,ss,investigation_type,221,,,,/github/workspace/logsheets/filtered/sediment_sampling.csv,XSDString,False
missing value,ss,investigation_type,222,,,,/github/workspace/logsheets/filtered/sediment_sampling.csv,XSDString,False
missing value,ss,investigation_type,223,,,,/github/workspace/logsheets/filtered/sediment_sampling.csv,XSDString,False
missing value,ss,investigation_type,224,,,,/github/workspace/logsheets/filtered/sediment_sampling.csv,XSDString,False
missing value,ss,investigation_type,225,,,,/github/workspace/logsheets/filtered/sediment_sampling.csv,XSDString,False
missing value,ss,investigation_type,226,,,,/github/workspace/logsheets/filtered/sediment_sampling.csv,XSDString,False
missing value,ss,investigation_type,227,,,,/github/workspace/logsheets/filtered/sediment_sampling.csv,XSDString,False
missing value,ss,investigation_type,228,,,,/github/workspace/logsheets/filtered/sediment_sampling.csv,XSDString,False
missing value,ss,investigation_type,229,,,,/github/workspace/logsheets/filtered/sediment_sampling.csv,XSDString,False
missing value,ss,investigation_type,230,,,,/github/workspace/logsheets/filtered/sediment_sampling.csv,XSDString,False
missing value,ss,investigation_type,231,,,,/github/workspace/logsheets/filtered/sediment_sampling.csv,XSDString,False
missing value,ss,investigation_type,232,,,,/github/workspace/logsheets/filtered/sediment_sampling.csv,XSDString,False
missing value,ss,investigation_type,233,,,,/github/workspace/logsheets/filtered/sediment_sampling.csv,XSDString,False
missing value,ss,investigation_type,234,,,,/github/workspace/logsheets/filtered/sediment_sampling.csv,XSDString,False
missing value,ss,investigation_type,235,,,,/github/workspace/logsheets/filtered/sediment_sampling.csv,XSDString,False
missing value,ss,investigation_type,236,,,,/github/workspace/logsheets/filtered/sediment_sampling.csv,XSDString,False
missing value,ss,investigation_type,237,,,,/github/workspace/logsheets/filtered/sediment_sampling.csv,XSDString,False
missing value,ss,investigation_type,238,,,,/github/workspace/logsheets/filtered/sediment_sampling.csv,XSDString,False
missing value,ss,investigation_type,239,,,,/github/workspace/logsheets/filtered/sediment_sampling.csv,XSDString,False
missing value,ss,investigation_type,240,,,,/github/workspace/logsheets/filtered/sediment_sampling.csv,XSDString,False
missing value,ss,investigation_type,241,,,,/github/workspace/logsheets/filtered/sediment_sampling.csv,XSDString,False
missing value,ss,investigation_type,242,,,,/github/workspace/logsheets/filtered/sediment_sampling.csv,XSDString,False
missing value,ss,investigation_type,243,,,,/github/workspace/logsheets/filtered/sediment_sampling.csv,XSDString,False
missing value,ss,investigation_type,244,,,,/github/workspace/logsheets/filtered/sediment_sampling.csv,XSDString,False
missing value,ss,investigation_type,245,,,,/github/workspace/logsheets/filtered/sediment_sampling.csv,XSDString,False
missing value,ss,investigation_type,246,,,,/github/workspace/logsheets/filtered/sediment_sampling.csv,XSDString,False
missing value,ss,investigation_type,247,,,,/github/workspace/logsheets/filtered/sediment_sampling.csv,XSDString,False
missing value,ss,investigation_type,248,,,,/github/workspace/logsheets/filtered/sediment_sampling.csv,XSDString,False
missing value,ss,investigation_type,249,,,,/github/workspace/logsheets/filtered/sediment_sampling.csv,XSDString,False
missing value,ss,investigation_type,250,,,,/github/workspace/logsheets/filtered/sediment_sampling.csv,XSDString,False
missing value,ss,investigation_type,251,,,,/github/workspace/logsheets/filtered/sediment_sampling.csv,XSDString,False
missing value,ss,investigation_type,252,,,,/github/workspace/logsheets/filtered/sediment_sampling.csv,XSDString,False
missing value,ss,investigation_type,253,,,,/github/workspace/logsheets/filtered/sediment_sampling.csv,XSDString,False
missing value,ss,investigation_type,254,,,,/github/workspace/logsheets/filtered/sediment_sampling.csv,XSDString,False
missing value,ss,investigation_type,255,,,,/github/workspace/logsheets/filtered/sediment_sampling.csv,XSDString,False
missing value,ss,investigation_type,256,,,,/github/workspace/logsheets/filtered/sediment_sampling.csv,XSDString,False
missing value,ss,investigation_type,257,,,,/github/workspace/logsheets/filtered/sediment_sampling.csv,XSDString,False
missing value,ss,investigation_type,258,,,,/github/workspace/logsheets/filtered/sediment_sampling.csv,XSDString,False
missing value,ss,investigation_type,259,,,,/github/workspace/logsheets/filtered/sediment_sampling.csv,XSDString,False
missing value,ss,investigation_type,260,,,,/github/workspace/logsheets/filtered/sediment_sampling.csv,XSDString,False
missing value,ss,investigation_type,261,,,,/github/workspace/logsheets/filtered/sediment_sampling.csv,XSDString,False
missing value,ss,investigation_type,262,,,,/github/workspace/logsheets/filtered/sediment_sampling.csv,XSDString,False
datatype mismatch,ss,long_store,1,N,false,,/github/workspace/logsheets/filtered/sediment_sampling.csv,XSDBoolean,False
datatype mismatch,ss,long_store,2,N,false,,/github/workspace/logsheets/filtered/sediment_sampling.csv,XSDBoolean,False
datatype mismatch,ss,long_store,3,Y,true,,/github/workspace/logsheets/filtered/sediment_sampling.csv,XSDBoolean,False
datatype mismatch,ss,long_store,4,Y,true,,/github/workspace/logsheets/filtered/sediment_sampling.csv,XSDBoolean,False
datatype mismatch,ss,long_store,5,N,false,,/github/workspace/logsheets/filtered/sediment_sampling.csv,XSDBoolean,False
datatype mismatch,ss,long_store,6,N,false,,/github/workspace/logsheets/filtered/sediment_sampling.csv,XSDBoolean,False
datatype mismatch,ss,long_store,7,Y,true,,/github/workspace/logsheets/filtered/sediment_sampling.csv,XSDBoolean,False
datatype mismatch,ss,long_store,8,Y,true,,/github/workspace/logsheets/filtered/sediment_sampling.csv,XSDBoolean,False
datatype mismatch,ss,long_store,9,Y,true,,/github/workspace/logsheets/filtered/sediment_sampling.csv,XSDBoolean,False
datatype mismatch,ss,long_store,10,N,false,,/github/workspace/logsheets/filtered/sediment_sampling.csv,XSDBoolean,False
datatype mismatch,ss,long_store,11,N,false,,/github/workspace/logsheets/filtered/sediment_sampling.csv,XSDBoolean,False
datatype mismatch,ss,long_store,12,Y,true,,/github/workspace/logsheets/filtered/sediment_sampling.csv,XSDBoolean,False
datatype mismatch,ss,long_store,13,Y,true,,/github/workspace/logsheets/filtered/sediment_sampling.csv,XSDBoolean,False
datatype mismatch,ss,long_store,14,N,false,,/github/workspace/logsheets/filtered/sediment_sampling.csv,XSDBoolean,False
datatype mismatch,ss,long_store,15,N,false,,/github/workspace/logsheets/filtered/sediment_sampling.csv,XSDBoolean,False
datatype mismatch,ss,long_store,16,Y,true,,/github/workspace/logsheets/filtered/sediment_sampling.csv,XSDBoolean,False
datatype mismatch,ss,long_store,17,Y,true,,/github/workspace/logsheets/filtered/sediment_sampling.csv,XSDBoolean,False
datatype mismatch,ss,long_store,18,Y,true,,/github/workspace/logsheets/filtered/sediment_sampling.csv,XSDBoolean,False
missing value,ss,long_store,212,,,,/github/workspace/logsheets/filtered/sediment_sampling.csv,XSDBoolean,False
missing value,ss,long_store,213,,,,/github/workspace/logsheets/filtered/sediment_sampling.csv,XSDBoolean,False
missing value,ss,long_store,214,,,,/github/workspace/logsheets/filtered/sediment_sampling.csv,XSDBoolean,False
missing value,ss,long_store,215,,,,/github/workspace/logsheets/filtered/sediment_sampling.csv,XSDBoolean,False
missing value,ss,long_store,216,,,,/github/workspace/logsheets/filtered/sediment_sampling.csv,XSDBoolean,False
missing value,ss,long_store,217,,,,/github/workspace/logsheets/filtered/sediment_sampling.csv,XSDBoolean,False
missing value,ss,long_store,218,,,,/github/workspace/logsheets/filtered/sediment_sampling.csv,XSDBoolean,False
missing value,ss,long_store,219,,,,/github/workspace/logsheets/filtered/sediment_sampling.csv,XSDBoolean,False
missing value,ss,long_store,220,,,,/github/workspace/logsheets/filtered/sediment_sampling.csv,XSDBoolean,False
missing value,ss,long_store,221,,,,/github/workspace/logsheets/filtered/sediment_sampling.csv,XSDBoolean,False
missing value,ss,long_store,222,,,,/github/workspace/logsheets/filtered/sediment_sampling.csv,XSDBoolean,False
missing value,ss,long_store,223,,,,/github/workspace/logsheets/filtered/sediment_sampling.csv,XSDBoolean,False
missing value,ss,long_store,224,,,,/github/workspace/logsheets/filtered/sediment_sampling.csv,XSDBoolean,False
missing value,ss,long_store,225,,,,/github/workspace/logsheets/filtered/sediment_sampling.csv,XSDBoolean,False
missing value,ss,long_store,226,,,,/github/workspace/logsheets/filtered/sediment_sampling.csv,XSDBoolean,False
missing value,ss,long_store,227,,,,/github/workspace/logsheets/filtered/sediment_sampling.csv,XSDBoolean,False
missing value,ss,long_store,228,,,,/github/workspace/logsheets/filtered/sediment_sampling.csv,XSDBoolean,False
missing value,ss,long_store,229,,,,/github/workspace/logsheets/filtered/sediment_sampling.csv,XSDBoolean,False
missing value,ss,long_store,230,,,,/github/workspace/logsheets/filtered/sediment_sampling.csv,XSDBoolean,False
missing value,ss,long_store,231,,,,/github/workspace/logsheets/filtered/sediment_sampling.csv,XSDBoolean,False
missing value,ss,long_store,232,,,,/github/workspace/logsheets/filtered/sediment_sampling.csv,XSDBoolean,False
missing value,ss,long_store,233,,,,/github/workspace/logsheets/filtered/sediment_sampling.csv,XSDBoolean,False
missing value,ss,long_store,234,,,,/github/workspace/logsheets/filtered/sediment_sampling.csv,XSDBoolean,False
missing value,ss,long_store,235,,,,/github/workspace/logsheets/filtered/sediment_sampling.csv,XSDBoolean,False
missing value,ss,long_store,236,,,,/github/workspace/logsheets/filtered/sediment_sampling.csv,XSDBoolean,False
missing value,ss,long_store,237,,,,/github/workspace/logsheets/filtered/sediment_sampling.csv,XSDBoolean,False
missing value,ss,long_store,238,,,,/github/workspace/logsheets/filtered/sediment_sampling.csv,XSDBoolean,False
missing value,ss,long_store,239,,,,/github/workspace/logsheets/filtered/sediment_sampling.csv,XSDBoolean,False
missing value,ss,long_store,240,,,,/github/workspace/logsheets/filtered/sediment_sampling.csv,XSDBoolean,False
missing value,ss,long_store,241,,,,/github/workspace/logsheets/filtered/sediment_sampling.csv,XSDBoolean,False
missing value,ss,long_store,242,,,,/github/workspace/logsheets/filtered/sediment_sampling.csv,XSDBoolean,False
missing value,ss,long_store,243,,,,/github/workspace/logsheets/filtered/sediment_sampling.csv,XSDBoolean,False
missing value,ss,long_store,244,,,,/github/workspace/logsheets/filtered/sediment_sampling.csv,XSDBoolean,False
missing value,ss,long_store,245,,,,/github/workspace/logsheets/filtered/sediment_sampling.csv,XSDBoolean,False
missing value,ss,long_store,246,,,,/github/workspace/logsheets/filtered/sediment_sampling.csv,XSDBoolean,False
missing value,ss,long_store,247,,,,/github/workspace/logsheets/filtered/sediment_sampling.csv,XSDBoolean,False
missing value,ss,long_store,248,,,,/github/workspace/logsheets/filtered/sediment_sampling.csv,XSDBoolean,False
missing value,ss,long_store,249,,,,/github/workspace/logsheets/filtered/sediment_sampling.csv,XSDBoolean,False
missing value,ss,long_store,250,,,,/github/workspace/logsheets/filtered/sediment_sampling.csv,XSDBoolean,False
missing value,ss,long_store,251,,,,/github/workspace/logsheets/filtered/sediment_sampling.csv,XSDBoolean,False
missing value,ss,long_store,252,,,,/github/workspace/logsheets/filtered/sediment_sampling.csv,XSDBoolean,False
missing value,ss,long_store,253,,,,/github/workspace/logsheets/filtered/sediment_sampling.csv,XSDBoolean,False
missing value,ss,long_store,254,,,,/github/workspace/logsheets/filtered/sediment_sampling.csv,XSDBoolean,False
missing value,ss,long_store,255,,,,/github/workspace/logsheets/filtered/sediment_sampling.csv,XSDBoolean,False
missing value,ss,long_store,256,,,,/github/workspace/logsheets/filtered/sediment_sampling.csv,XSDBoolean,False
missing value,ss,long_store,257,,,,/github/workspace/logsheets/filtered/sediment_sampling.csv,XSDBoolean,False
missing value,ss,long_store,258,,,,/github/workspace/logsheets/filtered/sediment_sampling.csv,XSDBoolean,False
missing value,ss,long_store,259,,,,/github/workspace/logsheets/filtered/sediment_sampling.csv,XSDBoolean,False
missing value,ss,long_store,260,,,,/github/workspace/logsheets/filtered/sediment_sampling.csv,XSDBoolean,False
missing value,ss,long_store,261,,,,/github/workspace/logsheets/filtered/sediment_sampling.csv,XSDBoolean,False
missing value,ss,long_store,262,,,,/github/workspace/logsheets/filtered/sediment_sampling.csv,XSDBoolean,False
missing value,ss,samp_collect_device,212,,,,/github/workspace/logsheets/filtered/sediment_sampling.csv,XSDString,False
missing value,ss,samp_collect_device,213,,,,/github/workspace/logsheets/filtered/sediment_sampling.csv,XSDString,False
missing value,ss,samp_collect_device,214,,,,/github/workspace/logsheets/filtered/sediment_sampling.csv,XSDString,False
missing value,ss,samp_collect_device,215,,,,/github/workspace/logsheets/filtered/sediment_sampling.csv,XSDString,False
missing value,ss,samp_collect_device,216,,,,/github/workspace/logsheets/filtered/sediment_sampling.csv,XSDString,False
missing value,ss,samp_collect_device,217,,,,/github/workspace/logsheets/filtered/sediment_sampling.csv,XSDString,False
missing value,ss,samp_collect_device,218,,,,/github/workspace/logsheets/filtered/sediment_sampling.csv,XSDString,False
missing value,ss,samp_collect_device,219,,,,/github/workspace/logsheets/filtered/sediment_sampling.csv,XSDString,False
missing value,ss,samp_collect_device,220,,,,/github/workspace/logsheets/filtered/sediment_sampling.csv,XSDString,False
missing value,ss,samp_collect_device,221,,,,/github/workspace/logsheets/filtered/sediment_sampling.csv,XSDString,False
missing value,ss,samp_collect_device,222,,,,/github/workspace/logsheets/filtered/sediment_sampling.csv,XSDString,False
missing value,ss,samp_collect_device,223,,,,/github/workspace/logsheets/filtered/sediment_sampling.csv,XSDString,False
missing value,ss,samp_collect_device,224,,,,/github/workspace/logsheets/filtered/sediment_sampling.csv,XSDString,False
missing value,ss,samp_collect_device,225,,,,/github/workspace/logsheets/filtered/sediment_sampling.csv,XSDString,False
missing value,ss,samp_collect_device,226,,,,/github/workspace/logsheets/filtered/sediment_sampling.csv,XSDString,False
missing value,ss,samp_collect_device,227,,,,/github/workspace/logsheets/filtered/sediment_sampling.csv,XSDString,False
missing value,ss,samp_collect_device,228,,,,/github/workspace/logsheets/filtered/sediment_sampling.csv,XSDString,False
missing value,ss,samp_collect_device,229,,,,/github/workspace/logsheets/filtered/sediment_sampling.csv,XSDString,False
missing value,ss,samp_collect_device,230,,,,/github/workspace/logsheets/filtered/sediment_sampling.csv,XSDString,False
missing value,ss,samp_collect_device,231,,,,/github/workspace/logsheets/filtered/sediment_sampling.csv,XSDString,False
missing value,ss,samp_collect_device,232,,,,/github/workspace/logsheets/filtered/sediment_sampling.csv,XSDString,False
missing value,ss,samp_collect_device,233,,,,/github/workspace/logsheets/filtered/sediment_sampling.csv,XSDString,False
missing value,ss,samp_collect_device,234,,,,/github/workspace/logsheets/filtered/sediment_sampling.csv,XSDString,False
missing value,ss,samp_collect_device,235,,,,/github/workspace/logsheets/filtered/sediment_sampling.csv,XSDString,False
missing value,ss,samp_collect_device,236,,,,/github/workspace/logsheets/filtered/sediment_sampling.csv,XSDString,False
missing value,ss,samp_collect_device,237,,,,/github/workspace/logsheets/filtered/sediment_sampling.csv,XSDString,False
missing value,ss,samp_collect_device,238,,,,/github/workspace/logsheets/filtered/sediment_sampling.csv,XSDString,False
missing value,ss,samp_collect_device,239,,,,/github/workspace/logsheets/filtered/sediment_sampling.csv,XSDString,False
missing value,ss,samp_collect_device,240,,,,/github/workspace/logsheets/filtered/sediment_sampling.csv,XSDString,False
missing value,ss,samp_collect_device,241,,,,/github/workspace/logsheets/filtered/sediment_sampling.csv,XSDString,False
missing value,ss,samp_collect_device,242,,,,/github/workspace/logsheets/filtered/sediment_sampling.csv,XSDString,False
missing value,ss,samp_collect_device,243,,,,/github/workspace/logsheets/filtered/sediment_sampling.csv,XSDString,False
missing value,ss,samp_collect_device,244,,,,/github/workspace/logsheets/filtered/sediment_sampling.csv,XSDString,False
missing value,ss,samp_collect_device,245,,,,/github/workspace/logsheets/filtered/sediment_sampling.csv,XSDString,False
missing value,ss,samp_collect_device,246,,,,/github/workspace/logsheets/filtered/sediment_sampling.csv,XSDString,False
missing value,ss,samp_collect_device,247,,,,/github/workspace/logsheets/filtered/sediment_sampling.csv,XSDString,False
missing value,ss,samp_collect_device,248,,,,/github/workspace/logsheets/filtered/sediment_sampling.csv,XSDString,False
missing value,ss,samp_collect_device,249,,,,/github/workspace/logsheets/filtered/sediment_sampling.csv,XSDString,False
missing value,ss,samp_collect_device,250,,,,/github/workspace/logsheets/filtered/sediment_sampling.csv,XSDString,False
missing value,ss,samp_collect_device,251,,,,/github/workspace/logsheets/filtered/sediment_sampling.csv,XSDString,False
missing value,ss,samp_collect_device,252,,,,/github/workspace/logsheets/filtered/sediment_sampling.csv,XSDString,False
missing value,ss,samp_collect_device,253,,,,/github/workspace/logsheets/filtered/sediment_sampling.csv,XSDString,False
missing value,ss,samp_collect_device,254,,,,/github/workspace/logsheets/filtered/sediment_sampling.csv,XSDString,False
missing value,ss,samp_collect_device,255,,,,/github/workspace/logsheets/filtered/sediment_sampling.csv,XSDString,False
missing value,ss,samp_collect_device,256,,,,/github/workspace/logsheets/filtered/sediment_sampling.csv,XSDString,False
missing value,ss,samp_collect_device,257,,,,/github/workspace/logsheets/filtered/sediment_sampling.csv,XSDString,False
missing value,ss,samp_collect_device,258,,,,/github/workspace/logsheets/filtered/sediment_sampling.csv,XSDString,False
missing value,ss,samp_collect_device,259,,,,/github/workspace/logsheets/filtered/sediment_sampling.csv,XSDString,False
missing value,ss,samp_collect_device,260,,,,/github/workspace/logsheets/filtered/sediment_sampling.csv,XSDString,False
missing value,ss,samp_collect_device,261,,,,/github/workspace/logsheets/filtered/sediment_sampling.csv,XSDString,False
missing value,ss,samp_collect_device,262,,,,/github/workspace/logsheets/filtered/sediment_sampling.csv,XSDString,False
missing value,ss,samp_description,212,,,,/github/workspace/logsheets/filtered/sediment_sampling.csv,XSDString,False
missing value,ss,samp_description,213,,,,/github/workspace/logsheets/filtered/sediment_sampling.csv,XSDString,False
missing value,ss,samp_description,214,,,,/github/workspace/logsheets/filtered/sediment_sampling.csv,XSDString,False
missing value,ss,samp_description,215,,,,/github/workspace/logsheets/filtered/sediment_sampling.csv,XSDString,False
missing value,ss,samp_description,216,,,,/github/workspace/logsheets/filtered/sediment_sampling.csv,XSDString,False
missing value,ss,samp_description,217,,,,/github/workspace/logsheets/filtered/sediment_sampling.csv,XSDString,False
missing value,ss,samp_description,218,,,,/github/workspace/logsheets/filtered/sediment_sampling.csv,XSDString,False
missing value,ss,samp_description,219,,,,/github/workspace/logsheets/filtered/sediment_sampling.csv,XSDString,False
missing value,ss,samp_description,220,,,,/github/workspace/logsheets/filtered/sediment_sampling.csv,XSDString,False
missing value,ss,samp_description,221,,,,/github/workspace/logsheets/filtered/sediment_sampling.csv,XSDString,False
missing value,ss,samp_description,222,,,,/github/workspace/logsheets/filtered/sediment_sampling.csv,XSDString,False
missing value,ss,samp_description,223,,,,/github/workspace/logsheets/filtered/sediment_sampling.csv,XSDString,False
missing value,ss,samp_description,224,,,,/github/workspace/logsheets/filtered/sediment_sampling.csv,XSDString,False
missing value,ss,samp_description,225,,,,/github/workspace/logsheets/filtered/sediment_sampling.csv,XSDString,False
missing value,ss,samp_description,226,,,,/github/workspace/logsheets/filtered/sediment_sampling.csv,XSDString,False
missing value,ss,samp_description,227,,,,/github/workspace/logsheets/filtered/sediment_sampling.csv,XSDString,False
missing value,ss,samp_description,228,,,,/github/workspace/logsheets/filtered/sediment_sampling.csv,XSDString,False
missing value,ss,samp_description,229,,,,/github/workspace/logsheets/filtered/sediment_sampling.csv,XSDString,False
missing value,ss,samp_description,230,,,,/github/workspace/logsheets/filtered/sediment_sampling.csv,XSDString,False
missing value,ss,samp_description,231,,,,/github/workspace/logsheets/filtered/sediment_sampling.csv,XSDString,False
missing value,ss,samp_description,232,,,,/github/workspace/logsheets/filtered/sediment_sampling.csv,XSDString,False
missing value,ss,samp_description,233,,,,/github/workspace/logsheets/filtered/sediment_sampling.csv,XSDString,False
missing value,ss,samp_description,234,,,,/github/workspace/logsheets/filtered/sediment_sampling.csv,XSDString,False
missing value,ss,samp_description,235,,,,/github/workspace/logsheets/filtered/sediment_sampling.csv,XSDString,False
missing value,ss,samp_description,236,,,,/github/workspace/logsheets/filtered/sediment_sampling.csv,XSDString,False
missing value,ss,samp_description,237,,,,/github/workspace/logsheets/filtered/sediment_sampling.csv,XSDString,False
missing value,ss,samp_description,238,,,,/github/workspace/logsheets/filtered/sediment_sampling.csv,XSDString,False
missing value,ss,samp_description,239,,,,/github/workspace/logsheets/filtered/sediment_sampling.csv,XSDString,False
missing value,ss,samp_description,240,,,,/github/workspace/logsheets/filtered/sediment_sampling.csv,XSDString,False
missing value,ss,samp_description,241,,,,/github/workspace/logsheets/filtered/sediment_sampling.csv,XSDString,False
missing value,ss,samp_description,242,,,,/github/workspace/logsheets/filtered/sediment_sampling.csv,XSDString,False
missing value,ss,samp_description,243,,,,/github/workspace/logsheets/filtered/sediment_sampling.csv,XSDString,False
missing value,ss,samp_description,244,,,,/github/workspace/logsheets/filtered/sediment_sampling.csv,XSDString,False
missing value,ss,samp_description,245,,,,/github/workspace/logsheets/filtered/sediment_sampling.csv,XSDString,False
missing value,ss,samp_description,246,,,,/github/workspace/logsheets/filtered/sediment_sampling.csv,XSDString,False
missing value,ss,samp_description,247,,,,/github/workspace/logsheets/filtered/sediment_sampling.csv,XSDString,False
missing value,ss,samp_description,248,,,,/github/workspace/logsheets/filtered/sediment_sampling.csv,XSDString,False
missing value,ss,samp_description,249,,,,/github/workspace/logsheets/filtered/sediment_sampling.csv,XSDString,False
missing value,ss,samp_description,250,,,,/github/workspace/logsheets/filtered/sediment_sampling.csv,XSDString,False
missing value,ss,samp_description,251,,,,/github/workspace/logsheets/filtered/sediment_sampling.csv,XSDString,False
missing value,ss,samp_description,252,,,,/github/workspace/logsheets/filtered/sediment_sampling.csv,XSDString,False
missing value,ss,samp_description,253,,,,/github/workspace/logsheets/filtered/sediment_sampling.csv,XSDString,False
missing value,ss,samp_description,254,,,,/github/workspace/logsheets/filtered/sediment_sampling.csv,XSDString,False
missing value,ss,samp_description,255,,,,/github/workspace/logsheets/filtered/sediment_sampling.csv,XSDString,False
missing value,ss,samp_description,256,,,,/github/workspace/logsheets/filtered/sediment_sampling.csv,XSDString,False
missing value,ss,samp_description,257,,,,/github/workspace/logsheets/filtered/sediment_sampling.csv,XSDString,False
missing value,ss,samp_description,258,,,,/github/workspace/logsheets/filtered/sediment_sampling.csv,XSDString,False
missing value,ss,samp_description,259,,,,/github/workspace/logsheets/filtered/sediment_sampling.csv,XSDString,False
missing value,ss,samp_description,260,,,,/github/workspace/logsheets/filtered/sediment_sampling.csv,XSDString,False
missing value,ss,samp_description,261,,,,/github/workspace/logsheets/filtered/sediment_sampling.csv,XSDString,False
missing value,ss,samp_description,262,,,,/github/workspace/logsheets/filtered/sediment_sampling.csv,XSDString,False
missing value,ss,samp_size_mass,1,,,,/github/workspace/logsheets/filtered/sediment_sampling.csv,XSDDouble,False
missing value,ss,samp_size_mass,2,,,,/github/workspace/logsheets/filtered/sediment_sampling.csv,XSDDouble,False
missing value,ss,samp_size_mass,3,,,,/github/workspace/logsheets/filtered/sediment_sampling.csv,XSDDouble,False
missing value,ss,samp_size_mass,4,,,,/github/workspace/logsheets/filtered/sediment_sampling.csv,XSDDouble,False
missing value,ss,samp_size_mass,5,,,,/github/workspace/logsheets/filtered/sediment_sampling.csv,XSDDouble,False
missing value,ss,samp_size_mass,6,,,,/github/workspace/logsheets/filtered/sediment_sampling.csv,XSDDouble,False
missing value,ss,samp_size_mass,7,,,,/github/workspace/logsheets/filtered/sediment_sampling.csv,XSDDouble,False
missing value,ss,samp_size_mass,8,,,,/github/workspace/logsheets/filtered/sediment_sampling.csv,XSDDouble,False
missing value,ss,samp_size_mass,9,,,,/github/workspace/logsheets/filtered/sediment_sampling.csv,XSDDouble,False
missing value,ss,samp_size_mass,10,,,,/github/workspace/logsheets/filtered/sediment_sampling.csv,XSDDouble,False
missing value,ss,samp_size_mass,11,,,,/github/workspace/logsheets/filtered/sediment_sampling.csv,XSDDouble,False
missing value,ss,samp_size_mass,12,,,,/github/workspace/logsheets/filtered/sediment_sampling.csv,XSDDouble,False
missing value,ss,samp_size_mass,13,,,,/github/workspace/logsheets/filtered/sediment_sampling.csv,XSDDouble,False
missing value,ss,samp_size_mass,14,,,,/github/workspace/logsheets/filtered/sediment_sampling.csv,XSDDouble,False
missing value,ss,samp_size_mass,15,,,,/github/workspace/logsheets/filtered/sediment_sampling.csv,XSDDouble,False
missing value,ss,samp_size_mass,16,,,,/github/workspace/logsheets/filtered/sediment_sampling.csv,XSDDouble,False
missing value,ss,samp_size_mass,17,,,,/github/workspace/logsheets/filtered/sediment_sampling.csv,XSDDouble,False
missing value,ss,samp_size_mass,18,,,,/github/workspace/logsheets/filtered/sediment_sampling.csv,XSDDouble,False
missing value,ss,samp_size_mass,212,,,,/github/workspace/logsheets/filtered/sediment_sampling.csv,XSDDouble,False
missing value,ss,samp_size_mass,213,,,,/github/workspace/logsheets/filtered/sediment_sampling.csv,XSDDouble,False
missing value,ss,samp_size_mass,214,,,,/github/workspace/logsheets/filtered/sediment_sampling.csv,XSDDouble,False
missing value,ss,samp_size_mass,215,,,,/github/workspace/logsheets/filtered/sediment_sampling.csv,XSDDouble,False
missing value,ss,samp_size_mass,216,,,,/github/workspace/logsheets/filtered/sediment_sampling.csv,XSDDouble,False
missing value,ss,samp_size_mass,217,,,,/github/workspace/logsheets/filtered/sediment_sampling.csv,XSDDouble,False
missing value,ss,samp_size_mass,218,,,,/github/workspace/logsheets/filtered/sediment_sampling.csv,XSDDouble,False
missing value,ss,samp_size_mass,219,,,,/github/workspace/logsheets/filtered/sediment_sampling.csv,XSDDouble,False
missing value,ss,samp_size_mass,220,,,,/github/workspace/logsheets/filtered/sediment_sampling.csv,XSDDouble,False
missing value,ss,samp_size_mass,221,,,,/github/workspace/logsheets/filtered/sediment_sampling.csv,XSDDouble,False
missing value,ss,samp_size_mass,222,,,,/github/workspace/logsheets/filtered/sediment_sampling.csv,XSDDouble,False
missing value,ss,samp_size_mass,223,,,,/github/workspace/logsheets/filtered/sediment_sampling.csv,XSDDouble,False
missing value,ss,samp_size_mass,224,,,,/github/workspace/logsheets/filtered/sediment_sampling.csv,XSDDouble,False
missing value,ss,samp_size_mass,225,,,,/github/workspace/logsheets/filtered/sediment_sampling.csv,XSDDouble,False
missing value,ss,samp_size_mass,226,,,,/github/workspace/logsheets/filtered/sediment_sampling.csv,XSDDouble,False
missing value,ss,samp_size_mass,227,,,,/github/workspace/logsheets/filtered/sediment_sampling.csv,XSDDouble,False
missing value,ss,samp_size_mass,228,,,,/github/workspace/logsheets/filtered/sediment_sampling.csv,XSDDouble,False
missing value,ss,samp_size_mass,229,,,,/github/workspace/logsheets/filtered/sediment_sampling.csv,XSDDouble,False
missing value,ss,samp_size_mass,230,,,,/github/workspace/logsheets/filtered/sediment_sampling.csv,XSDDouble,False
missing value,ss,samp_size_mass,231,,,,/github/workspace/logsheets/filtered/sediment_sampling.csv,XSDDouble,False
missing value,ss,samp_size_mass,232,,,,/github/workspace/logsheets/filtered/sediment_sampling.csv,XSDDouble,False
missing value,ss,samp_size_mass,233,,,,/github/workspace/logsheets/filtered/sediment_sampling.csv,XSDDouble,False
missing value,ss,samp_size_mass,234,,,,/github/workspace/logsheets/filtered/sediment_sampling.csv,XSDDouble,False
missing value,ss,samp_size_mass,235,,,,/github/workspace/logsheets/filtered/sediment_sampling.csv,XSDDouble,False
missing value,ss,samp_size_mass,236,,,,/github/workspace/logsheets/filtered/sediment_sampling.csv,XSDDouble,False
missing value,ss,samp_size_mass,237,,,,/github/workspace/logsheets/filtered/sediment_sampling.csv,XSDDouble,False
missing value,ss,samp_size_mass,238,,,,/github/workspace/logsheets/filtered/sediment_sampling.csv,XSDDouble,False
missing value,ss,samp_size_mass,239,,,,/github/workspace/logsheets/filtered/sediment_sampling.csv,XSDDouble,False
missing value,ss,samp_size_mass,240,,,,/github/workspace/logsheets/filtered/sediment_sampling.csv,XSDDouble,False
missing value,ss,samp_size_mass,241,,,,/github/workspace/logsheets/filtered/sediment_sampling.csv,XSDDouble,False
missing value,ss,samp_size_mass,242,,,,/github/workspace/logsheets/filtered/sediment_sampling.csv,XSDDouble,False
missing value,ss,samp_size_mass,243,,,,/github/workspace/logsheets/filtered/sediment_sampling.csv,XSDDouble,False
missing value,ss,samp_size_mass,244,,,,/github/workspace/logsheets/filtered/sediment_sampling.csv,XSDDouble,False
missing value,ss,samp_size_mass,245,,,,/github/workspace/logsheets/filtered/sediment_sampling.csv,XSDDouble,False
missing value,ss,samp_size_mass,246,,,,/github/workspace/logsheets/filtered/sediment_sampling.csv,XSDDouble,False
missing value,ss,samp_size_mass,247,,,,/github/workspace/logsheets/filtered/sediment_sampling.csv,XSDDouble,False
missing value,ss,samp_size_mass,248,,,,/github/workspace/logsheets/filtered/sediment_sampling.csv,XSDDouble,False
missing value,ss,samp_size_mass,249,,,,/github/workspace/logsheets/filtered/sediment_sampling.csv,XSDDouble,False
missing value,ss,samp_size_mass,250,,,,/github/workspace/logsheets/filtered/sediment_sampling.csv,XSDDouble,False
missing value,ss,samp_size_mass,251,,,,/github/workspace/logsheets/filtered/sediment_sampling.csv,XSDDouble,False
missing value,ss,samp_size_mass,252,,,,/github/workspace/logsheets/filtered/sediment_sampling.csv,XSDDouble,False
missing value,ss,samp_size_mass,253,,,,/github/workspace/logsheets/filtered/sediment_sampling.csv,XSDDouble,False
missing value,ss,samp_size_mass,254,,,,/github/workspace/logsheets/filtered/sediment_sampling.csv,XSDDouble,False
missing value,ss,samp_size_mass,255,,,,/github/workspace/logsheets/filtered/sediment_sampling.csv,XSDDouble,False
missing value,ss,samp_size_mass,256,,,,/github/workspace/logsheets/filtered/sediment_sampling.csv,XSDDouble,False
missing value,ss,samp_size_mass,257,,,,/github/workspace/logsheets/filtered/sediment_sampling.csv,XSDDouble,False
missing value,ss,samp_size_mass,258,,,,/github/workspace/logsheets/filtered/sediment_sampling.csv,XSDDouble,False
missing value,ss,samp_size_mass,259,,,,/github/workspace/logsheets/filtered/sediment_sampling.csv,XSDDouble,False
missing value,ss,samp_size_mass,260,,,,/github/workspace/logsheets/filtered/sediment_sampling.csv,XSDDouble,False
missing value,ss,samp_size_mass,261,,,,/github/workspace/logsheets/filtered/sediment_sampling.csv,XSDDouble,False
missing value,ss,samp_size_mass,262,,,,/github/workspace/logsheets/filtered/sediment_sampling.csv,XSDDouble,False
missing value,ss,samp_mat_process,212,,,,/github/workspace/logsheets/filtered/sediment_sampling.csv,XSDString,False
missing value,ss,samp_mat_process,213,,,,/github/workspace/logsheets/filtered/sediment_sampling.csv,XSDString,False
missing value,ss,samp_mat_process,214,,,,/github/workspace/logsheets/filtered/sediment_sampling.csv,XSDString,False
missing value,ss,samp_mat_process,215,,,,/github/workspace/logsheets/filtered/sediment_sampling.csv,XSDString,False
missing value,ss,samp_mat_process,216,,,,/github/workspace/logsheets/filtered/sediment_sampling.csv,XSDString,False
missing value,ss,samp_mat_process,217,,,,/github/workspace/logsheets/filtered/sediment_sampling.csv,XSDString,False
missing value,ss,samp_mat_process,218,,,,/github/workspace/logsheets/filtered/sediment_sampling.csv,XSDString,False
missing value,ss,samp_mat_process,219,,,,/github/workspace/logsheets/filtered/sediment_sampling.csv,XSDString,False
missing value,ss,samp_mat_process,220,,,,/github/workspace/logsheets/filtered/sediment_sampling.csv,XSDString,False
missing value,ss,samp_mat_process,221,,,,/github/workspace/logsheets/filtered/sediment_sampling.csv,XSDString,False
missing value,ss,samp_mat_process,222,,,,/github/workspace/logsheets/filtered/sediment_sampling.csv,XSDString,False
missing value,ss,samp_mat_process,223,,,,/github/workspace/logsheets/filtered/sediment_sampling.csv,XSDString,False
missing value,ss,samp_mat_process,224,,,,/github/workspace/logsheets/filtered/sediment_sampling.csv,XSDString,False
missing value,ss,samp_mat_process,225,,,,/github/workspace/logsheets/filtered/sediment_sampling.csv,XSDString,False
missing value,ss,samp_mat_process,226,,,,/github/workspace/logsheets/filtered/sediment_sampling.csv,XSDString,False
missing value,ss,samp_mat_process,227,,,,/github/workspace/logsheets/filtered/sediment_sampling.csv,XSDString,False
missing value,ss,samp_mat_process,228,,,,/github/workspace/logsheets/filtered/sediment_sampling.csv,XSDString,False
missing value,ss,samp_mat_process,229,,,,/github/workspace/logsheets/filtered/sediment_sampling.csv,XSDString,False
missing value,ss,samp_mat_process,230,,,,/github/workspace/logsheets/filtered/sediment_sampling.csv,XSDString,False
missing value,ss,samp_mat_process,231,,,,/github/workspace/logsheets/filtered/sediment_sampling.csv,XSDString,False
missing value,ss,samp_mat_process,232,,,,/github/workspace/logsheets/filtered/sediment_sampling.csv,XSDString,False
missing value,ss,samp_mat_process,233,,,,/github/workspace/logsheets/filtered/sediment_sampling.csv,XSDString,False
missing value,ss,samp_mat_process,234,,,,/github/workspace/logsheets/filtered/sediment_sampling.csv,XSDString,False
missing value,ss,samp_mat_process,235,,,,/github/workspace/logsheets/filtered/sediment_sampling.csv,XSDString,False
missing value,ss,samp_mat_process,236,,,,/github/workspace/logsheets/filtered/sediment_sampling.csv,XSDString,False
missing value,ss,samp_mat_process,237,,,,/github/workspace/logsheets/filtered/sediment_sampling.csv,XSDString,False
missing value,ss,samp_mat_process,238,,,,/github/workspace/logsheets/filtered/sediment_sampling.csv,XSDString,False
missing value,ss,samp_mat_process,239,,,,/github/workspace/logsheets/filtered/sediment_sampling.csv,XSDString,False
missing value,ss,samp_mat_process,240,,,,/github/workspace/logsheets/filtered/sediment_sampling.csv,XSDString,False
missing value,ss,samp_mat_process,241,,,,/github/workspace/logsheets/filtered/sediment_sampling.csv,XSDString,False
missing value,ss,samp_mat_process,242,,,,/github/workspace/logsheets/filtered/sediment_sampling.csv,XSDString,False
missing value,ss,samp_mat_process,243,,,,/github/workspace/logsheets/filtered/sediment_sampling.csv,XSDString,False
missing value,ss,samp_mat_process,244,,,,/github/workspace/logsheets/filtered/sediment_sampling.csv,XSDString,False
missing value,ss,samp_mat_process,245,,,,/github/workspace/logsheets/filtered/sediment_sampling.csv,XSDString,False
missing value,ss,samp_mat_process,246,,,,/github/workspace/logsheets/filtered/sediment_sampling.csv,XSDString,False
missing value,ss,samp_mat_process,247,,,,/github/workspace/logsheets/filtered/sediment_sampling.csv,XSDString,False
missing value,ss,samp_mat_process,248,,,,/github/workspace/logsheets/filtered/sediment_sampling.csv,XSDString,False
missing value,ss,samp_mat_process,249,,,,/github/workspace/logsheets/filtered/sediment_sampling.csv,XSDString,False
missing value,ss,samp_mat_process,250,,,,/github/workspace/logsheets/filtered/sediment_sampling.csv,XSDString,False
missing value,ss,samp_mat_process,251,,,,/github/workspace/logsheets/filtered/sediment_sampling.csv,XSDString,False
missing value,ss,samp_mat_process,252,,,,/github/workspace/logsheets/filtered/sediment_sampling.csv,XSDString,False
missing value,ss,samp_mat_process,253,,,,/github/workspace/logsheets/filtered/sediment_sampling.csv,XSDString,False
missing value,ss,samp_mat_process,254,,,,/github/workspace/logsheets/filtered/sediment_sampling.csv,XSDString,False
missing value,ss,samp_mat_process,255,,,,/github/workspace/logsheets/filtered/sediment_sampling.csv,XSDString,False
missing value,ss,samp_mat_process,256,,,,/github/workspace/logsheets/filtered/sediment_sampling.csv,XSDString,False
missing value,ss,samp_mat_process,257,,,,/github/workspace/logsheets/filtered/sediment_sampling.csv,XSDString,False
missing value,ss,samp_mat_process,258,,,,/github/workspace/logsheets/filtered/sediment_sampling.csv,XSDString,False
missing value,ss,samp_mat_process,259,,,,/github/workspace/logsheets/filtered/sediment_sampling.csv,XSDString,False
missing value,ss,samp_mat_process,260,,,,/github/workspace/logsheets/filtered/sediment_sampling.csv,XSDString,False
missing value,ss,samp_mat_process,261,,,,/github/workspace/logsheets/filtered/sediment_sampling.csv,XSDString,False
missing value,ss,samp_mat_process,262,,,,/github/workspace/logsheets/filtered/sediment_sampling.csv,XSDString,False
missing value,ss,samp_mat_process_dev,1,,,,/github/workspace/logsheets/filtered/sediment_sampling.csv,XSDString,False
missing value,ss,samp_mat_process_dev,2,,,,/github/workspace/logsheets/filtered/sediment_sampling.csv,XSDString,False
missing value,ss,samp_mat_process_dev,3,,,,/github/workspace/logsheets/filtered/sediment_sampling.csv,XSDString,False
missing value,ss,samp_mat_process_dev,4,,,,/github/workspace/logsheets/filtered/sediment_sampling.csv,XSDString,False
missing value,ss,samp_mat_process_dev,5,,,,/github/workspace/logsheets/filtered/sediment_sampling.csv,XSDString,False
missing value,ss,samp_mat_process_dev,6,,,,/github/workspace/logsheets/filtered/sediment_sampling.csv,XSDString,False
missing value,ss,samp_mat_process_dev,7,,,,/github/workspace/logsheets/filtered/sediment_sampling.csv,XSDString,False
missing value,ss,samp_mat_process_dev,8,,,,/github/workspace/logsheets/filtered/sediment_sampling.csv,XSDString,False
missing value,ss,samp_mat_process_dev,9,,,,/github/workspace/logsheets/filtered/sediment_sampling.csv,XSDString,False
missing value,ss,samp_mat_process_dev,10,,,,/github/workspace/logsheets/filtered/sediment_sampling.csv,XSDString,False
missing value,ss,samp_mat_process_dev,11,,,,/github/workspace/logsheets/filtered/sediment_sampling.csv,XSDString,False
missing value,ss,samp_mat_process_dev,12,,,,/github/workspace/logsheets/filtered/sediment_sampling.csv,XSDString,False
missing value,ss,samp_mat_process_dev,13,,,,/github/workspace/logsheets/filtered/sediment_sampling.csv,XSDString,False
missing value,ss,samp_mat_process_dev,14,,,,/github/workspace/logsheets/filtered/sediment_sampling.csv,XSDString,False
missing value,ss,samp_mat_process_dev,15,,,,/github/workspace/logsheets/filtered/sediment_sampling.csv,XSDString,False
missing value,ss,samp_mat_process_dev,16,,,,/github/workspace/logsheets/filtered/sediment_sampling.csv,XSDString,False
missing value,ss,samp_mat_process_dev,17,,,,/github/workspace/logsheets/filtered/sediment_sampling.csv,XSDString,False
missing value,ss,samp_mat_process_dev,18,,,,/github/workspace/logsheets/filtered/sediment_sampling.csv,XSDString,False
missing value,ss,samp_mat_process_dev,212,,,,/github/workspace/logsheets/filtered/sediment_sampling.csv,XSDString,False
missing value,ss,samp_mat_process_dev,213,,,,/github/workspace/logsheets/filtered/sediment_sampling.csv,XSDString,False
missing value,ss,samp_mat_process_dev,214,,,,/github/workspace/logsheets/filtered/sediment_sampling.csv,XSDString,False
missing value,ss,samp_mat_process_dev,215,,,,/github/workspace/logsheets/filtered/sediment_sampling.csv,XSDString,False
missing value,ss,samp_mat_process_dev,216,,,,/github/workspace/logsheets/filtered/sediment_sampling.csv,XSDString,False
missing value,ss,samp_mat_process_dev,217,,,,/github/workspace/logsheets/filtered/sediment_sampling.csv,XSDString,False
missing value,ss,samp_mat_process_dev,218,,,,/github/workspace/logsheets/filtered/sediment_sampling.csv,XSDString,False
missing value,ss,samp_mat_process_dev,219,,,,/github/workspace/logsheets/filtered/sediment_sampling.csv,XSDString,False
missing value,ss,samp_mat_process_dev,220,,,,/github/workspace/logsheets/filtered/sediment_sampling.csv,XSDString,False
missing value,ss,samp_mat_process_dev,221,,,,/github/workspace/logsheets/filtered/sediment_sampling.csv,XSDString,False
missing value,ss,samp_mat_process_dev,222,,,,/github/workspace/logsheets/filtered/sediment_sampling.csv,XSDString,False
missing value,ss,samp_mat_process_dev,223,,,,/github/workspace/logsheets/filtered/sediment_sampling.csv,XSDString,False
missing value,ss,samp_mat_process_dev,224,,,,/github/workspace/logsheets/filtered/sediment_sampling.csv,XSDString,False
missing value,ss,samp_mat_process_dev,225,,,,/github/workspace/logsheets/filtered/sediment_sampling.csv,XSDString,False
missing value,ss,samp_mat_process_dev,226,,,,/github/workspace/logsheets/filtered/sediment_sampling.csv,XSDString,False
missing value,ss,samp_mat_process_dev,227,,,,/github/workspace/logsheets/filtered/sediment_sampling.csv,XSDString,False
missing value,ss,samp_mat_process_dev,228,,,,/github/workspace/logsheets/filtered/sediment_sampling.csv,XSDString,False
missing value,ss,samp_mat_process_dev,229,,,,/github/workspace/logsheets/filtered/sediment_sampling.csv,XSDString,False
missing value,ss,samp_mat_process_dev,230,,,,/github/workspace/logsheets/filtered/sediment_sampling.csv,XSDString,False
missing value,ss,samp_mat_process_dev,231,,,,/github/workspace/logsheets/filtered/sediment_sampling.csv,XSDString,False
missing value,ss,samp_mat_process_dev,232,,,,/github/workspace/logsheets/filtered/sediment_sampling.csv,XSDString,False
missing value,ss,samp_mat_process_dev,233,,,,/github/workspace/logsheets/filtered/sediment_sampling.csv,XSDString,False
missing value,ss,samp_mat_process_dev,234,,,,/github/workspace/logsheets/filtered/sediment_sampling.csv,XSDString,False
missing value,ss,samp_mat_process_dev,235,,,,/github/workspace/logsheets/filtered/sediment_sampling.csv,XSDString,False
missing value,ss,samp_mat_process_dev,236,,,,/github/workspace/logsheets/filtered/sediment_sampling.csv,XSDString,False
missing value,ss,samp_mat_process_dev,237,,,,/github/workspace/logsheets/filtered/sediment_sampling.csv,XSDString,False
missing value,ss,samp_mat_process_dev,238,,,,/github/workspace/logsheets/filtered/sediment_sampling.csv,XSDString,False
missing value,ss,samp_mat_process_dev,239,,,,/github/workspace/logsheets/filtered/sediment_sampling.csv,XSDString,False
missing value,ss,samp_mat_process_dev,240,,,,/github/workspace/logsheets/filtered/sediment_sampling.csv,XSDString,False
missing value,ss,samp_mat_process_dev,241,,,,/github/workspace/logsheets/filtered/sediment_sampling.csv,XSDString,False
missing value,ss,samp_mat_process_dev,242,,,,/github/workspace/logsheets/filtered/sediment_sampling.csv,XSDString,False
missing value,ss,samp_mat_process_dev,243,,,,/github/workspace/logsheets/filtered/sediment_sampling.csv,XSDString,False
missing value,ss,samp_mat_process_dev,244,,,,/github/workspace/logsheets/filtered/sediment_sampling.csv,XSDString,False
missing value,ss,samp_mat_process_dev,245,,,,/github/workspace/logsheets/filtered/sediment_sampling.csv,XSDString,False
missing value,ss,samp_mat_process_dev,246,,,,/github/workspace/logsheets/filtered/sediment_sampling.csv,XSDString,False
missing value,ss,samp_mat_process_dev,247,,,,/github/workspace/logsheets/filtered/sediment_sampling.csv,XSDString,False
missing value,ss,samp_mat_process_dev,248,,,,/github/workspace/logsheets/filtered/sediment_sampling.csv,XSDString,False
missing value,ss,samp_mat_process_dev,249,,,,/github/workspace/logsheets/filtered/sediment_sampling.csv,XSDString,False
missing value,ss,samp_mat_process_dev,250,,,,/github/workspace/logsheets/filtered/sediment_sampling.csv,XSDString,False
missing value,ss,samp_mat_process_dev,251,,,,/github/workspace/logsheets/filtered/sediment_sampling.csv,XSDString,False
missing value,ss,samp_mat_process_dev,252,,,,/github/workspace/logsheets/filtered/sediment_sampling.csv,XSDString,False
missing value,ss,samp_mat_process_dev,253,,,,/github/workspace/logsheets/filtered/sediment_sampling.csv,XSDString,False
missing value,ss,samp_mat_process_dev,254,,,,/github/workspace/logsheets/filtered/sediment_sampling.csv,XSDString,False
missing value,ss,samp_mat_process_dev,255,,,,/github/workspace/logsheets/filtered/sediment_sampling.csv,XSDString,False
missing value,ss,samp_mat_process_dev,256,,,,/github/workspace/logsheets/filtered/sediment_sampling.csv,XSDString,False
missing value,ss,samp_mat_process_dev,257,,,,/github/workspace/logsheets/filtered/sediment_sampling.csv,XSDString,False
missing value,ss,samp_mat_process_dev,258,,,,/github/workspace/logsheets/filtered/sediment_sampling.csv,XSDString,False
missing value,ss,samp_mat_process_dev,259,,,,/github/workspace/logsheets/filtered/sediment_sampling.csv,XSDString,False
missing value,ss,samp_mat_process_dev,260,,,,/github/workspace/logsheets/filtered/sediment_sampling.csv,XSDString,False
missing value,ss,samp_mat_process_dev,261,,,,/github/workspace/logsheets/filtered/sediment_sampling.csv,XSDString,False
missing value,ss,samp_mat_process_dev,262,,,,/github/workspace/logsheets/filtered/sediment_sampling.csv,XSDString,False
missing value,ss,samp_store_loc,1,,,,/github/workspace/logsheets/filtered/sediment_sampling.csv,XSDString,False
missing value,ss,samp_store_loc,2,,,,/github/workspace/logsheets/filtered/sediment_sampling.csv,XSDString,False
missing value,ss,samp_store_loc,5,,,,/github/workspace/logsheets/filtered/sediment_sampling.csv,XSDString,False
missing value,ss,samp_store_loc,6,,,,/github/workspace/logsheets/filtered/sediment_sampling.csv,XSDString,False
missing value,ss,samp_store_loc,10,,,,/github/workspace/logsheets/filtered/sediment_sampling.csv,XSDString,False
missing value,ss,samp_store_loc,11,,,,/github/workspace/logsheets/filtered/sediment_sampling.csv,XSDString,False
missing value,ss,samp_store_loc,14,,,,/github/workspace/logsheets/filtered/sediment_sampling.csv,XSDString,False
missing value,ss,samp_store_loc,15,,,,/github/workspace/logsheets/filtered/sediment_sampling.csv,XSDString,False
missing value,ss,samp_store_loc,214,,,,/github/workspace/logsheets/filtered/sediment_sampling.csv,XSDString,False
missing value,ss,samp_store_loc,215,,,,/github/workspace/logsheets/filtered/sediment_sampling.csv,XSDString,False
missing value,ss,samp_store_loc,216,,,,/github/workspace/logsheets/filtered/sediment_sampling.csv,XSDString,False
missing value,ss,samp_store_loc,217,,,,/github/workspace/logsheets/filtered/sediment_sampling.csv,XSDString,False
missing value,ss,samp_store_loc,218,,,,/github/workspace/logsheets/filtered/sediment_sampling.csv,XSDString,False
missing value,ss,samp_store_loc,219,,,,/github/workspace/logsheets/filtered/sediment_sampling.csv,XSDString,False
missing value,ss,samp_store_loc,220,,,,/github/workspace/logsheets/filtered/sediment_sampling.csv,XSDString,False
missing value,ss,samp_store_loc,221,,,,/github/workspace/logsheets/filtered/sediment_sampling.csv,XSDString,False
missing value,ss,samp_store_loc,222,,,,/github/workspace/logsheets/filtered/sediment_sampling.csv,XSDString,False
missing value,ss,samp_store_loc,223,,,,/github/workspace/logsheets/filtered/sediment_sampling.csv,XSDString,False
missing value,ss,samp_store_loc,224,,,,/github/workspace/logsheets/filtered/sediment_sampling.csv,XSDString,False
missing value,ss,samp_store_loc,225,,,,/github/workspace/logsheets/filtered/sediment_sampling.csv,XSDString,False
missing value,ss,samp_store_loc,226,,,,/github/workspace/logsheets/filtered/sediment_sampling.csv,XSDString,False
missing value,ss,samp_store_loc,227,,,,/github/workspace/logsheets/filtered/sediment_sampling.csv,XSDString,False
missing value,ss,samp_store_loc,228,,,,/github/workspace/logsheets/filtered/sediment_sampling.csv,XSDString,False
missing value,ss,samp_store_loc,229,,,,/github/workspace/logsheets/filtered/sediment_sampling.csv,XSDString,False
missing value,ss,samp_store_loc,230,,,,/github/workspace/logsheets/filtered/sediment_sampling.csv,XSDString,False
missing value,ss,samp_store_loc,231,,,,/github/workspace/logsheets/filtered/sediment_sampling.csv,XSDString,False
missing value,ss,samp_store_loc,232,,,,/github/workspace/logsheets/filtered/sediment_sampling.csv,XSDString,False
missing value,ss,samp_store_loc,233,,,,/github/workspace/logsheets/filtered/sediment_sampling.csv,XSDString,False
missing value,ss,samp_store_loc,234,,,,/github/workspace/logsheets/filtered/sediment_sampling.csv,XSDString,False
missing value,ss,samp_store_loc,235,,,,/github/workspace/logsheets/filtered/sediment_sampling.csv,XSDString,False
missing value,ss,samp_store_loc,236,,,,/github/workspace/logsheets/filtered/sediment_sampling.csv,XSDString,False
missing value,ss,samp_store_loc,237,,,,/github/workspace/logsheets/filtered/sediment_sampling.csv,XSDString,False
missing value,ss,samp_store_loc,238,,,,/github/workspace/logsheets/filtered/sediment_sampling.csv,XSDString,False
missing value,ss,samp_store_loc,239,,,,/github/workspace/logsheets/filtered/sediment_sampling.csv,XSDString,False
missing value,ss,samp_store_loc,240,,,,/github/workspace/logsheets/filtered/sediment_sampling.csv,XSDString,False
missing value,ss,samp_store_loc,241,,,,/github/workspace/logsheets/filtered/sediment_sampling.csv,XSDString,False
missing value,ss,samp_store_loc,242,,,,/github/workspace/logsheets/filtered/sediment_sampling.csv,XSDString,False
missing value,ss,samp_store_loc,243,,,,/github/workspace/logsheets/filtered/sediment_sampling.csv,XSDString,False
missing value,ss,samp_store_loc,244,,,,/github/workspace/logsheets/filtered/sediment_sampling.csv,XSDString,False
missing value,ss,samp_store_loc,245,,,,/github/workspace/logsheets/filtered/sediment_sampling.csv,XSDString,False
missing value,ss,samp_store_loc,246,,,,/github/workspace/logsheets/filtered/sediment_sampling.csv,XSDString,False
missing value,ss,samp_store_loc,247,,,,/github/workspace/logsheets/filtered/sediment_sampling.csv,XSDString,False
missing value,ss,samp_store_loc,248,,,,/github/workspace/logsheets/filtered/sediment_sampling.csv,XSDString,False
missing value,ss,samp_store_loc,249,,,,/github/workspace/logsheets/filtered/sediment_sampling.csv,XSDString,False
missing value,ss,samp_store_loc,250,,,,/github/workspace/logsheets/filtered/sediment_sampling.csv,XSDString,False
missing value,ss,samp_store_loc,251,,,,/github/workspace/logsheets/filtered/sediment_sampling.csv,XSDString,False
missing value,ss,samp_store_loc,252,,,,/github/workspace/logsheets/filtered/sediment_sampling.csv,XSDString,False
missing value,ss,samp_store_loc,253,,,,/github/workspace/logsheets/filtered/sediment_sampling.csv,XSDString,False
missing value,ss,samp_store_loc,254,,,,/github/workspace/logsheets/filtered/sediment_sampling.csv,XSDString,False
missing value,ss,samp_store_loc,255,,,,/github/workspace/logsheets/filtered/sediment_sampling.csv,XSDString,False
missing value,ss,samp_store_loc,256,,,,/github/workspace/logsheets/filtered/sediment_sampling.csv,XSDString,False
missing value,ss,samp_store_loc,257,,,,/github/workspace/logsheets/filtered/sediment_sampling.csv,XSDString,False
missing value,ss,samp_store_loc,258,,,,/github/workspace/logsheets/filtered/sediment_sampling.csv,XSDString,False
missing value,ss,samp_store_loc,259,,,,/github/workspace/logsheets/filtered/sediment_sampling.csv,XSDString,False
missing value,ss,samp_store_loc,260,,,,/github/workspace/logsheets/filtered/sediment_sampling.csv,XSDString,False
missing value,ss,samp_store_loc,261,,,,/github/workspace/logsheets/filtered/sediment_sampling.csv,XSDString,False
missing value,ss,samp_store_loc,262,,,,/github/workspace/logsheets/filtered/sediment_sampling.csv,XSDString,False
missing value,ss,samp_store_temp,212,,,,/github/workspace/logsheets/filtered/sediment_sampling.csv,XSDString,False
missing value,ss,samp_store_temp,213,,,,/github/workspace/logsheets/filtered/sediment_sampling.csv,XSDString,False
missing value,ss,samp_store_temp,214,,,,/github/workspace/logsheets/filtered/sediment_sampling.csv,XSDString,False
missing value,ss,samp_store_temp,215,,,,/github/workspace/logsheets/filtered/sediment_sampling.csv,XSDString,False
missing value,ss,samp_store_temp,216,,,,/github/workspace/logsheets/filtered/sediment_sampling.csv,XSDString,False
missing value,ss,samp_store_temp,217,,,,/github/workspace/logsheets/filtered/sediment_sampling.csv,XSDString,False
missing value,ss,samp_store_temp,218,,,,/github/workspace/logsheets/filtered/sediment_sampling.csv,XSDString,False
missing value,ss,samp_store_temp,219,,,,/github/workspace/logsheets/filtered/sediment_sampling.csv,XSDString,False
missing value,ss,samp_store_temp,220,,,,/github/workspace/logsheets/filtered/sediment_sampling.csv,XSDString,False
missing value,ss,samp_store_temp,221,,,,/github/workspace/logsheets/filtered/sediment_sampling.csv,XSDString,False
missing value,ss,samp_store_temp,222,,,,/github/workspace/logsheets/filtered/sediment_sampling.csv,XSDString,False
missing value,ss,samp_store_temp,223,,,,/github/workspace/logsheets/filtered/sediment_sampling.csv,XSDString,False
missing value,ss,samp_store_temp,224,,,,/github/workspace/logsheets/filtered/sediment_sampling.csv,XSDString,False
missing value,ss,samp_store_temp,225,,,,/github/workspace/logsheets/filtered/sediment_sampling.csv,XSDString,False
missing value,ss,samp_store_temp,226,,,,/github/workspace/logsheets/filtered/sediment_sampling.csv,XSDString,False
missing value,ss,samp_store_temp,227,,,,/github/workspace/logsheets/filtered/sediment_sampling.csv,XSDString,False
missing value,ss,samp_store_temp,228,,,,/github/workspace/logsheets/filtered/sediment_sampling.csv,XSDString,False
missing value,ss,samp_store_temp,229,,,,/github/workspace/logsheets/filtered/sediment_sampling.csv,XSDString,False
missing value,ss,samp_store_temp,230,,,,/github/workspace/logsheets/filtered/sediment_sampling.csv,XSDString,False
missing value,ss,samp_store_temp,231,,,,/github/workspace/logsheets/filtered/sediment_sampling.csv,XSDString,False
missing value,ss,samp_store_temp,232,,,,/github/workspace/logsheets/filtered/sediment_sampling.csv,XSDString,False
missing value,ss,samp_store_temp,233,,,,/github/workspace/logsheets/filtered/sediment_sampling.csv,XSDString,False
missing value,ss,samp_store_temp,234,,,,/github/workspace/logsheets/filtered/sediment_sampling.csv,XSDString,False
missing value,ss,samp_store_temp,235,,,,/github/workspace/logsheets/filtered/sediment_sampling.csv,XSDString,False
missing value,ss,samp_store_temp,236,,,,/github/workspace/logsheets/filtered/sediment_sampling.csv,XSDString,False
missing value,ss,samp_store_temp,237,,,,/github/workspace/logsheets/filtered/sediment_sampling.csv,XSDString,False
missing value,ss,samp_store_temp,238,,,,/github/workspace/logsheets/filtered/sediment_sampling.csv,XSDString,False
missing value,ss,samp_store_temp,239,,,,/github/workspace/logsheets/filtered/sediment_sampling.csv,XSDString,False
missing value,ss,samp_store_temp,240,,,,/github/workspace/logsheets/filtered/sediment_sampling.csv,XSDString,False
missing value,ss,samp_store_temp,241,,,,/github/workspace/logsheets/filtered/sediment_sampling.csv,XSDString,False
missing value,ss,samp_store_temp,242,,,,/github/workspace/logsheets/filtered/sediment_sampling.csv,XSDString,False
missing value,ss,samp_store_temp,243,,,,/github/workspace/logsheets/filtered/sediment_sampling.csv,XSDString,False
missing value,ss,samp_store_temp,244,,,,/github/workspace/logsheets/filtered/sediment_sampling.csv,XSDString,False
missing value,ss,samp_store_temp,245,,,,/github/workspace/logsheets/filtered/sediment_sampling.csv,XSDString,False
missing value,ss,samp_store_temp,246,,,,/github/workspace/logsheets/filtered/sediment_sampling.csv,XSDString,False
missing value,ss,samp_store_temp,247,,,,/github/workspace/logsheets/filtered/sediment_sampling.csv,XSDString,False
missing value,ss,samp_store_temp,248,,,,/github/workspace/logsheets/filtered/sediment_sampling.csv,XSDString,False
missing value,ss,samp_store_temp,249,,,,/github/workspace/logsheets/filtered/sediment_sampling.csv,XSDString,False
missing value,ss,samp_store_temp,250,,,,/github/workspace/logsheets/filtered/sediment_sampling.csv,XSDString,False
missing value,ss,samp_store_temp,251,,,,/github/workspace/logsheets/filtered/sediment_sampling.csv,XSDString,False
missing value,ss,samp_store_temp,252,,,,/github/workspace/logsheets/filtered/sediment_sampling.csv,XSDString,False
missing value,ss,samp_store_temp,253,,,,/github/workspace/logsheets/filtered/sediment_sampling.csv,XSDString,False
missing value,ss,samp_store_temp,254,,,,/github/workspace/logsheets/filtered/sediment_sampling.csv,XSDString,False
missing value,ss,samp_store_temp,255,,,,/github/workspace/logsheets/filtered/sediment_sampling.csv,XSDString,False
missing value,ss,samp_store_temp,256,,,,/github/workspace/logsheets/filtered/sediment_sampling.csv,XSDString,False
missing value,ss,samp_store_temp,257,,,,/github/workspace/logsheets/filtered/sediment_sampling.csv,XSDString,False
missing value,ss,samp_store_temp,258,,,,/github/workspace/logsheets/filtered/sediment_sampling.csv,XSDString,False
missing value,ss,samp_store_temp,259,,,,/github/workspace/logsheets/filtered/sediment_sampling.csv,XSDString,False
missing value,ss,samp_store_temp,260,,,,/github/workspace/logsheets/filtered/sediment_sampling.csv,XSDString,False
missing value,ss,samp_store_temp,261,,,,/github/workspace/logsheets/filtered/sediment_sampling.csv,XSDString,False
missing value,ss,samp_store_temp,262,,,,/github/workspace/logsheets/filtered/sediment_sampling.csv,XSDString,False
missing value,ss,sampl_person,212,,,,/github/workspace/logsheets/filtered/sediment_sampling.csv,XSDString,False
missing value,ss,sampl_person,213,,,,/github/workspace/logsheets/filtered/sediment_sampling.csv,XSDString,False
missing value,ss,sampl_person,214,,,,/github/workspace/logsheets/filtered/sediment_sampling.csv,XSDString,False
missing value,ss,sampl_person,215,,,,/github/workspace/logsheets/filtered/sediment_sampling.csv,XSDString,False
missing value,ss,sampl_person,216,,,,/github/workspace/logsheets/filtered/sediment_sampling.csv,XSDString,False
missing value,ss,sampl_person,217,,,,/github/workspace/logsheets/filtered/sediment_sampling.csv,XSDString,False
missing value,ss,sampl_person,218,,,,/github/workspace/logsheets/filtered/sediment_sampling.csv,XSDString,False
missing value,ss,sampl_person,219,,,,/github/workspace/logsheets/filtered/sediment_sampling.csv,XSDString,False
missing value,ss,sampl_person,220,,,,/github/workspace/logsheets/filtered/sediment_sampling.csv,XSDString,False
missing value,ss,sampl_person,221,,,,/github/workspace/logsheets/filtered/sediment_sampling.csv,XSDString,False
missing value,ss,sampl_person,222,,,,/github/workspace/logsheets/filtered/sediment_sampling.csv,XSDString,False
missing value,ss,sampl_person,223,,,,/github/workspace/logsheets/filtered/sediment_sampling.csv,XSDString,False
missing value,ss,sampl_person,224,,,,/github/workspace/logsheets/filtered/sediment_sampling.csv,XSDString,False
missing value,ss,sampl_person,225,,,,/github/workspace/logsheets/filtered/sediment_sampling.csv,XSDString,False
missing value,ss,sampl_person,226,,,,/github/workspace/logsheets/filtered/sediment_sampling.csv,XSDString,False
missing value,ss,sampl_person,227,,,,/github/workspace/logsheets/filtered/sediment_sampling.csv,XSDString,False
missing value,ss,sampl_person,228,,,,/github/workspace/logsheets/filtered/sediment_sampling.csv,XSDString,False
missing value,ss,sampl_person,229,,,,/github/workspace/logsheets/filtered/sediment_sampling.csv,XSDString,False
missing value,ss,sampl_person,230,,,,/github/workspace/logsheets/filtered/sediment_sampling.csv,XSDString,False
missing value,ss,sampl_person,231,,,,/github/workspace/logsheets/filtered/sediment_sampling.csv,XSDString,False
missing value,ss,sampl_person,232,,,,/github/workspace/logsheets/filtered/sediment_sampling.csv,XSDString,False
missing value,ss,sampl_person,233,,,,/github/workspace/logsheets/filtered/sediment_sampling.csv,XSDString,False
missing value,ss,sampl_person,234,,,,/github/workspace/logsheets/filtered/sediment_sampling.csv,XSDString,False
missing value,ss,sampl_person,235,,,,/github/workspace/logsheets/filtered/sediment_sampling.csv,XSDString,False
missing value,ss,sampl_person,236,,,,/github/workspace/logsheets/filtered/sediment_sampling.csv,XSDString,False
missing value,ss,sampl_person,237,,,,/github/workspace/logsheets/filtered/sediment_sampling.csv,XSDString,False
missing value,ss,sampl_person,238,,,,/github/workspace/logsheets/filtered/sediment_sampling.csv,XSDString,False
missing value,ss,sampl_person,239,,,,/github/workspace/logsheets/filtered/sediment_sampling.csv,XSDString,False
missing value,ss,sampl_person,240,,,,/github/workspace/logsheets/filtered/sediment_sampling.csv,XSDString,False
missing value,ss,sampl_person,241,,,,/github/workspace/logsheets/filtered/sediment_sampling.csv,XSDString,False
missing value,ss,sampl_person,242,,,,/github/workspace/logsheets/filtered/sediment_sampling.csv,XSDString,False
missing value,ss,sampl_person,243,,,,/github/workspace/logsheets/filtered/sediment_sampling.csv,XSDString,False
missing value,ss,sampl_person,244,,,,/github/workspace/logsheets/filtered/sediment_sampling.csv,XSDString,False
missing value,ss,sampl_person,245,,,,/github/workspace/logsheets/filtered/sediment_sampling.csv,XSDString,False
missing value,ss,sampl_person,246,,,,/github/workspace/logsheets/filtered/sediment_sampling.csv,XSDString,False
missing value,ss,sampl_person,247,,,,/github/workspace/logsheets/filtered/sediment_sampling.csv,XSDString,False
missing value,ss,sampl_person,248,,,,/github/workspace/logsheets/filtered/sediment_sampling.csv,XSDString,False
missing value,ss,sampl_person,249,,,,/github/workspace/logsheets/filtered/sediment_sampling.csv,XSDString,False
missing value,ss,sampl_person,250,,,,/github/workspace/logsheets/filtered/sediment_sampling.csv,XSDString,False
missing value,ss,sampl_person,251,,,,/github/workspace/logsheets/filtered/sediment_sampling.csv,XSDString,False
missing value,ss,sampl_person,252,,,,/github/workspace/logsheets/filtered/sediment_sampling.csv,XSDString,False
missing value,ss,sampl_person,253,,,,/github/workspace/logsheets/filtered/sediment_sampling.csv,XSDString,False
missing value,ss,sampl_person,254,,,,/github/workspace/logsheets/filtered/sediment_sampling.csv,XSDString,False
missing value,ss,sampl_person,255,,,,/github/workspace/logsheets/filtered/sediment_sampling.csv,XSDString,False
missing value,ss,sampl_person,256,,,,/github/workspace/logsheets/filtered/sediment_sampling.csv,XSDString,False
missing value,ss,sampl_person,257,,,,/github/workspace/logsheets/filtered/sediment_sampling.csv,XSDString,False
missing value,ss,sampl_person,258,,,,/github/workspace/logsheets/filtered/sediment_sampling.csv,XSDString,False
missing value,ss,sampl_person,259,,,,/github/workspace/logsheets/filtered/sediment_sampling.csv,XSDString,False
missing value,ss,sampl_person,260,,,,/github/workspace/logsheets/filtered/sediment_sampling.csv,XSDString,False
missing value,ss,sampl_person,261,,,,/github/workspace/logsheets/filtered/sediment_sampling.csv,XSDString,False
missing value,ss,sampl_person,262,,,,/github/workspace/logsheets/filtered/sediment_sampling.csv,XSDString,False
missing value,ss,sampling_event,212,,,,/github/workspace/logsheets/filtered/sediment_sampling.csv,XSDString,False
missing value,ss,sampling_event,213,,,,/github/workspace/logsheets/filtered/sediment_sampling.csv,XSDString,False
missing value,ss,sampling_event,214,,,,/github/workspace/logsheets/filtered/sediment_sampling.csv,XSDString,False
missing value,ss,sampling_event,215,,,,/github/workspace/logsheets/filtered/sediment_sampling.csv,XSDString,False
missing value,ss,sampling_event,216,,,,/github/workspace/logsheets/filtered/sediment_sampling.csv,XSDString,False
missing value,ss,sampling_event,217,,,,/github/workspace/logsheets/filtered/sediment_sampling.csv,XSDString,False
missing value,ss,sampling_event,218,,,,/github/workspace/logsheets/filtered/sediment_sampling.csv,XSDString,False
missing value,ss,sampling_event,219,,,,/github/workspace/logsheets/filtered/sediment_sampling.csv,XSDString,False
missing value,ss,sampling_event,220,,,,/github/workspace/logsheets/filtered/sediment_sampling.csv,XSDString,False
missing value,ss,sampling_event,221,,,,/github/workspace/logsheets/filtered/sediment_sampling.csv,XSDString,False
missing value,ss,sampling_event,222,,,,/github/workspace/logsheets/filtered/sediment_sampling.csv,XSDString,False
missing value,ss,sampling_event,223,,,,/github/workspace/logsheets/filtered/sediment_sampling.csv,XSDString,False
missing value,ss,sampling_event,224,,,,/github/workspace/logsheets/filtered/sediment_sampling.csv,XSDString,False
missing value,ss,sampling_event,225,,,,/github/workspace/logsheets/filtered/sediment_sampling.csv,XSDString,False
missing value,ss,sampling_event,226,,,,/github/workspace/logsheets/filtered/sediment_sampling.csv,XSDString,False
missing value,ss,sampling_event,227,,,,/github/workspace/logsheets/filtered/sediment_sampling.csv,XSDString,False
missing value,ss,sampling_event,228,,,,/github/workspace/logsheets/filtered/sediment_sampling.csv,XSDString,False
missing value,ss,sampling_event,229,,,,/github/workspace/logsheets/filtered/sediment_sampling.csv,XSDString,False
missing value,ss,sampling_event,230,,,,/github/workspace/logsheets/filtered/sediment_sampling.csv,XSDString,False
missing value,ss,sampling_event,231,,,,/github/workspace/logsheets/filtered/sediment_sampling.csv,XSDString,False
missing value,ss,sampling_event,232,,,,/github/workspace/logsheets/filtered/sediment_sampling.csv,XSDString,False
missing value,ss,sampling_event,233,,,,/github/workspace/logsheets/filtered/sediment_sampling.csv,XSDString,False
missing value,ss,sampling_event,234,,,,/github/workspace/logsheets/filtered/sediment_sampling.csv,XSDString,False
missing value,ss,sampling_event,235,,,,/github/workspace/logsheets/filtered/sediment_sampling.csv,XSDString,False
missing value,ss,sampling_event,236,,,,/github/workspace/logsheets/filtered/sediment_sampling.csv,XSDString,False
missing value,ss,sampling_event,237,,,,/github/workspace/logsheets/filtered/sediment_sampling.csv,XSDString,False
missing value,ss,sampling_event,238,,,,/github/workspace/logsheets/filtered/sediment_sampling.csv,XSDString,False
missing value,ss,sampling_event,239,,,,/github/workspace/logsheets/filtered/sediment_sampling.csv,XSDString,False
missing value,ss,sampling_event,240,,,,/github/workspace/logsheets/filtered/sediment_sampling.csv,XSDString,False
missing value,ss,sampling_event,241,,,,/github/workspace/logsheets/filtered/sediment_sampling.csv,XSDString,False
missing value,ss,sampling_event,242,,,,/github/workspace/logsheets/filtered/sediment_sampling.csv,XSDString,False
missing value,ss,sampling_event,243,,,,/github/workspace/logsheets/filtered/sediment_sampling.csv,XSDString,False
missing value,ss,sampling_event,244,,,,/github/workspace/logsheets/filtered/sediment_sampling.csv,XSDString,False
missing value,ss,sampling_event,245,,,,/github/workspace/logsheets/filtered/sediment_sampling.csv,XSDString,False
missing value,ss,sampling_event,246,,,,/github/workspace/logsheets/filtered/sediment_sampling.csv,XSDString,False
missing value,ss,sampling_event,247,,,,/github/workspace/logsheets/filtered/sediment_sampling.csv,XSDString,False
missing value,ss,sampling_event,248,,,,/github/workspace/logsheets/filtered/sediment_sampling.csv,XSDString,False
missing value,ss,sampling_event,249,,,,/github/workspace/logsheets/filtered/sediment_sampling.csv,XSDString,False
missing value,ss,sampling_event,250,,,,/github/workspace/logsheets/filtered/sediment_sampling.csv,XSDString,False
missing value,ss,sampling_event,251,,,,/github/workspace/logsheets/filtered/sediment_sampling.csv,XSDString,False
missing value,ss,sampling_event,252,,,,/github/workspace/logsheets/filtered/sediment_sampling.csv,XSDString,False
missing value,ss,sampling_event,253,,,,/github/workspace/logsheets/filtered/sediment_sampling.csv,XSDString,False
missing value,ss,sampling_event,254,,,,/github/workspace/logsheets/filtered/sediment_sampling.csv,XSDString,False
missing value,ss,sampling_event,255,,,,/github/workspace/logsheets/filtered/sediment_sampling.csv,XSDString,False
missing value,ss,sampling_event,256,,,,/github/workspace/logsheets/filtered/sediment_sampling.csv,XSDString,False
missing value,ss,sampling_event,257,,,,/github/workspace/logsheets/filtered/sediment_sampling.csv,XSDString,False
missing value,ss,sampling_event,258,,,,/github/workspace/logsheets/filtered/sediment_sampling.csv,XSDString,False
missing value,ss,sampling_event,259,,,,/github/workspace/logsheets/filtered/sediment_sampling.csv,XSDString,False
missing value,ss,sampling_event,260,,,,/github/workspace/logsheets/filtered/sediment_sampling.csv,XSDString,False
missing value,ss,sampling_event,261,,,,/github/workspace/logsheets/filtered/sediment_sampling.csv,XSDString,False
missing value,ss,sampling_event,262,,,,/github/workspace/logsheets/filtered/sediment_sampling.csv,XSDString,False
datatype mismatch,ss,ship_date,1,2023-09-06 00:00:00,2023-09-06,,/github/workspace/logsheets/filtered/sediment_sampling.csv,XSDDate,False
missing value,ss,ship_date,2,,,,/github/workspace/logsheets/filtered/sediment_sampling.csv,XSDDate,False
missing value,ss,ship_date,3,,,,/github/workspace/logsheets/filtered/sediment_sampling.csv,XSDDate,False
missing value,ss,ship_date,4,,,,/github/workspace/logsheets/filtered/sediment_sampling.csv,XSDDate,False
datatype mismatch,ss,ship_date,5,2023-06-12 00:00:00,2023-06-12,,/github/workspace/logsheets/filtered/sediment_sampling.csv,XSDDate,False
datatype mismatch,ss,ship_date,6,2023-06-12 00:00:00,2023-06-12,,/github/workspace/logsheets/filtered/sediment_sampling.csv,XSDDate,False
missing value,ss,ship_date,7,,,,/github/workspace/logsheets/filtered/sediment_sampling.csv,XSDDate,False
missing value,ss,ship_date,8,,,,/github/workspace/logsheets/filtered/sediment_sampling.csv,XSDDate,False
missing value,ss,ship_date,9,,,,/github/workspace/logsheets/filtered/sediment_sampling.csv,XSDDate,False
datatype mismatch,ss,ship_date,10,2023-09-06 00:00:00,2023-09-06,,/github/workspace/logsheets/filtered/sediment_sampling.csv,XSDDate,False
datatype mismatch,ss,ship_date,11,2023-09-06 00:00:00,2023-09-06,,/github/workspace/logsheets/filtered/sediment_sampling.csv,XSDDate,False
missing value,ss,ship_date,12,,,,/github/workspace/logsheets/filtered/sediment_sampling.csv,XSDDate,False
missing value,ss,ship_date,13,,,,/github/workspace/logsheets/filtered/sediment_sampling.csv,XSDDate,False
datatype mismatch,ss,ship_date,14,2023-06-12 00:00:00,2023-06-12,,/github/workspace/logsheets/filtered/sediment_sampling.csv,XSDDate,False
datatype mismatch,ss,ship_date,15,2023-06-12 00:00:00,2023-06-12,,/github/workspace/logsheets/filtered/sediment_sampling.csv,XSDDate,False
missing value,ss,ship_date,16,,,,/github/workspace/logsheets/filtered/sediment_sampling.csv,XSDDate,False
missing value,ss,ship_date,17,,,,/github/workspace/logsheets/filtered/sediment_sampling.csv,XSDDate,False
missing value,ss,ship_date,18,,,,/github/workspace/logsheets/filtered/sediment_sampling.csv,XSDDate,False
missing value,ss,ship_date,212,,,,/github/workspace/logsheets/filtered/sediment_sampling.csv,XSDDate,False
missing value,ss,ship_date,213,,,,/github/workspace/logsheets/filtered/sediment_sampling.csv,XSDDate,False
missing value,ss,ship_date,214,,,,/github/workspace/logsheets/filtered/sediment_sampling.csv,XSDDate,False
missing value,ss,ship_date,215,,,,/github/workspace/logsheets/filtered/sediment_sampling.csv,XSDDate,False
missing value,ss,ship_date,216,,,,/github/workspace/logsheets/filtered/sediment_sampling.csv,XSDDate,False
missing value,ss,ship_date,217,,,,/github/workspace/logsheets/filtered/sediment_sampling.csv,XSDDate,False
missing value,ss,ship_date,218,,,,/github/workspace/logsheets/filtered/sediment_sampling.csv,XSDDate,False
missing value,ss,ship_date,219,,,,/github/workspace/logsheets/filtered/sediment_sampling.csv,XSDDate,False
missing value,ss,ship_date,220,,,,/github/workspace/logsheets/filtered/sediment_sampling.csv,XSDDate,False
missing value,ss,ship_date,221,,,,/github/workspace/logsheets/filtered/sediment_sampling.csv,XSDDate,False
missing value,ss,ship_date,222,,,,/github/workspace/logsheets/filtered/sediment_sampling.csv,XSDDate,False
missing value,ss,ship_date,223,,,,/github/workspace/logsheets/filtered/sediment_sampling.csv,XSDDate,False
missing value,ss,ship_date,224,,,,/github/workspace/logsheets/filtered/sediment_sampling.csv,XSDDate,False
missing value,ss,ship_date,225,,,,/github/workspace/logsheets/filtered/sediment_sampling.csv,XSDDate,False
missing value,ss,ship_date,226,,,,/github/workspace/logsheets/filtered/sediment_sampling.csv,XSDDate,False
missing value,ss,ship_date,227,,,,/github/workspace/logsheets/filtered/sediment_sampling.csv,XSDDate,False
missing value,ss,ship_date,228,,,,/github/workspace/logsheets/filtered/sediment_sampling.csv,XSDDate,False
missing value,ss,ship_date,229,,,,/github/workspace/logsheets/filtered/sediment_sampling.csv,XSDDate,False
missing value,ss,ship_date,230,,,,/github/workspace/logsheets/filtered/sediment_sampling.csv,XSDDate,False
missing value,ss,ship_date,231,,,,/github/workspace/logsheets/filtered/sediment_sampling.csv,XSDDate,False
missing value,ss,ship_date,232,,,,/github/workspace/logsheets/filtered/sediment_sampling.csv,XSDDate,False
missing value,ss,ship_date,233,,,,/github/workspace/logsheets/filtered/sediment_sampling.csv,XSDDate,False
missing value,ss,ship_date,234,,,,/github/workspace/logsheets/filtered/sediment_sampling.csv,XSDDate,False
missing value,ss,ship_date,235,,,,/github/workspace/logsheets/filtered/sediment_sampling.csv,XSDDate,False
missing value,ss,ship_date,236,,,,/github/workspace/logsheets/filtered/sediment_sampling.csv,XSDDate,False
missing value,ss,ship_date,237,,,,/github/workspace/logsheets/filtered/sediment_sampling.csv,XSDDate,False
missing value,ss,ship_date,238,,,,/github/workspace/logsheets/filtered/sediment_sampling.csv,XSDDate,False
missing value,ss,ship_date,239,,,,/github/workspace/logsheets/filtered/sediment_sampling.csv,XSDDate,False
missing value,ss,ship_date,240,,,,/github/workspace/logsheets/filtered/sediment_sampling.csv,XSDDate,False
missing value,ss,ship_date,241,,,,/github/workspace/logsheets/filtered/sediment_sampling.csv,XSDDate,False
missing value,ss,ship_date,242,,,,/github/workspace/logsheets/filtered/sediment_sampling.csv,XSDDate,False
missing value,ss,ship_date,243,,,,/github/workspace/logsheets/filtered/sediment_sampling.csv,XSDDate,False
missing value,ss,ship_date,244,,,,/github/workspace/logsheets/filtered/sediment_sampling.csv,XSDDate,False
missing value,ss,ship_date,245,,,,/github/workspace/logsheets/filtered/sediment_sampling.csv,XSDDate,False
missing value,ss,ship_date,246,,,,/github/workspace/logsheets/filtered/sediment_sampling.csv,XSDDate,False
missing value,ss,ship_date,247,,,,/github/workspace/logsheets/filtered/sediment_sampling.csv,XSDDate,False
missing value,ss,ship_date,248,,,,/github/workspace/logsheets/filtered/sediment_sampling.csv,XSDDate,False
missing value,ss,ship_date,249,,,,/github/workspace/logsheets/filtered/sediment_sampling.csv,XSDDate,False
missing value,ss,ship_date,250,,,,/github/workspace/logsheets/filtered/sediment_sampling.csv,XSDDate,False
missing value,ss,ship_date,251,,,,/github/workspace/logsheets/filtered/sediment_sampling.csv,XSDDate,False
missing value,ss,ship_date,252,,,,/github/workspace/logsheets/filtered/sediment_sampling.csv,XSDDate,False
missing value,ss,ship_date,253,,,,/github/workspace/logsheets/filtered/sediment_sampling.csv,XSDDate,False
missing value,ss,ship_date,254,,,,/github/workspace/logsheets/filtered/sediment_sampling.csv,XSDDate,False
missing value,ss,ship_date,255,,,,/github/workspace/logsheets/filtered/sediment_sampling.csv,XSDDate,False
missing value,ss,ship_date,256,,,,/github/workspace/logsheets/filtered/sediment_sampling.csv,XSDDate,False
missing value,ss,ship_date,257,,,,/github/workspace/logsheets/filtered/sediment_sampling.csv,XSDDate,False
missing value,ss,ship_date,258,,,,/github/workspace/logsheets/filtered/sediment_sampling.csv,XSDDate,False
missing value,ss,ship_date,259,,,,/github/workspace/logsheets/filtered/sediment_sampling.csv,XSDDate,False
missing value,ss,ship_date,260,,,,/github/workspace/logsheets/filtered/sediment_sampling.csv,XSDDate,False
missing value,ss,ship_date,261,,,,/github/workspace/logsheets/filtered/sediment_sampling.csv,XSDDate,False
missing value,ss,ship_date,262,,,,/github/workspace/logsheets/filtered/sediment_sampling.csv,XSDDate,False
datatype mismatch,ss,ship_date_seq,1,2024-04-17 00:00:00,2024-04-17,,/github/workspace/logsheets/filtered/sediment_sampling.csv,XSDDate,False
missing value,ss,ship_date_seq,2,,,,/github/workspace/logsheets/filtered/sediment_sampling.csv,XSDDate,False
missing value,ss,ship_date_seq,3,,,,/github/workspace/logsheets/filtered/sediment_sampling.csv,XSDDate,False
missing value,ss,ship_date_seq,4,,,,/github/workspace/logsheets/filtered/sediment_sampling.csv,XSDDate,False
datatype mismatch,ss,ship_date_seq,5,2024-04-17 00:00:00,2024-04-17,,/github/workspace/logsheets/filtered/sediment_sampling.csv,XSDDate,False
datatype mismatch,ss,ship_date_seq,6,2024-04-17 00:00:00,2024-04-17,,/github/workspace/logsheets/filtered/sediment_sampling.csv,XSDDate,False
missing value,ss,ship_date_seq,7,,,,/github/workspace/logsheets/filtered/sediment_sampling.csv,XSDDate,False
missing value,ss,ship_date_seq,8,,,,/github/workspace/logsheets/filtered/sediment_sampling.csv,XSDDate,False
missing value,ss,ship_date_seq,9,,,,/github/workspace/logsheets/filtered/sediment_sampling.csv,XSDDate,False
datatype mismatch,ss,ship_date_seq,10,2024-04-17 00:00:00,2024-04-17,,/github/workspace/logsheets/filtered/sediment_sampling.csv,XSDDate,False
datatype mismatch,ss,ship_date_seq,11,2024-04-17 00:00:00,2024-04-17,,/github/workspace/logsheets/filtered/sediment_sampling.csv,XSDDate,False
missing value,ss,ship_date_seq,12,,,,/github/workspace/logsheets/filtered/sediment_sampling.csv,XSDDate,False
missing value,ss,ship_date_seq,13,,,,/github/workspace/logsheets/filtered/sediment_sampling.csv,XSDDate,False
datatype mismatch,ss,ship_date_seq,14,2024-04-17 00:00:00,2024-04-17,,/github/workspace/logsheets/filtered/sediment_sampling.csv,XSDDate,False
datatype mismatch,ss,ship_date_seq,15,2024-04-17 00:00:00,2024-04-17,,/github/workspace/logsheets/filtered/sediment_sampling.csv,XSDDate,False
missing value,ss,ship_date_seq,16,,,,/github/workspace/logsheets/filtered/sediment_sampling.csv,XSDDate,False
missing value,ss,ship_date_seq,17,,,,/github/workspace/logsheets/filtered/sediment_sampling.csv,XSDDate,False
missing value,ss,ship_date_seq,18,,,,/github/workspace/logsheets/filtered/sediment_sampling.csv,XSDDate,False
missing value,ss,ship_date_seq,212,,,,/github/workspace/logsheets/filtered/sediment_sampling.csv,XSDDate,False
missing value,ss,ship_date_seq,213,,,,/github/workspace/logsheets/filtered/sediment_sampling.csv,XSDDate,False
missing value,ss,ship_date_seq,214,,,,/github/workspace/logsheets/filtered/sediment_sampling.csv,XSDDate,False
missing value,ss,ship_date_seq,215,,,,/github/workspace/logsheets/filtered/sediment_sampling.csv,XSDDate,False
missing value,ss,ship_date_seq,216,,,,/github/workspace/logsheets/filtered/sediment_sampling.csv,XSDDate,False
missing value,ss,ship_date_seq,217,,,,/github/workspace/logsheets/filtered/sediment_sampling.csv,XSDDate,False
missing value,ss,ship_date_seq,218,,,,/github/workspace/logsheets/filtered/sediment_sampling.csv,XSDDate,False
missing value,ss,ship_date_seq,219,,,,/github/workspace/logsheets/filtered/sediment_sampling.csv,XSDDate,False
missing value,ss,ship_date_seq,220,,,,/github/workspace/logsheets/filtered/sediment_sampling.csv,XSDDate,False
missing value,ss,ship_date_seq,221,,,,/github/workspace/logsheets/filtered/sediment_sampling.csv,XSDDate,False
missing value,ss,ship_date_seq,222,,,,/github/workspace/logsheets/filtered/sediment_sampling.csv,XSDDate,False
missing value,ss,ship_date_seq,223,,,,/github/workspace/logsheets/filtered/sediment_sampling.csv,XSDDate,False
missing value,ss,ship_date_seq,224,,,,/github/workspace/logsheets/filtered/sediment_sampling.csv,XSDDate,False
missing value,ss,ship_date_seq,225,,,,/github/workspace/logsheets/filtered/sediment_sampling.csv,XSDDate,False
missing value,ss,ship_date_seq,226,,,,/github/workspace/logsheets/filtered/sediment_sampling.csv,XSDDate,False
missing value,ss,ship_date_seq,227,,,,/github/workspace/logsheets/filtered/sediment_sampling.csv,XSDDate,False
missing value,ss,ship_date_seq,228,,,,/github/workspace/logsheets/filtered/sediment_sampling.csv,XSDDate,False
missing value,ss,ship_date_seq,229,,,,/github/workspace/logsheets/filtered/sediment_sampling.csv,XSDDate,False
missing value,ss,ship_date_seq,230,,,,/github/workspace/logsheets/filtered/sediment_sampling.csv,XSDDate,False
missing value,ss,ship_date_seq,231,,,,/github/workspace/logsheets/filtered/sediment_sampling.csv,XSDDate,False
missing value,ss,ship_date_seq,232,,,,/github/workspace/logsheets/filtered/sediment_sampling.csv,XSDDate,False
missing value,ss,ship_date_seq,233,,,,/github/workspace/logsheets/filtered/sediment_sampling.csv,XSDDate,False
missing value,ss,ship_date_seq,234,,,,/github/workspace/logsheets/filtered/sediment_sampling.csv,XSDDate,False
missing value,ss,ship_date_seq,235,,,,/github/workspace/logsheets/filtered/sediment_sampling.csv,XSDDate,False
missing value,ss,ship_date_seq,236,,,,/github/workspace/logsheets/filtered/sediment_sampling.csv,XSDDate,False
missing value,ss,ship_date_seq,237,,,,/github/workspace/logsheets/filtered/sediment_sampling.csv,XSDDate,False
missing value,ss,ship_date_seq,238,,,,/github/workspace/logsheets/filtered/sediment_sampling.csv,XSDDate,False
missing value,ss,ship_date_seq,239,,,,/github/workspace/logsheets/filtered/sediment_sampling.csv,XSDDate,False
missing value,ss,ship_date_seq,240,,,,/github/workspace/logsheets/filtered/sediment_sampling.csv,XSDDate,False
missing value,ss,ship_date_seq,241,,,,/github/workspace/logsheets/filtered/sediment_sampling.csv,XSDDate,False
missing value,ss,ship_date_seq,242,,,,/github/workspace/logsheets/filtered/sediment_sampling.csv,XSDDate,False
missing value,ss,ship_date_seq,243,,,,/github/workspace/logsheets/filtered/sediment_sampling.csv,XSDDate,False
missing value,ss,ship_date_seq,244,,,,/github/workspace/logsheets/filtered/sediment_sampling.csv,XSDDate,False
missing value,ss,ship_date_seq,245,,,,/github/workspace/logsheets/filtered/sediment_sampling.csv,XSDDate,False
missing value,ss,ship_date_seq,246,,,,/github/workspace/logsheets/filtered/sediment_sampling.csv,XSDDate,False
missing value,ss,ship_date_seq,247,,,,/github/workspace/logsheets/filtered/sediment_sampling.csv,XSDDate,False
missing value,ss,ship_date_seq,248,,,,/github/workspace/logsheets/filtered/sediment_sampling.csv,XSDDate,False
missing value,ss,ship_date_seq,249,,,,/github/workspace/logsheets/filtered/sediment_sampling.csv,XSDDate,False
missing value,ss,ship_date_seq,250,,,,/github/workspace/logsheets/filtered/sediment_sampling.csv,XSDDate,False
missing value,ss,ship_date_seq,251,,,,/github/workspace/logsheets/filtered/sediment_sampling.csv,XSDDate,False
missing value,ss,ship_date_seq,252,,,,/github/workspace/logsheets/filtered/sediment_sampling.csv,XSDDate,False
missing value,ss,ship_date_seq,253,,,,/github/workspace/logsheets/filtered/sediment_sampling.csv,XSDDate,False
missing value,ss,ship_date_seq,254,,,,/github/workspace/logsheets/filtered/sediment_sampling.csv,XSDDate,False
missing value,ss,ship_date_seq,255,,,,/github/workspace/logsheets/filtered/sediment_sampling.csv,XSDDate,False
missing value,ss,ship_date_seq,256,,,,/github/workspace/logsheets/filtered/sediment_sampling.csv,XSDDate,False
missing value,ss,ship_date_seq,257,,,,/github/workspace/logsheets/filtered/sediment_sampling.csv,XSDDate,False
missing value,ss,ship_date_seq,258,,,,/github/workspace/logsheets/filtered/sediment_sampling.csv,XSDDate,False
missing value,ss,ship_date_seq,259,,,,/github/workspace/logsheets/filtered/sediment_sampling.csv,XSDDate,False
missing value,ss,ship_date_seq,260,,,,/github/workspace/logsheets/filtered/sediment_sampling.csv,XSDDate,False
missing value,ss,ship_date_seq,261,,,,/github/workspace/logsheets/filtered/sediment_sampling.csv,XSDDate,False
missing value,ss,ship_date_seq,262,,,,/github/workspace/logsheets/filtered/sediment_sampling.csv,XSDDate,False
missing value,ss,size_frac_low,5,,,,/github/workspace/logsheets/filtered/sediment_sampling.csv,XSDDouble,False
missing value,ss,size_frac_low,6,,,,/github/workspace/logsheets/filtered/sediment_sampling.csv,XSDDouble,False
missing value,ss,size_frac_low,7,,,,/github/workspace/logsheets/filtered/sediment_sampling.csv,XSDDouble,False
missing value,ss,size_frac_low,8,,,,/github/workspace/logsheets/filtered/sediment_sampling.csv,XSDDouble,False
missing value,ss,size_frac_low,9,,,,/github/workspace/logsheets/filtered/sediment_sampling.csv,XSDDouble,False
missing value,ss,size_frac_low,14,,,,/github/workspace/logsheets/filtered/sediment_sampling.csv,XSDDouble,False
missing value,ss,size_frac_low,15,,,,/github/workspace/logsheets/filtered/sediment_sampling.csv,XSDDouble,False
missing value,ss,size_frac_low,16,,,,/github/workspace/logsheets/filtered/sediment_sampling.csv,XSDDouble,False
missing value,ss,size_frac_low,17,,,,/github/workspace/logsheets/filtered/sediment_sampling.csv,XSDDouble,False
missing value,ss,size_frac_low,18,,,,/github/workspace/logsheets/filtered/sediment_sampling.csv,XSDDouble,False
missing value,ss,size_frac_low,212,,,,/github/workspace/logsheets/filtered/sediment_sampling.csv,XSDDouble,False
missing value,ss,size_frac_low,213,,,,/github/workspace/logsheets/filtered/sediment_sampling.csv,XSDDouble,False
missing value,ss,size_frac_low,214,,,,/github/workspace/logsheets/filtered/sediment_sampling.csv,XSDDouble,False
missing value,ss,size_frac_low,215,,,,/github/workspace/logsheets/filtered/sediment_sampling.csv,XSDDouble,False
missing value,ss,size_frac_low,216,,,,/github/workspace/logsheets/filtered/sediment_sampling.csv,XSDDouble,False
missing value,ss,size_frac_low,217,,,,/github/workspace/logsheets/filtered/sediment_sampling.csv,XSDDouble,False
missing value,ss,size_frac_low,218,,,,/github/workspace/logsheets/filtered/sediment_sampling.csv,XSDDouble,False
missing value,ss,size_frac_low,219,,,,/github/workspace/logsheets/filtered/sediment_sampling.csv,XSDDouble,False
missing value,ss,size_frac_low,220,,,,/github/workspace/logsheets/filtered/sediment_sampling.csv,XSDDouble,False
missing value,ss,size_frac_low,221,,,,/github/workspace/logsheets/filtered/sediment_sampling.csv,XSDDouble,False
missing value,ss,size_frac_low,222,,,,/github/workspace/logsheets/filtered/sediment_sampling.csv,XSDDouble,False
missing value,ss,size_frac_low,223,,,,/github/workspace/logsheets/filtered/sediment_sampling.csv,XSDDouble,False
missing value,ss,size_frac_low,224,,,,/github/workspace/logsheets/filtered/sediment_sampling.csv,XSDDouble,False
missing value,ss,size_frac_low,225,,,,/github/workspace/logsheets/filtered/sediment_sampling.csv,XSDDouble,False
missing value,ss,size_frac_low,226,,,,/github/workspace/logsheets/filtered/sediment_sampling.csv,XSDDouble,False
missing value,ss,size_frac_low,227,,,,/github/workspace/logsheets/filtered/sediment_sampling.csv,XSDDouble,False
missing value,ss,size_frac_low,228,,,,/github/workspace/logsheets/filtered/sediment_sampling.csv,XSDDouble,False
missing value,ss,size_frac_low,229,,,,/github/workspace/logsheets/filtered/sediment_sampling.csv,XSDDouble,False
missing value,ss,size_frac_low,230,,,,/github/workspace/logsheets/filtered/sediment_sampling.csv,XSDDouble,False
missing value,ss,size_frac_low,231,,,,/github/workspace/logsheets/filtered/sediment_sampling.csv,XSDDouble,False
missing value,ss,size_frac_low,232,,,,/github/workspace/logsheets/filtered/sediment_sampling.csv,XSDDouble,False
missing value,ss,size_frac_low,233,,,,/github/workspace/logsheets/filtered/sediment_sampling.csv,XSDDouble,False
missing value,ss,size_frac_low,234,,,,/github/workspace/logsheets/filtered/sediment_sampling.csv,XSDDouble,False
missing value,ss,size_frac_low,235,,,,/github/workspace/logsheets/filtered/sediment_sampling.csv,XSDDouble,False
missing value,ss,size_frac_low,236,,,,/github/workspace/logsheets/filtered/sediment_sampling.csv,XSDDouble,False
missing value,ss,size_frac_low,237,,,,/github/workspace/logsheets/filtered/sediment_sampling.csv,XSDDouble,False
missing value,ss,size_frac_low,238,,,,/github/workspace/logsheets/filtered/sediment_sampling.csv,XSDDouble,False
missing value,ss,size_frac_low,239,,,,/github/workspace/logsheets/filtered/sediment_sampling.csv,XSDDouble,False
missing value,ss,size_frac_low,240,,,,/github/workspace/logsheets/filtered/sediment_sampling.csv,XSDDouble,False
missing value,ss,size_frac_low,241,,,,/github/workspace/logsheets/filtered/sediment_sampling.csv,XSDDouble,False
missing value,ss,size_frac_low,242,,,,/github/workspace/logsheets/filtered/sediment_sampling.csv,XSDDouble,False
missing value,ss,size_frac_low,243,,,,/github/workspace/logsheets/filtered/sediment_sampling.csv,XSDDouble,False
missing value,ss,size_frac_low,244,,,,/github/workspace/logsheets/filtered/sediment_sampling.csv,XSDDouble,False
missing value,ss,size_frac_low,245,,,,/github/workspace/logsheets/filtered/sediment_sampling.csv,XSDDouble,False
missing value,ss,size_frac_low,246,,,,/github/workspace/logsheets/filtered/sediment_sampling.csv,XSDDouble,False
missing value,ss,size_frac_low,247,,,,/github/workspace/logsheets/filtered/sediment_sampling.csv,XSDDouble,False
missing value,ss,size_frac_low,248,,,,/github/workspace/logsheets/filtered/sediment_sampling.csv,XSDDouble,False
missing value,ss,size_frac_low,249,,,,/github/workspace/logsheets/filtered/sediment_sampling.csv,XSDDouble,False
missing value,ss,size_frac_low,250,,,,/github/workspace/logsheets/filtered/sediment_sampling.csv,XSDDouble,False
missing value,ss,size_frac_low,251,,,,/github/workspace/logsheets/filtered/sediment_sampling.csv,XSDDouble,False
missing value,ss,size_frac_low,252,,,,/github/workspace/logsheets/filtered/sediment_sampling.csv,XSDDouble,False
missing value,ss,size_frac_low,253,,,,/github/workspace/logsheets/filtered/sediment_sampling.csv,XSDDouble,False
missing value,ss,size_frac_low,254,,,,/github/workspace/logsheets/filtered/sediment_sampling.csv,XSDDouble,False
missing value,ss,size_frac_low,255,,,,/github/workspace/logsheets/filtered/sediment_sampling.csv,XSDDouble,False
missing value,ss,size_frac_low,256,,,,/github/workspace/logsheets/filtered/sediment_sampling.csv,XSDDouble,False
missing value,ss,size_frac_low,257,,,,/github/workspace/logsheets/filtered/sediment_sampling.csv,XSDDouble,False
missing value,ss,size_frac_low,258,,,,/github/workspace/logsheets/filtered/sediment_sampling.csv,XSDDouble,False
missing value,ss,size_frac_low,259,,,,/github/workspace/logsheets/filtered/sediment_sampling.csv,XSDDouble,False
missing value,ss,size_frac_low,260,,,,/github/workspace/logsheets/filtered/sediment_sampling.csv,XSDDouble,False
missing value,ss,size_frac_low,261,,,,/github/workspace/logsheets/filtered/sediment_sampling.csv,XSDDouble,False
missing value,ss,size_frac_low,262,,,,/github/workspace/logsheets/filtered/sediment_sampling.csv,XSDDouble,False
missing value,ss,size_frac_up,1,,,,/github/workspace/logsheets/filtered/sediment_sampling.csv,XSDDouble,False
missing value,ss,size_frac_up,2,,,,/github/workspace/logsheets/filtered/sediment_sampling.csv,XSDDouble,False
missing value,ss,size_frac_up,3,,,,/github/workspace/logsheets/filtered/sediment_sampling.csv,XSDDouble,False
missing value,ss,size_frac_up,4,,,,/github/workspace/logsheets/filtered/sediment_sampling.csv,XSDDouble,False
missing value,ss,size_frac_up,5,,,,/github/workspace/logsheets/filtered/sediment_sampling.csv,XSDDouble,False
missing value,ss,size_frac_up,6,,,,/github/workspace/logsheets/filtered/sediment_sampling.csv,XSDDouble,False
missing value,ss,size_frac_up,7,,,,/github/workspace/logsheets/filtered/sediment_sampling.csv,XSDDouble,False
missing value,ss,size_frac_up,8,,,,/github/workspace/logsheets/filtered/sediment_sampling.csv,XSDDouble,False
missing value,ss,size_frac_up,9,,,,/github/workspace/logsheets/filtered/sediment_sampling.csv,XSDDouble,False
missing value,ss,size_frac_up,10,,,,/github/workspace/logsheets/filtered/sediment_sampling.csv,XSDDouble,False
missing value,ss,size_frac_up,11,,,,/github/workspace/logsheets/filtered/sediment_sampling.csv,XSDDouble,False
missing value,ss,size_frac_up,12,,,,/github/workspace/logsheets/filtered/sediment_sampling.csv,XSDDouble,False
missing value,ss,size_frac_up,13,,,,/github/workspace/logsheets/filtered/sediment_sampling.csv,XSDDouble,False
missing value,ss,size_frac_up,14,,,,/github/workspace/logsheets/filtered/sediment_sampling.csv,XSDDouble,False
missing value,ss,size_frac_up,15,,,,/github/workspace/logsheets/filtered/sediment_sampling.csv,XSDDouble,False
missing value,ss,size_frac_up,16,,,,/github/workspace/logsheets/filtered/sediment_sampling.csv,XSDDouble,False
missing value,ss,size_frac_up,17,,,,/github/workspace/logsheets/filtered/sediment_sampling.csv,XSDDouble,False
missing value,ss,size_frac_up,18,,,,/github/workspace/logsheets/filtered/sediment_sampling.csv,XSDDouble,False
missing value,ss,size_frac_up,212,,,,/github/workspace/logsheets/filtered/sediment_sampling.csv,XSDDouble,False
missing value,ss,size_frac_up,213,,,,/github/workspace/logsheets/filtered/sediment_sampling.csv,XSDDouble,False
missing value,ss,size_frac_up,214,,,,/github/workspace/logsheets/filtered/sediment_sampling.csv,XSDDouble,False
missing value,ss,size_frac_up,215,,,,/github/workspace/logsheets/filtered/sediment_sampling.csv,XSDDouble,False
missing value,ss,size_frac_up,216,,,,/github/workspace/logsheets/filtered/sediment_sampling.csv,XSDDouble,False
missing value,ss,size_frac_up,217,,,,/github/workspace/logsheets/filtered/sediment_sampling.csv,XSDDouble,False
missing value,ss,size_frac_up,218,,,,/github/workspace/logsheets/filtered/sediment_sampling.csv,XSDDouble,False
missing value,ss,size_frac_up,219,,,,/github/workspace/logsheets/filtered/sediment_sampling.csv,XSDDouble,False
missing value,ss,size_frac_up,220,,,,/github/workspace/logsheets/filtered/sediment_sampling.csv,XSDDouble,False
missing value,ss,size_frac_up,221,,,,/github/workspace/logsheets/filtered/sediment_sampling.csv,XSDDouble,False
missing value,ss,size_frac_up,222,,,,/github/workspace/logsheets/filtered/sediment_sampling.csv,XSDDouble,False
missing value,ss,size_frac_up,223,,,,/github/workspace/logsheets/filtered/sediment_sampling.csv,XSDDouble,False
missing value,ss,size_frac_up,224,,,,/github/workspace/logsheets/filtered/sediment_sampling.csv,XSDDouble,False
missing value,ss,size_frac_up,225,,,,/github/workspace/logsheets/filtered/sediment_sampling.csv,XSDDouble,False
missing value,ss,size_frac_up,226,,,,/github/workspace/logsheets/filtered/sediment_sampling.csv,XSDDouble,False
missing value,ss,size_frac_up,227,,,,/github/workspace/logsheets/filtered/sediment_sampling.csv,XSDDouble,False
missing value,ss,size_frac_up,228,,,,/github/workspace/logsheets/filtered/sediment_sampling.csv,XSDDouble,False
missing value,ss,size_frac_up,229,,,,/github/workspace/logsheets/filtered/sediment_sampling.csv,XSDDouble,False
missing value,ss,size_frac_up,230,,,,/github/workspace/logsheets/filtered/sediment_sampling.csv,XSDDouble,False
missing value,ss,size_frac_up,231,,,,/github/workspace/logsheets/filtered/sediment_sampling.csv,XSDDouble,False
missing value,ss,size_frac_up,232,,,,/github/workspace/logsheets/filtered/sediment_sampling.csv,XSDDouble,False
missing value,ss,size_frac_up,233,,,,/github/workspace/logsheets/filtered/sediment_sampling.csv,XSDDouble,False
missing value,ss,size_frac_up,234,,,,/github/workspace/logsheets/filtered/sediment_sampling.csv,XSDDouble,False
missing value,ss,size_frac_up,235,,,,/github/workspace/logsheets/filtered/sediment_sampling.csv,XSDDouble,False
missing value,ss,size_frac_up,236,,,,/github/workspace/logsheets/filtered/sediment_sampling.csv,XSDDouble,False
missing value,ss,size_frac_up,237,,,,/github/workspace/logsheets/filtered/sediment_sampling.csv,XSDDouble,False
missing value,ss,size_frac_up,238,,,,/github/workspace/logsheets/filtered/sediment_sampling.csv,XSDDouble,False
missing value,ss,size_frac_up,239,,,,/github/workspace/logsheets/filtered/sediment_sampling.csv,XSDDouble,False
missing value,ss,size_frac_up,240,,,,/github/workspace/logsheets/filtered/sediment_sampling.csv,XSDDouble,False
missing value,ss,size_frac_up,241,,,,/github/workspace/logsheets/filtered/sediment_sampling.csv,XSDDouble,False
missing value,ss,size_frac_up,242,,,,/github/workspace/logsheets/filtered/sediment_sampling.csv,XSDDouble,False
missing value,ss,size_frac_up,243,,,,/github/workspace/logsheets/filtered/sediment_sampling.csv,XSDDouble,False
missing value,ss,size_frac_up,244,,,,/github/workspace/logsheets/filtered/sediment_sampling.csv,XSDDouble,False
missing value,ss,size_frac_up,245,,,,/github/workspace/logsheets/filtered/sediment_sampling.csv,XSDDouble,False
missing value,ss,size_frac_up,246,,,,/github/workspace/logsheets/filtered/sediment_sampling.csv,XSDDouble,False
missing value,ss,size_frac_up,247,,,,/github/workspace/logsheets/filtered/sediment_sampling.csv,XSDDouble,False
missing value,ss,size_frac_up,248,,,,/github/workspace/logsheets/filtered/sediment_sampling.csv,XSDDouble,False
missing value,ss,size_frac_up,249,,,,/github/workspace/logsheets/filtered/sediment_sampling.csv,XSDDouble,False
missing value,ss,size_frac_up,250,,,,/github/workspace/logsheets/filtered/sediment_sampling.csv,XSDDouble,False
missing value,ss,size_frac_up,251,,,,/github/workspace/logsheets/filtered/sediment_sampling.csv,XSDDouble,False
missing value,ss,size_frac_up,252,,,,/github/workspace/logsheets/filtered/sediment_sampling.csv,XSDDouble,False
missing value,ss,size_frac_up,253,,,,/github/workspace/logsheets/filtered/sediment_sampling.csv,XSDDouble,False
missing value,ss,size_frac_up,254,,,,/github/workspace/logsheets/filtered/sediment_sampling.csv,XSDDouble,False
missing value,ss,size_frac_up,255,,,,/github/workspace/logsheets/filtered/sediment_sampling.csv,XSDDouble,False
missing value,ss,size_frac_up,256,,,,/github/workspace/logsheets/filtered/sediment_sampling.csv,XSDDouble,False
missing value,ss,size_frac_up,257,,,,/github/workspace/logsheets/filtered/sediment_sampling.csv,XSDDouble,False
missing value,ss,size_frac_up,258,,,,/github/workspace/logsheets/filtered/sediment_sampling.csv,XSDDouble,False
missing value,ss,size_frac_up,259,,,,/github/workspace/logsheets/filtered/sediment_sampling.csv,XSDDouble,False
missing value,ss,size_frac_up,260,,,,/github/workspace/logsheets/filtered/sediment_sampling.csv,XSDDouble,False
missing value,ss,size_frac_up,261,,,,/github/workspace/logsheets/filtered/sediment_sampling.csv,XSDDouble,False
missing value,ss,size_frac_up,262,,,,/github/workspace/logsheets/filtered/sediment_sampling.csv,XSDDouble,False
missing value,ss,store_person,212,,,,/github/workspace/logsheets/filtered/sediment_sampling.csv,XSDString,False
missing value,ss,store_person,213,,,,/github/workspace/logsheets/filtered/sediment_sampling.csv,XSDString,False
missing value,ss,store_person,214,,,,/github/workspace/logsheets/filtered/sediment_sampling.csv,XSDString,False
missing value,ss,store_person,215,,,,/github/workspace/logsheets/filtered/sediment_sampling.csv,XSDString,False
missing value,ss,store_person,216,,,,/github/workspace/logsheets/filtered/sediment_sampling.csv,XSDString,False
missing value,ss,store_person,217,,,,/github/workspace/logsheets/filtered/sediment_sampling.csv,XSDString,False
missing value,ss,store_person,218,,,,/github/workspace/logsheets/filtered/sediment_sampling.csv,XSDString,False
missing value,ss,store_person,219,,,,/github/workspace/logsheets/filtered/sediment_sampling.csv,XSDString,False
missing value,ss,store_person,220,,,,/github/workspace/logsheets/filtered/sediment_sampling.csv,XSDString,False
missing value,ss,store_person,221,,,,/github/workspace/logsheets/filtered/sediment_sampling.csv,XSDString,False
missing value,ss,store_person,222,,,,/github/workspace/logsheets/filtered/sediment_sampling.csv,XSDString,False
missing value,ss,store_person,223,,,,/github/workspace/logsheets/filtered/sediment_sampling.csv,XSDString,False
missing value,ss,store_person,224,,,,/github/workspace/logsheets/filtered/sediment_sampling.csv,XSDString,False
missing value,ss,store_person,225,,,,/github/workspace/logsheets/filtered/sediment_sampling.csv,XSDString,False
missing value,ss,store_person,226,,,,/github/workspace/logsheets/filtered/sediment_sampling.csv,XSDString,False
missing value,ss,store_person,227,,,,/github/workspace/logsheets/filtered/sediment_sampling.csv,XSDString,False
missing value,ss,store_person,228,,,,/github/workspace/logsheets/filtered/sediment_sampling.csv,XSDString,False
missing value,ss,store_person,229,,,,/github/workspace/logsheets/filtered/sediment_sampling.csv,XSDString,False
missing value,ss,store_person,230,,,,/github/workspace/logsheets/filtered/sediment_sampling.csv,XSDString,False
missing value,ss,store_person,231,,,,/github/workspace/logsheets/filtered/sediment_sampling.csv,XSDString,False
missing value,ss,store_person,232,,,,/github/workspace/logsheets/filtered/sediment_sampling.csv,XSDString,False
missing value,ss,store_person,233,,,,/github/workspace/logsheets/filtered/sediment_sampling.csv,XSDString,False
missing value,ss,store_person,234,,,,/github/workspace/logsheets/filtered/sediment_sampling.csv,XSDString,False
missing value,ss,store_person,235,,,,/github/workspace/logsheets/filtered/sediment_sampling.csv,XSDString,False
missing value,ss,store_person,236,,,,/github/workspace/logsheets/filtered/sediment_sampling.csv,XSDString,False
missing value,ss,store_person,237,,,,/github/workspace/logsheets/filtered/sediment_sampling.csv,XSDString,False
missing value,ss,store_person,238,,,,/github/workspace/logsheets/filtered/sediment_sampling.csv,XSDString,False
missing value,ss,store_person,239,,,,/github/workspace/logsheets/filtered/sediment_sampling.csv,XSDString,False
missing value,ss,store_person,240,,,,/github/workspace/logsheets/filtered/sediment_sampling.csv,XSDString,False
missing value,ss,store_person,241,,,,/github/workspace/logsheets/filtered/sediment_sampling.csv,XSDString,False
missing value,ss,store_person,242,,,,/github/workspace/logsheets/filtered/sediment_sampling.csv,XSDString,False
missing value,ss,store_person,243,,,,/github/workspace/logsheets/filtered/sediment_sampling.csv,XSDString,False
missing value,ss,store_person,244,,,,/github/workspace/logsheets/filtered/sediment_sampling.csv,XSDString,False
missing value,ss,store_person,245,,,,/github/workspace/logsheets/filtered/sediment_sampling.csv,XSDString,False
missing value,ss,store_person,246,,,,/github/workspace/logsheets/filtered/sediment_sampling.csv,XSDString,False
missing value,ss,store_person,247,,,,/github/workspace/logsheets/filtered/sediment_sampling.csv,XSDString,False
missing value,ss,store_person,248,,,,/github/workspace/logsheets/filtered/sediment_sampling.csv,XSDString,False
missing value,ss,store_person,249,,,,/github/workspace/logsheets/filtered/sediment_sampling.csv,XSDString,False
missing value,ss,store_person,250,,,,/github/workspace/logsheets/filtered/sediment_sampling.csv,XSDString,False
missing value,ss,store_person,251,,,,/github/workspace/logsheets/filtered/sediment_sampling.csv,XSDString,False
missing value,ss,store_person,252,,,,/github/workspace/logsheets/filtered/sediment_sampling.csv,XSDString,False
missing value,ss,store_person,253,,,,/github/workspace/logsheets/filtered/sediment_sampling.csv,XSDString,False
missing value,ss,store_person,254,,,,/github/workspace/logsheets/filtered/sediment_sampling.csv,XSDString,False
missing value,ss,store_person,255,,,,/github/workspace/logsheets/filtered/sediment_sampling.csv,XSDString,False
missing value,ss,store_person,256,,,,/github/workspace/logsheets/filtered/sediment_sampling.csv,XSDString,False
missing value,ss,store_person,257,,,,/github/workspace/logsheets/filtered/sediment_sampling.csv,XSDString,False
missing value,ss,store_person,258,,,,/github/workspace/logsheets/filtered/sediment_sampling.csv,XSDString,False
missing value,ss,store_person,259,,,,/github/workspace/logsheets/filtered/sediment_sampling.csv,XSDString,False
missing value,ss,store_person,260,,,,/github/workspace/logsheets/filtered/sediment_sampling.csv,XSDString,False
missing value,ss,store_person,261,,,,/github/workspace/logsheets/filtered/sediment_sampling.csv,XSDString,False
missing value,ss,store_person,262,,,,/github/workspace/logsheets/filtered/sediment_sampling.csv,XSDString,False
missing value,ss,store_temp_hq,2,,,,/github/workspace/logsheets/filtered/sediment_sampling.csv,XSDDouble,False
missing value,ss,store_temp_hq,3,,,,/github/workspace/logsheets/filtered/sediment_sampling.csv,XSDDouble,False
missing value,ss,store_temp_hq,4,,,,/github/workspace/logsheets/filtered/sediment_sampling.csv,XSDDouble,False
missing value,ss,store_temp_hq,7,,,,/github/workspace/logsheets/filtered/sediment_sampling.csv,XSDDouble,False
missing value,ss,store_temp_hq,8,,,,/github/workspace/logsheets/filtered/sediment_sampling.csv,XSDDouble,False
missing value,ss,store_temp_hq,9,,,,/github/workspace/logsheets/filtered/sediment_sampling.csv,XSDDouble,False
missing value,ss,store_temp_hq,12,,,,/github/workspace/logsheets/filtered/sediment_sampling.csv,XSDDouble,False
missing value,ss,store_temp_hq,13,,,,/github/workspace/logsheets/filtered/sediment_sampling.csv,XSDDouble,False
missing value,ss,store_temp_hq,16,,,,/github/workspace/logsheets/filtered/sediment_sampling.csv,XSDDouble,False
missing value,ss,store_temp_hq,17,,,,/github/workspace/logsheets/filtered/sediment_sampling.csv,XSDDouble,False
missing value,ss,store_temp_hq,18,,,,/github/workspace/logsheets/filtered/sediment_sampling.csv,XSDDouble,False
missing value,ss,store_temp_hq,212,,,,/github/workspace/logsheets/filtered/sediment_sampling.csv,XSDDouble,False
missing value,ss,store_temp_hq,213,,,,/github/workspace/logsheets/filtered/sediment_sampling.csv,XSDDouble,False
missing value,ss,store_temp_hq,214,,,,/github/workspace/logsheets/filtered/sediment_sampling.csv,XSDDouble,False
missing value,ss,store_temp_hq,215,,,,/github/workspace/logsheets/filtered/sediment_sampling.csv,XSDDouble,False
missing value,ss,store_temp_hq,216,,,,/github/workspace/logsheets/filtered/sediment_sampling.csv,XSDDouble,False
missing value,ss,store_temp_hq,217,,,,/github/workspace/logsheets/filtered/sediment_sampling.csv,XSDDouble,False
missing value,ss,store_temp_hq,218,,,,/github/workspace/logsheets/filtered/sediment_sampling.csv,XSDDouble,False
missing value,ss,store_temp_hq,219,,,,/github/workspace/logsheets/filtered/sediment_sampling.csv,XSDDouble,False
missing value,ss,store_temp_hq,220,,,,/github/workspace/logsheets/filtered/sediment_sampling.csv,XSDDouble,False
missing value,ss,store_temp_hq,221,,,,/github/workspace/logsheets/filtered/sediment_sampling.csv,XSDDouble,False
missing value,ss,store_temp_hq,222,,,,/github/workspace/logsheets/filtered/sediment_sampling.csv,XSDDouble,False
missing value,ss,store_temp_hq,223,,,,/github/workspace/logsheets/filtered/sediment_sampling.csv,XSDDouble,False
missing value,ss,store_temp_hq,224,,,,/github/workspace/logsheets/filtered/sediment_sampling.csv,XSDDouble,False
missing value,ss,store_temp_hq,225,,,,/github/workspace/logsheets/filtered/sediment_sampling.csv,XSDDouble,False
missing value,ss,store_temp_hq,226,,,,/github/workspace/logsheets/filtered/sediment_sampling.csv,XSDDouble,False
missing value,ss,store_temp_hq,227,,,,/github/workspace/logsheets/filtered/sediment_sampling.csv,XSDDouble,False
missing value,ss,store_temp_hq,228,,,,/github/workspace/logsheets/filtered/sediment_sampling.csv,XSDDouble,False
missing value,ss,store_temp_hq,229,,,,/github/workspace/logsheets/filtered/sediment_sampling.csv,XSDDouble,False
missing value,ss,store_temp_hq,230,,,,/github/workspace/logsheets/filtered/sediment_sampling.csv,XSDDouble,False
missing value,ss,store_temp_hq,231,,,,/github/workspace/logsheets/filtered/sediment_sampling.csv,XSDDouble,False
missing value,ss,store_temp_hq,232,,,,/github/workspace/logsheets/filtered/sediment_sampling.csv,XSDDouble,False
missing value,ss,store_temp_hq,233,,,,/github/workspace/logsheets/filtered/sediment_sampling.csv,XSDDouble,False
missing value,ss,store_temp_hq,234,,,,/github/workspace/logsheets/filtered/sediment_sampling.csv,XSDDouble,False
missing value,ss,store_temp_hq,235,,,,/github/workspace/logsheets/filtered/sediment_sampling.csv,XSDDouble,False
missing value,ss,store_temp_hq,236,,,,/github/workspace/logsheets/filtered/sediment_sampling.csv,XSDDouble,False
missing value,ss,store_temp_hq,237,,,,/github/workspace/logsheets/filtered/sediment_sampling.csv,XSDDouble,False
missing value,ss,store_temp_hq,238,,,,/github/workspace/logsheets/filtered/sediment_sampling.csv,XSDDouble,False
missing value,ss,store_temp_hq,239,,,,/github/workspace/logsheets/filtered/sediment_sampling.csv,XSDDouble,False
missing value,ss,store_temp_hq,240,,,,/github/workspace/logsheets/filtered/sediment_sampling.csv,XSDDouble,False
missing value,ss,store_temp_hq,241,,,,/github/workspace/logsheets/filtered/sediment_sampling.csv,XSDDouble,False
missing value,ss,store_temp_hq,242,,,,/github/workspace/logsheets/filtered/sediment_sampling.csv,XSDDouble,False
missing value,ss,store_temp_hq,243,,,,/github/workspace/logsheets/filtered/sediment_sampling.csv,XSDDouble,False
missing value,ss,store_temp_hq,244,,,,/github/workspace/logsheets/filtered/sediment_sampling.csv,XSDDouble,False
missing value,ss,store_temp_hq,245,,,,/github/workspace/logsheets/filtered/sediment_sampling.csv,XSDDouble,False
missing value,ss,store_temp_hq,246,,,,/github/workspace/logsheets/filtered/sediment_sampling.csv,XSDDouble,False
missing value,ss,store_temp_hq,247,,,,/github/workspace/logsheets/filtered/sediment_sampling.csv,XSDDouble,False
missing value,ss,store_temp_hq,248,,,,/github/workspace/logsheets/filtered/sediment_sampling.csv,XSDDouble,False
missing value,ss,store_temp_hq,249,,,,/github/workspace/logsheets/filtered/sediment_sampling.csv,XSDDouble,False
missing value,ss,store_temp_hq,250,,,,/github/workspace/logsheets/filtered/sediment_sampling.csv,XSDDouble,False
missing value,ss,store_temp_hq,251,,,,/github/workspace/logsheets/filtered/sediment_sampling.csv,XSDDouble,False
missing value,ss,store_temp_hq,252,,,,/github/workspace/logsheets/filtered/sediment_sampling.csv,XSDDouble,False
missing value,ss,store_temp_hq,253,,,,/github/workspace/logsheets/filtered/sediment_sampling.csv,XSDDouble,False
missing value,ss,store_temp_hq,254,,,,/github/workspace/logsheets/filtered/sediment_sampling.csv,XSDDouble,False
missing value,ss,store_temp_hq,255,,,,/github/workspace/logsheets/filtered/sediment_sampling.csv,XSDDouble,False
missing value,ss,store_temp_hq,256,,,,/github/workspace/logsheets/filtered/sediment_sampling.csv,XSDDouble,False
missing value,ss,store_temp_hq,257,,,,/github/workspace/logsheets/filtered/sediment_sampling.csv,XSDDouble,False
missing value,ss,store_temp_hq,258,,,,/github/workspace/logsheets/filtered/sediment_sampling.csv,XSDDouble,False
missing value,ss,store_temp_hq,259,,,,/github/workspace/logsheets/filtered/sediment_sampling.csv,XSDDouble,False
missing value,ss,store_temp_hq,260,,,,/github/workspace/logsheets/filtered/sediment_sampling.csv,XSDDouble,False
missing value,ss,store_temp_hq,261,,,,/github/workspace/logsheets/filtered/sediment_sampling.csv,XSDDouble,False
missing value,ss,store_temp_hq,262,,,,/github/workspace/logsheets/filtered/sediment_sampling.csv,XSDDouble,False
datatype mismatch,ss,tax_id,1,33208,https://www.ncbi.nlm.nih.gov/taxonomy/browser/wwwtax.cgi?id=33208,,/github/workspace/logsheets/filtered/sediment_sampling.csv,XSDAnyURI,False
datatype mismatch,ss,tax_id,2,33208,https://www.ncbi.nlm.nih.gov/taxonomy/browser/wwwtax.cgi?id=33208,,/github/workspace/logsheets/filtered/sediment_sampling.csv,XSDAnyURI,False
datatype mismatch,ss,tax_id,3,33208,https://www.ncbi.nlm.nih.gov/taxonomy/browser/wwwtax.cgi?id=33208,,/github/workspace/logsheets/filtered/sediment_sampling.csv,XSDAnyURI,False
datatype mismatch,ss,tax_id,4,33208,https://www.ncbi.nlm.nih.gov/taxonomy/browser/wwwtax.cgi?id=33208,,/github/workspace/logsheets/filtered/sediment_sampling.csv,XSDAnyURI,False
datatype mismatch,ss,tax_id,5,412755,https://www.ncbi.nlm.nih.gov/taxonomy/browser/wwwtax.cgi?id=412755,,/github/workspace/logsheets/filtered/sediment_sampling.csv,XSDAnyURI,False
datatype mismatch,ss,tax_id,6,412755,https://www.ncbi.nlm.nih.gov/taxonomy/browser/wwwtax.cgi?id=412755,,/github/workspace/logsheets/filtered/sediment_sampling.csv,XSDAnyURI,False
datatype mismatch,ss,tax_id,7,412755,https://www.ncbi.nlm.nih.gov/taxonomy/browser/wwwtax.cgi?id=412755,,/github/workspace/logsheets/filtered/sediment_sampling.csv,XSDAnyURI,False
datatype mismatch,ss,tax_id,8,412755,https://www.ncbi.nlm.nih.gov/taxonomy/browser/wwwtax.cgi?id=412755,,/github/workspace/logsheets/filtered/sediment_sampling.csv,XSDAnyURI,False
datatype mismatch,ss,tax_id,9,256318,https://www.ncbi.nlm.nih.gov/taxonomy/browser/wwwtax.cgi?id=256318,,/github/workspace/logsheets/filtered/sediment_sampling.csv,XSDAnyURI,False
datatype mismatch,ss,tax_id,10,33208,https://www.ncbi.nlm.nih.gov/taxonomy/browser/wwwtax.cgi?id=33208,,/github/workspace/logsheets/filtered/sediment_sampling.csv,XSDAnyURI,False
datatype mismatch,ss,tax_id,11,33208,https://www.ncbi.nlm.nih.gov/taxonomy/browser/wwwtax.cgi?id=33208,,/github/workspace/logsheets/filtered/sediment_sampling.csv,XSDAnyURI,False
datatype mismatch,ss,tax_id,12,33208,https://www.ncbi.nlm.nih.gov/taxonomy/browser/wwwtax.cgi?id=33208,,/github/workspace/logsheets/filtered/sediment_sampling.csv,XSDAnyURI,False
datatype mismatch,ss,tax_id,13,33208,https://www.ncbi.nlm.nih.gov/taxonomy/browser/wwwtax.cgi?id=33208,,/github/workspace/logsheets/filtered/sediment_sampling.csv,XSDAnyURI,False
datatype mismatch,ss,tax_id,14,412755,https://www.ncbi.nlm.nih.gov/taxonomy/browser/wwwtax.cgi?id=412755,,/github/workspace/logsheets/filtered/sediment_sampling.csv,XSDAnyURI,False
datatype mismatch,ss,tax_id,15,412755,https://www.ncbi.nlm.nih.gov/taxonomy/browser/wwwtax.cgi?id=412755,,/github/workspace/logsheets/filtered/sediment_sampling.csv,XSDAnyURI,False
datatype mismatch,ss,tax_id,16,412755,https://www.ncbi.nlm.nih.gov/taxonomy/browser/wwwtax.cgi?id=412755,,/github/workspace/logsheets/filtered/sediment_sampling.csv,XSDAnyURI,False
datatype mismatch,ss,tax_id,17,412755,https://www.ncbi.nlm.nih.gov/taxonomy/browser/wwwtax.cgi?id=412755,,/github/workspace/logsheets/filtered/sediment_sampling.csv,XSDAnyURI,False
datatype mismatch,ss,tax_id,18,256318,https://www.ncbi.nlm.nih.gov/taxonomy/browser/wwwtax.cgi?id=256318,,/github/workspace/logsheets/filtered/sediment_sampling.csv,XSDAnyURI,False
missing value,ss,tax_id,212,,,,/github/workspace/logsheets/filtered/sediment_sampling.csv,XSDAnyURI,False
missing value,ss,tax_id,213,,,,/github/workspace/logsheets/filtered/sediment_sampling.csv,XSDAnyURI,False
missing value,ss,tax_id,214,,,,/github/workspace/logsheets/filtered/sediment_sampling.csv,XSDAnyURI,False
missing value,ss,tax_id,215,,,,/github/workspace/logsheets/filtered/sediment_sampling.csv,XSDAnyURI,False
missing value,ss,tax_id,216,,,,/github/workspace/logsheets/filtered/sediment_sampling.csv,XSDAnyURI,False
missing value,ss,tax_id,217,,,,/github/workspace/logsheets/filtered/sediment_sampling.csv,XSDAnyURI,False
missing value,ss,tax_id,218,,,,/github/workspace/logsheets/filtered/sediment_sampling.csv,XSDAnyURI,False
missing value,ss,tax_id,219,,,,/github/workspace/logsheets/filtered/sediment_sampling.csv,XSDAnyURI,False
missing value,ss,tax_id,220,,,,/github/workspace/logsheets/filtered/sediment_sampling.csv,XSDAnyURI,False
missing value,ss,tax_id,221,,,,/github/workspace/logsheets/filtered/sediment_sampling.csv,XSDAnyURI,False
missing value,ss,tax_id,222,,,,/github/workspace/logsheets/filtered/sediment_sampling.csv,XSDAnyURI,False
missing value,ss,tax_id,223,,,,/github/workspace/logsheets/filtered/sediment_sampling.csv,XSDAnyURI,False
missing value,ss,tax_id,224,,,,/github/workspace/logsheets/filtered/sediment_sampling.csv,XSDAnyURI,False
missing value,ss,tax_id,225,,,,/github/workspace/logsheets/filtered/sediment_sampling.csv,XSDAnyURI,False
missing value,ss,tax_id,226,,,,/github/workspace/logsheets/filtered/sediment_sampling.csv,XSDAnyURI,False
missing value,ss,tax_id,227,,,,/github/workspace/logsheets/filtered/sediment_sampling.csv,XSDAnyURI,False
missing value,ss,tax_id,228,,,,/github/workspace/logsheets/filtered/sediment_sampling.csv,XSDAnyURI,False
missing value,ss,tax_id,229,,,,/github/workspace/logsheets/filtered/sediment_sampling.csv,XSDAnyURI,False
missing value,ss,tax_id,230,,,,/github/workspace/logsheets/filtered/sediment_sampling.csv,XSDAnyURI,False
missing value,ss,tax_id,231,,,,/github/workspace/logsheets/filtered/sediment_sampling.csv,XSDAnyURI,False
missing value,ss,tax_id,232,,,,/github/workspace/logsheets/filtered/sediment_sampling.csv,XSDAnyURI,False
missing value,ss,tax_id,233,,,,/github/workspace/logsheets/filtered/sediment_sampling.csv,XSDAnyURI,False
missing value,ss,tax_id,234,,,,/github/workspace/logsheets/filtered/sediment_sampling.csv,XSDAnyURI,False
missing value,ss,tax_id,235,,,,/github/workspace/logsheets/filtered/sediment_sampling.csv,XSDAnyURI,False
missing value,ss,tax_id,236,,,,/github/workspace/logsheets/filtered/sediment_sampling.csv,XSDAnyURI,False
missing value,ss,tax_id,237,,,,/github/workspace/logsheets/filtered/sediment_sampling.csv,XSDAnyURI,False
missing value,ss,tax_id,238,,,,/github/workspace/logsheets/filtered/sediment_sampling.csv,XSDAnyURI,False
missing value,ss,tax_id,239,,,,/github/workspace/logsheets/filtered/sediment_sampling.csv,XSDAnyURI,False
missing value,ss,tax_id,240,,,,/github/workspace/logsheets/filtered/sediment_sampling.csv,XSDAnyURI,False
missing value,ss,tax_id,241,,,,/github/workspace/logsheets/filtered/sediment_sampling.csv,XSDAnyURI,False
missing value,ss,tax_id,242,,,,/github/workspace/logsheets/filtered/sediment_sampling.csv,XSDAnyURI,False
missing value,ss,tax_id,243,,,,/github/workspace/logsheets/filtered/sediment_sampling.csv,XSDAnyURI,False
missing value,ss,tax_id,244,,,,/github/workspace/logsheets/filtered/sediment_sampling.csv,XSDAnyURI,False
missing value,ss,tax_id,245,,,,/github/workspace/logsheets/filtered/sediment_sampling.csv,XSDAnyURI,False
missing value,ss,tax_id,246,,,,/github/workspace/logsheets/filtered/sediment_sampling.csv,XSDAnyURI,False
missing value,ss,tax_id,247,,,,/github/workspace/logsheets/filtered/sediment_sampling.csv,XSDAnyURI,False
missing value,ss,tax_id,248,,,,/github/workspace/logsheets/filtered/sediment_sampling.csv,XSDAnyURI,False
missing value,ss,tax_id,249,,,,/github/workspace/logsheets/filtered/sediment_sampling.csv,XSDAnyURI,False
missing value,ss,tax_id,250,,,,/github/workspace/logsheets/filtered/sediment_sampling.csv,XSDAnyURI,False
missing value,ss,tax_id,251,,,,/github/workspace/logsheets/filtered/sediment_sampling.csv,XSDAnyURI,False
missing value,ss,tax_id,252,,,,/github/workspace/logsheets/filtered/sediment_sampling.csv,XSDAnyURI,False
missing value,ss,tax_id,253,,,,/github/workspace/logsheets/filtered/sediment_sampling.csv,XSDAnyURI,False
missing value,ss,tax_id,254,,,,/github/workspace/logsheets/filtered/sediment_sampling.csv,XSDAnyURI,False
missing value,ss,tax_id,255,,,,/github/workspace/logsheets/filtered/sediment_sampling.csv,XSDAnyURI,False
missing value,ss,tax_id,256,,,,/github/workspace/logsheets/filtered/sediment_sampling.csv,XSDAnyURI,False
missing value,ss,tax_id,257,,,,/github/workspace/logsheets/filtered/sediment_sampling.csv,XSDAnyURI,False
missing value,ss,tax_id,258,,,,/github/workspace/logsheets/filtered/sediment_sampling.csv,XSDAnyURI,False
missing value,ss,tax_id,259,,,,/github/workspace/logsheets/filtered/sediment_sampling.csv,XSDAnyURI,False
missing value,ss,tax_id,260,,,,/github/workspace/logsheets/filtered/sediment_sampling.csv,XSDAnyURI,False
missing value,ss,tax_id,261,,,,/github/workspace/logsheets/filtered/sediment_sampling.csv,XSDAnyURI,False
missing value,ss,tax_id,262,,,,/github/workspace/logsheets/filtered/sediment_sampling.csv,XSDAnyURI,False
datatype mismatch,ss,failure,1,F,false,,/github/workspace/logsheets/filtered/sediment_sampling.csv,XSDBoolean,False
missing value,ss,failure,2,,,,/github/workspace/logsheets/filtered/sediment_sampling.csv,XSDBoolean,False
missing value,ss,failure,3,,,,/github/workspace/logsheets/filtered/sediment_sampling.csv,XSDBoolean,False
missing value,ss,failure,4,,,,/github/workspace/logsheets/filtered/sediment_sampling.csv,XSDBoolean,False
datatype mismatch,ss,failure,5,F,false,,/github/workspace/logsheets/filtered/sediment_sampling.csv,XSDBoolean,False
datatype mismatch,ss,failure,6,F,false,,/github/workspace/logsheets/filtered/sediment_sampling.csv,XSDBoolean,False
missing value,ss,failure,7,,,,/github/workspace/logsheets/filtered/sediment_sampling.csv,XSDBoolean,False
missing value,ss,failure,8,,,,/github/workspace/logsheets/filtered/sediment_sampling.csv,XSDBoolean,False
missing value,ss,failure,9,,,,/github/workspace/logsheets/filtered/sediment_sampling.csv,XSDBoolean,False
datatype mismatch,ss,failure,10,F,false,,/github/workspace/logsheets/filtered/sediment_sampling.csv,XSDBoolean,False
datatype mismatch,ss,failure,11,F,false,,/github/workspace/logsheets/filtered/sediment_sampling.csv,XSDBoolean,False
missing value,ss,failure,12,,,,/github/workspace/logsheets/filtered/sediment_sampling.csv,XSDBoolean,False
missing value,ss,failure,13,,,,/github/workspace/logsheets/filtered/sediment_sampling.csv,XSDBoolean,False
datatype mismatch,ss,failure,14,F,false,,/github/workspace/logsheets/filtered/sediment_sampling.csv,XSDBoolean,False
datatype mismatch,ss,failure,15,F,false,,/github/workspace/logsheets/filtered/sediment_sampling.csv,XSDBoolean,False
missing value,ss,failure,16,,,,/github/workspace/logsheets/filtered/sediment_sampling.csv,XSDBoolean,False
missing value,ss,failure,17,,,,/github/workspace/logsheets/filtered/sediment_sampling.csv,XSDBoolean,False
missing value,ss,failure,18,,,,/github/workspace/logsheets/filtered/sediment_sampling.csv,XSDBoolean,False
missing value,ss,failure,212,,,,/github/workspace/logsheets/filtered/sediment_sampling.csv,XSDBoolean,False
missing value,ss,failure,213,,,,/github/workspace/logsheets/filtered/sediment_sampling.csv,XSDBoolean,False
missing value,ss,failure,214,,,,/github/workspace/logsheets/filtered/sediment_sampling.csv,XSDBoolean,False
missing value,ss,failure,215,,,,/github/workspace/logsheets/filtered/sediment_sampling.csv,XSDBoolean,False
missing value,ss,failure,216,,,,/github/workspace/logsheets/filtered/sediment_sampling.csv,XSDBoolean,False
missing value,ss,failure,217,,,,/github/workspace/logsheets/filtered/sediment_sampling.csv,XSDBoolean,False
missing value,ss,failure,218,,,,/github/workspace/logsheets/filtered/sediment_sampling.csv,XSDBoolean,False
missing value,ss,failure,219,,,,/github/workspace/logsheets/filtered/sediment_sampling.csv,XSDBoolean,False
missing value,ss,failure,220,,,,/github/workspace/logsheets/filtered/sediment_sampling.csv,XSDBoolean,False
missing value,ss,failure,221,,,,/github/workspace/logsheets/filtered/sediment_sampling.csv,XSDBoolean,False
missing value,ss,failure,222,,,,/github/workspace/logsheets/filtered/sediment_sampling.csv,XSDBoolean,False
missing value,ss,failure,223,,,,/github/workspace/logsheets/filtered/sediment_sampling.csv,XSDBoolean,False
missing value,ss,failure,224,,,,/github/workspace/logsheets/filtered/sediment_sampling.csv,XSDBoolean,False
missing value,ss,failure,225,,,,/github/workspace/logsheets/filtered/sediment_sampling.csv,XSDBoolean,False
missing value,ss,failure,226,,,,/github/workspace/logsheets/filtered/sediment_sampling.csv,XSDBoolean,False
missing value,ss,failure,227,,,,/github/workspace/logsheets/filtered/sediment_sampling.csv,XSDBoolean,False
missing value,ss,failure,228,,,,/github/workspace/logsheets/filtered/sediment_sampling.csv,XSDBoolean,False
missing value,ss,failure,229,,,,/github/workspace/logsheets/filtered/sediment_sampling.csv,XSDBoolean,False
missing value,ss,failure,230,,,,/github/workspace/logsheets/filtered/sediment_sampling.csv,XSDBoolean,False
missing value,ss,failure,231,,,,/github/workspace/logsheets/filtered/sediment_sampling.csv,XSDBoolean,False
missing value,ss,failure,232,,,,/github/workspace/logsheets/filtered/sediment_sampling.csv,XSDBoolean,False
missing value,ss,failure,233,,,,/github/workspace/logsheets/filtered/sediment_sampling.csv,XSDBoolean,False
missing value,ss,failure,234,,,,/github/workspace/logsheets/filtered/sediment_sampling.csv,XSDBoolean,False
missing value,ss,failure,235,,,,/github/workspace/logsheets/filtered/sediment_sampling.csv,XSDBoolean,False
missing value,ss,failure,236,,,,/github/workspace/logsheets/filtered/sediment_sampling.csv,XSDBoolean,False
missing value,ss,failure,237,,,,/github/workspace/logsheets/filtered/sediment_sampling.csv,XSDBoolean,False
missing value,ss,failure,238,,,,/github/workspace/logsheets/filtered/sediment_sampling.csv,XSDBoolean,False
missing value,ss,failure,239,,,,/github/workspace/logsheets/filtered/sediment_sampling.csv,XSDBoolean,False
missing value,ss,failure,240,,,,/github/workspace/logsheets/filtered/sediment_sampling.csv,XSDBoolean,False
missing value,ss,failure,241,,,,/github/workspace/logsheets/filtered/sediment_sampling.csv,XSDBoolean,False
missing value,ss,failure,242,,,,/github/workspace/logsheets/filtered/sediment_sampling.csv,XSDBoolean,False
missing value,ss,failure,243,,,,/github/workspace/logsheets/filtered/sediment_sampling.csv,XSDBoolean,False
missing value,ss,failure,244,,,,/github/workspace/logsheets/filtered/sediment_sampling.csv,XSDBoolean,False
missing value,ss,failure,245,,,,/github/workspace/logsheets/filtered/sediment_sampling.csv,XSDBoolean,False
missing value,ss,failure,246,,,,/github/workspace/logsheets/filtered/sediment_sampling.csv,XSDBoolean,False
missing value,ss,failure,247,,,,/github/workspace/logsheets/filtered/sediment_sampling.csv,XSDBoolean,False
missing value,ss,failure,248,,,,/github/workspace/logsheets/filtered/sediment_sampling.csv,XSDBoolean,False
missing value,ss,failure,249,,,,/github/workspace/logsheets/filtered/sediment_sampling.csv,XSDBoolean,False
missing value,ss,failure,250,,,,/github/workspace/logsheets/filtered/sediment_sampling.csv,XSDBoolean,False
missing value,ss,failure,251,,,,/github/workspace/logsheets/filtered/sediment_sampling.csv,XSDBoolean,False
missing value,ss,failure,252,,,,/github/workspace/logsheets/filtered/sediment_sampling.csv,XSDBoolean,False
missing value,ss,failure,253,,,,/github/workspace/logsheets/filtered/sediment_sampling.csv,XSDBoolean,False
missing value,ss,failure,254,,,,/github/workspace/logsheets/filtered/sediment_sampling.csv,XSDBoolean,False
missing value,ss,failure,255,,,,/github/workspace/logsheets/filtered/sediment_sampling.csv,XSDBoolean,False
missing value,ss,failure,256,,,,/github/workspace/logsheets/filtered/sediment_sampling.csv,XSDBoolean,False
missing value,ss,failure,257,,,,/github/workspace/logsheets/filtered/sediment_sampling.csv,XSDBoolean,False
missing value,ss,failure,258,,,,/github/workspace/logsheets/filtered/sediment_sampling.csv,XSDBoolean,False
missing value,ss,failure,259,,,,/github/workspace/logsheets/filtered/sediment_sampling.csv,XSDBoolean,False
missing value,ss,failure,260,,,,/github/workspace/logsheets/filtered/sediment_sampling.csv,XSDBoolean,False
missing value,ss,failure,261,,,,/github/workspace/logsheets/filtered/sediment_sampling.csv,XSDBoolean,False
missing value,ss,failure,262,,,,/github/workspace/logsheets/filtered/sediment_sampling.csv,XSDBoolean,False
missing value,ss,scientific_name,212,,,,/github/workspace/logsheets/filtered/sediment_sampling.csv,XSDString,False
missing value,ss,scientific_name,213,,,,/github/workspace/logsheets/filtered/sediment_sampling.csv,XSDString,False
missing value,ss,scientific_name,214,,,,/github/workspace/logsheets/filtered/sediment_sampling.csv,XSDString,False
missing value,ss,scientific_name,215,,,,/github/workspace/logsheets/filtered/sediment_sampling.csv,XSDString,False
missing value,ss,scientific_name,216,,,,/github/workspace/logsheets/filtered/sediment_sampling.csv,XSDString,False
missing value,ss,scientific_name,217,,,,/github/workspace/logsheets/filtered/sediment_sampling.csv,XSDString,False
missing value,ss,scientific_name,218,,,,/github/workspace/logsheets/filtered/sediment_sampling.csv,XSDString,False
missing value,ss,scientific_name,219,,,,/github/workspace/logsheets/filtered/sediment_sampling.csv,XSDString,False
missing value,ss,scientific_name,220,,,,/github/workspace/logsheets/filtered/sediment_sampling.csv,XSDString,False
missing value,ss,scientific_name,221,,,,/github/workspace/logsheets/filtered/sediment_sampling.csv,XSDString,False
missing value,ss,scientific_name,222,,,,/github/workspace/logsheets/filtered/sediment_sampling.csv,XSDString,False
missing value,ss,scientific_name,223,,,,/github/workspace/logsheets/filtered/sediment_sampling.csv,XSDString,False
missing value,ss,scientific_name,224,,,,/github/workspace/logsheets/filtered/sediment_sampling.csv,XSDString,False
missing value,ss,scientific_name,225,,,,/github/workspace/logsheets/filtered/sediment_sampling.csv,XSDString,False
missing value,ss,scientific_name,226,,,,/github/workspace/logsheets/filtered/sediment_sampling.csv,XSDString,False
missing value,ss,scientific_name,227,,,,/github/workspace/logsheets/filtered/sediment_sampling.csv,XSDString,False
missing value,ss,scientific_name,228,,,,/github/workspace/logsheets/filtered/sediment_sampling.csv,XSDString,False
missing value,ss,scientific_name,229,,,,/github/workspace/logsheets/filtered/sediment_sampling.csv,XSDString,False
missing value,ss,scientific_name,230,,,,/github/workspace/logsheets/filtered/sediment_sampling.csv,XSDString,False
missing value,ss,scientific_name,231,,,,/github/workspace/logsheets/filtered/sediment_sampling.csv,XSDString,False
missing value,ss,scientific_name,232,,,,/github/workspace/logsheets/filtered/sediment_sampling.csv,XSDString,False
missing value,ss,scientific_name,233,,,,/github/workspace/logsheets/filtered/sediment_sampling.csv,XSDString,False
missing value,ss,scientific_name,234,,,,/github/workspace/logsheets/filtered/sediment_sampling.csv,XSDString,False
missing value,ss,scientific_name,235,,,,/github/workspace/logsheets/filtered/sediment_sampling.csv,XSDString,False
missing value,ss,scientific_name,236,,,,/github/workspace/logsheets/filtered/sediment_sampling.csv,XSDString,False
missing value,ss,scientific_name,237,,,,/github/workspace/logsheets/filtered/sediment_sampling.csv,XSDString,False
missing value,ss,scientific_name,238,,,,/github/workspace/logsheets/filtered/sediment_sampling.csv,XSDString,False
missing value,ss,scientific_name,239,,,,/github/workspace/logsheets/filtered/sediment_sampling.csv,XSDString,False
missing value,ss,scientific_name,240,,,,/github/workspace/logsheets/filtered/sediment_sampling.csv,XSDString,False
missing value,ss,scientific_name,241,,,,/github/workspace/logsheets/filtered/sediment_sampling.csv,XSDString,False
missing value,ss,scientific_name,242,,,,/github/workspace/logsheets/filtered/sediment_sampling.csv,XSDString,False
missing value,ss,scientific_name,243,,,,/github/workspace/logsheets/filtered/sediment_sampling.csv,XSDString,False
missing value,ss,scientific_name,244,,,,/github/workspace/logsheets/filtered/sediment_sampling.csv,XSDString,False
missing value,ss,scientific_name,245,,,,/github/workspace/logsheets/filtered/sediment_sampling.csv,XSDString,False
missing value,ss,scientific_name,246,,,,/github/workspace/logsheets/filtered/sediment_sampling.csv,XSDString,False
missing value,ss,scientific_name,247,,,,/github/workspace/logsheets/filtered/sediment_sampling.csv,XSDString,False
missing value,ss,scientific_name,248,,,,/github/workspace/logsheets/filtered/sediment_sampling.csv,XSDString,False
missing value,ss,scientific_name,249,,,,/github/workspace/logsheets/filtered/sediment_sampling.csv,XSDString,False
missing value,ss,scientific_name,250,,,,/github/workspace/logsheets/filtered/sediment_sampling.csv,XSDString,False
missing value,ss,scientific_name,251,,,,/github/workspace/logsheets/filtered/sediment_sampling.csv,XSDString,False
missing value,ss,scientific_name,252,,,,/github/workspace/logsheets/filtered/sediment_sampling.csv,XSDString,False
missing value,ss,scientific_name,253,,,,/github/workspace/logsheets/filtered/sediment_sampling.csv,XSDString,False
missing value,ss,scientific_name,254,,,,/github/workspace/logsheets/filtered/sediment_sampling.csv,XSDString,False
missing value,ss,scientific_name,255,,,,/github/workspace/logsheets/filtered/sediment_sampling.csv,XSDString,False
missing value,ss,scientific_name,256,,,,/github/workspace/logsheets/filtered/sediment_sampling.csv,XSDString,False
missing value,ss,scientific_name,257,,,,/github/workspace/logsheets/filtered/sediment_sampling.csv,XSDString,False
missing value,ss,scientific_name,258,,,,/github/workspace/logsheets/filtered/sediment_sampling.csv,XSDString,False
missing value,ss,scientific_name,259,,,,/github/workspace/logsheets/filtered/sediment_sampling.csv,XSDString,False
missing value,ss,scientific_name,260,,,,/github/workspace/logsheets/filtered/sediment_sampling.csv,XSDString,False
missing value,ss,scientific_name,261,,,,/github/workspace/logsheets/filtered/sediment_sampling.csv,XSDString,False
missing value,ss,scientific_name,262,,,,/github/workspace/logsheets/filtered/sediment_sampling.csv,XSDString,False
missing value,ss,comm_samp,214,,,,/github/workspace/logsheets/filtered/sediment_sampling.csv,XSDString,False
missing value,ss,comm_samp,215,,,,/github/workspace/logsheets/filtered/sediment_sampling.csv,XSDString,False
missing value,ss,comm_samp,216,,,,/github/workspace/logsheets/filtered/sediment_sampling.csv,XSDString,False
missing value,ss,comm_samp,217,,,,/github/workspace/logsheets/filtered/sediment_sampling.csv,XSDString,False
missing value,ss,comm_samp,218,,,,/github/workspace/logsheets/filtered/sediment_sampling.csv,XSDString,False
missing value,ss,comm_samp,219,,,,/github/workspace/logsheets/filtered/sediment_sampling.csv,XSDString,False
missing value,ss,comm_samp,220,,,,/github/workspace/logsheets/filtered/sediment_sampling.csv,XSDString,False
missing value,ss,comm_samp,221,,,,/github/workspace/logsheets/filtered/sediment_sampling.csv,XSDString,False
missing value,ss,comm_samp,222,,,,/github/workspace/logsheets/filtered/sediment_sampling.csv,XSDString,False
missing value,ss,comm_samp,223,,,,/github/workspace/logsheets/filtered/sediment_sampling.csv,XSDString,False
missing value,ss,comm_samp,224,,,,/github/workspace/logsheets/filtered/sediment_sampling.csv,XSDString,False
missing value,ss,comm_samp,225,,,,/github/workspace/logsheets/filtered/sediment_sampling.csv,XSDString,False
missing value,ss,comm_samp,226,,,,/github/workspace/logsheets/filtered/sediment_sampling.csv,XSDString,False
missing value,ss,comm_samp,227,,,,/github/workspace/logsheets/filtered/sediment_sampling.csv,XSDString,False
missing value,ss,comm_samp,228,,,,/github/workspace/logsheets/filtered/sediment_sampling.csv,XSDString,False
missing value,ss,comm_samp,229,,,,/github/workspace/logsheets/filtered/sediment_sampling.csv,XSDString,False
missing value,ss,comm_samp,230,,,,/github/workspace/logsheets/filtered/sediment_sampling.csv,XSDString,False
missing value,ss,comm_samp,231,,,,/github/workspace/logsheets/filtered/sediment_sampling.csv,XSDString,False
missing value,ss,comm_samp,232,,,,/github/workspace/logsheets/filtered/sediment_sampling.csv,XSDString,False
missing value,ss,comm_samp,233,,,,/github/workspace/logsheets/filtered/sediment_sampling.csv,XSDString,False
missing value,ss,comm_samp,234,,,,/github/workspace/logsheets/filtered/sediment_sampling.csv,XSDString,False
missing value,ss,comm_samp,235,,,,/github/workspace/logsheets/filtered/sediment_sampling.csv,XSDString,False
missing value,ss,comm_samp,236,,,,/github/workspace/logsheets/filtered/sediment_sampling.csv,XSDString,False
missing value,ss,comm_samp,237,,,,/github/workspace/logsheets/filtered/sediment_sampling.csv,XSDString,False
missing value,ss,comm_samp,238,,,,/github/workspace/logsheets/filtered/sediment_sampling.csv,XSDString,False
missing value,ss,comm_samp,239,,,,/github/workspace/logsheets/filtered/sediment_sampling.csv,XSDString,False
missing value,ss,comm_samp,240,,,,/github/workspace/logsheets/filtered/sediment_sampling.csv,XSDString,False
missing value,ss,comm_samp,241,,,,/github/workspace/logsheets/filtered/sediment_sampling.csv,XSDString,False
missing value,ss,comm_samp,242,,,,/github/workspace/logsheets/filtered/sediment_sampling.csv,XSDString,False
missing value,ss,comm_samp,243,,,,/github/workspace/logsheets/filtered/sediment_sampling.csv,XSDString,False
missing value,ss,comm_samp,244,,,,/github/workspace/logsheets/filtered/sediment_sampling.csv,XSDString,False
missing value,ss,comm_samp,245,,,,/github/workspace/logsheets/filtered/sediment_sampling.csv,XSDString,False
missing value,ss,comm_samp,246,,,,/github/workspace/logsheets/filtered/sediment_sampling.csv,XSDString,False
missing value,ss,comm_samp,247,,,,/github/workspace/logsheets/filtered/sediment_sampling.csv,XSDString,False
missing value,ss,comm_samp,248,,,,/github/workspace/logsheets/filtered/sediment_sampling.csv,XSDString,False
missing value,ss,comm_samp,249,,,,/github/workspace/logsheets/filtered/sediment_sampling.csv,XSDString,False
missing value,ss,comm_samp,250,,,,/github/workspace/logsheets/filtered/sediment_sampling.csv,XSDString,False
missing value,ss,comm_samp,251,,,,/github/workspace/logsheets/filtered/sediment_sampling.csv,XSDString,False
missing value,ss,comm_samp,252,,,,/github/workspace/logsheets/filtered/sediment_sampling.csv,XSDString,False
missing value,ss,comm_samp,253,,,,/github/workspace/logsheets/filtered/sediment_sampling.csv,XSDString,False
missing value,ss,comm_samp,254,,,,/github/workspace/logsheets/filtered/sediment_sampling.csv,XSDString,False
missing value,ss,comm_samp,255,,,,/github/workspace/logsheets/filtered/sediment_sampling.csv,XSDString,False
missing value,ss,comm_samp,256,,,,/github/workspace/logsheets/filtered/sediment_sampling.csv,XSDString,False
missing value,ss,comm_samp,257,,,,/github/workspace/logsheets/filtered/sediment_sampling.csv,XSDString,False
missing value,ss,comm_samp,258,,,,/github/workspace/logsheets/filtered/sediment_sampling.csv,XSDString,False
missing value,ss,comm_samp,259,,,,/github/workspace/logsheets/filtered/sediment_sampling.csv,XSDString,False
missing value,ss,comm_samp,260,,,,/github/workspace/logsheets/filtered/sediment_sampling.csv,XSDString,False
missing value,ss,comm_samp,261,,,,/github/workspace/logsheets/filtered/sediment_sampling.csv,XSDString,False
missing value,ss,comm_samp,262,,,,/github/workspace/logsheets/filtered/sediment_sampling.csv,XSDString,False
missing value,ss,source_mat_id_orig,214,,,,/github/workspace/logsheets/filtered/sediment_sampling.csv,XSDString,False
missing value,ss,source_mat_id_orig,215,,,,/github/workspace/logsheets/filtered/sediment_sampling.csv,XSDString,False
missing value,ss,source_mat_id_orig,216,,,,/github/workspace/logsheets/filtered/sediment_sampling.csv,XSDString,False
missing value,ss,source_mat_id_orig,217,,,,/github/workspace/logsheets/filtered/sediment_sampling.csv,XSDString,False
missing value,ss,source_mat_id_orig,218,,,,/github/workspace/logsheets/filtered/sediment_sampling.csv,XSDString,False
missing value,ss,source_mat_id_orig,219,,,,/github/workspace/logsheets/filtered/sediment_sampling.csv,XSDString,False
missing value,ss,source_mat_id_orig,220,,,,/github/workspace/logsheets/filtered/sediment_sampling.csv,XSDString,False
missing value,ss,source_mat_id_orig,221,,,,/github/workspace/logsheets/filtered/sediment_sampling.csv,XSDString,False
missing value,ss,source_mat_id_orig,222,,,,/github/workspace/logsheets/filtered/sediment_sampling.csv,XSDString,False
missing value,ss,source_mat_id_orig,223,,,,/github/workspace/logsheets/filtered/sediment_sampling.csv,XSDString,False
missing value,ss,source_mat_id_orig,224,,,,/github/workspace/logsheets/filtered/sediment_sampling.csv,XSDString,False
missing value,ss,source_mat_id_orig,225,,,,/github/workspace/logsheets/filtered/sediment_sampling.csv,XSDString,False
missing value,ss,source_mat_id_orig,226,,,,/github/workspace/logsheets/filtered/sediment_sampling.csv,XSDString,False
missing value,ss,source_mat_id_orig,227,,,,/github/workspace/logsheets/filtered/sediment_sampling.csv,XSDString,False
missing value,ss,source_mat_id_orig,228,,,,/github/workspace/logsheets/filtered/sediment_sampling.csv,XSDString,False
missing value,ss,source_mat_id_orig,229,,,,/github/workspace/logsheets/filtered/sediment_sampling.csv,XSDString,False
missing value,ss,source_mat_id_orig,230,,,,/github/workspace/logsheets/filtered/sediment_sampling.csv,XSDString,False
missing value,ss,source_mat_id_orig,231,,,,/github/workspace/logsheets/filtered/sediment_sampling.csv,XSDString,False
missing value,ss,source_mat_id_orig,232,,,,/github/workspace/logsheets/filtered/sediment_sampling.csv,XSDString,False
missing value,ss,source_mat_id_orig,233,,,,/github/workspace/logsheets/filtered/sediment_sampling.csv,XSDString,False
missing value,ss,source_mat_id_orig,234,,,,/github/workspace/logsheets/filtered/sediment_sampling.csv,XSDString,False
missing value,ss,source_mat_id_orig,235,,,,/github/workspace/logsheets/filtered/sediment_sampling.csv,XSDString,False
missing value,ss,source_mat_id_orig,236,,,,/github/workspace/logsheets/filtered/sediment_sampling.csv,XSDString,False
missing value,ss,source_mat_id_orig,237,,,,/github/workspace/logsheets/filtered/sediment_sampling.csv,XSDString,False
missing value,ss,source_mat_id_orig,238,,,,/github/workspace/logsheets/filtered/sediment_sampling.csv,XSDString,False
missing value,ss,source_mat_id_orig,239,,,,/github/workspace/logsheets/filtered/sediment_sampling.csv,XSDString,False
missing value,ss,source_mat_id_orig,240,,,,/github/workspace/logsheets/filtered/sediment_sampling.csv,XSDString,False
missing value,ss,source_mat_id_orig,241,,,,/github/workspace/logsheets/filtered/sediment_sampling.csv,XSDString,False
missing value,ss,source_mat_id_orig,242,,,,/github/workspace/logsheets/filtered/sediment_sampling.csv,XSDString,False
missing value,ss,source_mat_id_orig,243,,,,/github/workspace/logsheets/filtered/sediment_sampling.csv,XSDString,False
missing value,ss,source_mat_id_orig,244,,,,/github/workspace/logsheets/filtered/sediment_sampling.csv,XSDString,False
missing value,ss,source_mat_id_orig,245,,,,/github/workspace/logsheets/filtered/sediment_sampling.csv,XSDString,False
missing value,ss,source_mat_id_orig,246,,,,/github/workspace/logsheets/filtered/sediment_sampling.csv,XSDString,False
missing value,ss,source_mat_id_orig,247,,,,/github/workspace/logsheets/filtered/sediment_sampling.csv,XSDString,False
missing value,ss,source_mat_id_orig,248,,,,/github/workspace/logsheets/filtered/sediment_sampling.csv,XSDString,False
missing value,ss,source_mat_id_orig,249,,,,/github/workspace/logsheets/filtered/sediment_sampling.csv,XSDString,False
missing value,ss,source_mat_id_orig,250,,,,/github/workspace/logsheets/filtered/sediment_sampling.csv,XSDString,False
missing value,ss,source_mat_id_orig,251,,,,/github/workspace/logsheets/filtered/sediment_sampling.csv,XSDString,False
missing value,ss,source_mat_id_orig,252,,,,/github/workspace/logsheets/filtered/sediment_sampling.csv,XSDString,False
missing value,ss,source_mat_id_orig,253,,,,/github/workspace/logsheets/filtered/sediment_sampling.csv,XSDString,False
missing value,ss,source_mat_id_orig,254,,,,/github/workspace/logsheets/filtered/sediment_sampling.csv,XSDString,False
missing value,ss,source_mat_id_orig,255,,,,/github/workspace/logsheets/filtered/sediment_sampling.csv,XSDString,False
missing value,ss,source_mat_id_orig,256,,,,/github/workspace/logsheets/filtered/sediment_sampling.csv,XSDString,False
missing value,ss,source_mat_id_orig,257,,,,/github/workspace/logsheets/filtered/sediment_sampling.csv,XSDString,False
missing value,ss,source_mat_id_orig,258,,,,/github/workspace/logsheets/filtered/sediment_sampling.csv,XSDString,False
missing value,ss,source_mat_id_orig,259,,,,/github/workspace/logsheets/filtered/sediment_sampling.csv,XSDString,False
missing value,ss,source_mat_id_orig,260,,,,/github/workspace/logsheets/filtered/sediment_sampling.csv,XSDString,False
missing value,ss,source_mat_id_orig,261,,,,/github/workspace/logsheets/filtered/sediment_sampling.csv,XSDString,False
missing value,ss,source_mat_id_orig,262,,,,/github/workspace/logsheets/filtered/sediment_sampling.csv,XSDString,False
datatype mismatch,ss,samp_store_date,1,2022-10-26 00:00:00,2022-10-26,,/github/workspace/logsheets/filtered/sediment_sampling.csv,XSDDate,False
datatype mismatch,ss,samp_store_date,2,2022-10-26 00:00:00,2022-10-26,,/github/workspace/logsheets/filtered/sediment_sampling.csv,XSDDate,False
datatype mismatch,ss,samp_store_date,3,2022-10-26 00:00:00,2022-10-26,,/github/workspace/logsheets/filtered/sediment_sampling.csv,XSDDate,False
datatype mismatch,ss,samp_store_date,4,2022-10-26 00:00:00,2022-10-26,,/github/workspace/logsheets/filtered/sediment_sampling.csv,XSDDate,False
datatype mismatch,ss,samp_store_date,5,2022-10-26 00:00:00,2022-10-26,,/github/workspace/logsheets/filtered/sediment_sampling.csv,XSDDate,False
datatype mismatch,ss,samp_store_date,6,2022-10-26 00:00:00,2022-10-26,,/github/workspace/logsheets/filtered/sediment_sampling.csv,XSDDate,False
datatype mismatch,ss,samp_store_date,7,2022-10-26 00:00:00,2022-10-26,,/github/workspace/logsheets/filtered/sediment_sampling.csv,XSDDate,False
datatype mismatch,ss,samp_store_date,8,2022-10-26 00:00:00,2022-10-26,,/github/workspace/logsheets/filtered/sediment_sampling.csv,XSDDate,False
datatype mismatch,ss,samp_store_date,9,2022-10-26 00:00:00,2022-10-26,,/github/workspace/logsheets/filtered/sediment_sampling.csv,XSDDate,False
datatype mismatch,ss,samp_store_date,10,2022-10-26 00:00:00,2022-10-26,,/github/workspace/logsheets/filtered/sediment_sampling.csv,XSDDate,False
datatype mismatch,ss,samp_store_date,11,2022-10-26 00:00:00,2022-10-26,,/github/workspace/logsheets/filtered/sediment_sampling.csv,XSDDate,False
datatype mismatch,ss,samp_store_date,12,2022-10-26 00:00:00,2022-10-26,,/github/workspace/logsheets/filtered/sediment_sampling.csv,XSDDate,False
datatype mismatch,ss,samp_store_date,13,2022-10-26 00:00:00,2022-10-26,,/github/workspace/logsheets/filtered/sediment_sampling.csv,XSDDate,False
datatype mismatch,ss,samp_store_date,14,2022-12-01 00:00:00,2022-12-01,,/github/workspace/logsheets/filtered/sediment_sampling.csv,XSDDate,False
datatype mismatch,ss,samp_store_date,15,2022-12-01 00:00:00,2022-12-01,,/github/workspace/logsheets/filtered/sediment_sampling.csv,XSDDate,False
datatype mismatch,ss,samp_store_date,16,2022-12-01 00:00:00,2022-12-01,,/github/workspace/logsheets/filtered/sediment_sampling.csv,XSDDate,False
datatype mismatch,ss,samp_store_date,17,2022-12-01 00:00:00,2022-12-01,,/github/workspace/logsheets/filtered/sediment_sampling.csv,XSDDate,False
datatype mismatch,ss,samp_store_date,18,2022-12-01 00:00:00,2022-12-01,,/github/workspace/logsheets/filtered/sediment_sampling.csv,XSDDate,False
missing value,ss,samp_store_date,212,,,,/github/workspace/logsheets/filtered/sediment_sampling.csv,XSDDate,False
missing value,ss,samp_store_date,213,,,,/github/workspace/logsheets/filtered/sediment_sampling.csv,XSDDate,False
missing value,ss,samp_store_date,214,,,,/github/workspace/logsheets/filtered/sediment_sampling.csv,XSDDate,False
missing value,ss,samp_store_date,215,,,,/github/workspace/logsheets/filtered/sediment_sampling.csv,XSDDate,False
missing value,ss,samp_store_date,216,,,,/github/workspace/logsheets/filtered/sediment_sampling.csv,XSDDate,False
missing value,ss,samp_store_date,217,,,,/github/workspace/logsheets/filtered/sediment_sampling.csv,XSDDate,False
missing value,ss,samp_store_date,218,,,,/github/workspace/logsheets/filtered/sediment_sampling.csv,XSDDate,False
missing value,ss,samp_store_date,219,,,,/github/workspace/logsheets/filtered/sediment_sampling.csv,XSDDate,False
missing value,ss,samp_store_date,220,,,,/github/workspace/logsheets/filtered/sediment_sampling.csv,XSDDate,False
missing value,ss,samp_store_date,221,,,,/github/workspace/logsheets/filtered/sediment_sampling.csv,XSDDate,False
missing value,ss,samp_store_date,222,,,,/github/workspace/logsheets/filtered/sediment_sampling.csv,XSDDate,False
missing value,ss,samp_store_date,223,,,,/github/workspace/logsheets/filtered/sediment_sampling.csv,XSDDate,False
missing value,ss,samp_store_date,224,,,,/github/workspace/logsheets/filtered/sediment_sampling.csv,XSDDate,False
missing value,ss,samp_store_date,225,,,,/github/workspace/logsheets/filtered/sediment_sampling.csv,XSDDate,False
missing value,ss,samp_store_date,226,,,,/github/workspace/logsheets/filtered/sediment_sampling.csv,XSDDate,False
missing value,ss,samp_store_date,227,,,,/github/workspace/logsheets/filtered/sediment_sampling.csv,XSDDate,False
missing value,ss,samp_store_date,228,,,,/github/workspace/logsheets/filtered/sediment_sampling.csv,XSDDate,False
missing value,ss,samp_store_date,229,,,,/github/workspace/logsheets/filtered/sediment_sampling.csv,XSDDate,False
missing value,ss,samp_store_date,230,,,,/github/workspace/logsheets/filtered/sediment_sampling.csv,XSDDate,False
missing value,ss,samp_store_date,231,,,,/github/workspace/logsheets/filtered/sediment_sampling.csv,XSDDate,False
missing value,ss,samp_store_date,232,,,,/github/workspace/logsheets/filtered/sediment_sampling.csv,XSDDate,False
missing value,ss,samp_store_date,233,,,,/github/workspace/logsheets/filtered/sediment_sampling.csv,XSDDate,False
missing value,ss,samp_store_date,234,,,,/github/workspace/logsheets/filtered/sediment_sampling.csv,XSDDate,False
missing value,ss,samp_store_date,235,,,,/github/workspace/logsheets/filtered/sediment_sampling.csv,XSDDate,False
missing value,ss,samp_store_date,236,,,,/github/workspace/logsheets/filtered/sediment_sampling.csv,XSDDate,False
missing value,ss,samp_store_date,237,,,,/github/workspace/logsheets/filtered/sediment_sampling.csv,XSDDate,False
missing value,ss,samp_store_date,238,,,,/github/workspace/logsheets/filtered/sediment_sampling.csv,XSDDate,False
missing value,ss,samp_store_date,239,,,,/github/workspace/logsheets/filtered/sediment_sampling.csv,XSDDate,False
missing value,ss,samp_store_date,240,,,,/github/workspace/logsheets/filtered/sediment_sampling.csv,XSDDate,False
missing value,ss,samp_store_date,241,,,,/github/workspace/logsheets/filtered/sediment_sampling.csv,XSDDate,False
missing value,ss,samp_store_date,242,,,,/github/workspace/logsheets/filtered/sediment_sampling.csv,XSDDate,False
missing value,ss,samp_store_date,243,,,,/github/workspace/logsheets/filtered/sediment_sampling.csv,XSDDate,False
missing value,ss,samp_store_date,244,,,,/github/workspace/logsheets/filtered/sediment_sampling.csv,XSDDate,False
missing value,ss,samp_store_date,245,,,,/github/workspace/logsheets/filtered/sediment_sampling.csv,XSDDate,False
missing value,ss,samp_store_date,246,,,,/github/workspace/logsheets/filtered/sediment_sampling.csv,XSDDate,False
missing value,ss,samp_store_date,247,,,,/github/workspace/logsheets/filtered/sediment_sampling.csv,XSDDate,False
missing value,ss,samp_store_date,248,,,,/github/workspace/logsheets/filtered/sediment_sampling.csv,XSDDate,False
missing value,ss,samp_store_date,249,,,,/github/workspace/logsheets/filtered/sediment_sampling.csv,XSDDate,False
missing value,ss,samp_store_date,250,,,,/github/workspace/logsheets/filtered/sediment_sampling.csv,XSDDate,False
missing value,ss,samp_store_date,251,,,,/github/workspace/logsheets/filtered/sediment_sampling.csv,XSDDate,False
missing value,ss,samp_store_date,252,,,,/github/workspace/logsheets/filtered/sediment_sampling.csv,XSDDate,False
missing value,ss,samp_store_date,253,,,,/github/workspace/logsheets/filtered/sediment_sampling.csv,XSDDate,False
missing value,ss,samp_store_date,254,,,,/github/workspace/logsheets/filtered/sediment_sampling.csv,XSDDate,False
missing value,ss,samp_store_date,255,,,,/github/workspace/logsheets/filtered/sediment_sampling.csv,XSDDate,False
missing value,ss,samp_store_date,256,,,,/github/workspace/logsheets/filtered/sediment_sampling.csv,XSDDate,False
missing value,ss,samp_store_date,257,,,,/github/workspace/logsheets/filtered/sediment_sampling.csv,XSDDate,False
missing value,ss,samp_store_date,258,,,,/github/workspace/logsheets/filtered/sediment_sampling.csv,XSDDate,False
missing value,ss,samp_store_date,259,,,,/github/workspace/logsheets/filtered/sediment_sampling.csv,XSDDate,False
missing value,ss,samp_store_date,260,,,,/github/workspace/logsheets/filtered/sediment_sampling.csv,XSDDate,False
missing value,ss,samp_store_date,261,,,,/github/workspace/logsheets/filtered/sediment_sampling.csv,XSDDate,False
missing value,ss,samp_store_date,262,,,,/github/workspace/logsheets/filtered/sediment_sampling.csv,XSDDate,False
missing value,ss,replicate,212,,,,/github/workspace/logsheets/filtered/sediment_sampling.csv,XSDString,False
missing value,ss,replicate,213,,,,/github/workspace/logsheets/filtered/sediment_sampling.csv,XSDString,False
missing value,ss,replicate,214,,,,/github/workspace/logsheets/filtered/sediment_sampling.csv,XSDString,False
missing value,ss,replicate,215,,,,/github/workspace/logsheets/filtered/sediment_sampling.csv,XSDString,False
missing value,ss,replicate,216,,,,/github/workspace/logsheets/filtered/sediment_sampling.csv,XSDString,False
missing value,ss,replicate,217,,,,/github/workspace/logsheets/filtered/sediment_sampling.csv,XSDString,False
missing value,ss,replicate,218,,,,/github/workspace/logsheets/filtered/sediment_sampling.csv,XSDString,False
missing value,ss,replicate,219,,,,/github/workspace/logsheets/filtered/sediment_sampling.csv,XSDString,False
missing value,ss,replicate,220,,,,/github/workspace/logsheets/filtered/sediment_sampling.csv,XSDString,False
missing value,ss,replicate,221,,,,/github/workspace/logsheets/filtered/sediment_sampling.csv,XSDString,False
missing value,ss,replicate,222,,,,/github/workspace/logsheets/filtered/sediment_sampling.csv,XSDString,False
missing value,ss,replicate,223,,,,/github/workspace/logsheets/filtered/sediment_sampling.csv,XSDString,False
missing value,ss,replicate,224,,,,/github/workspace/logsheets/filtered/sediment_sampling.csv,XSDString,False
missing value,ss,replicate,225,,,,/github/workspace/logsheets/filtered/sediment_sampling.csv,XSDString,False
missing value,ss,replicate,226,,,,/github/workspace/logsheets/filtered/sediment_sampling.csv,XSDString,False
missing value,ss,replicate,227,,,,/github/workspace/logsheets/filtered/sediment_sampling.csv,XSDString,False
missing value,ss,replicate,228,,,,/github/workspace/logsheets/filtered/sediment_sampling.csv,XSDString,False
missing value,ss,replicate,229,,,,/github/workspace/logsheets/filtered/sediment_sampling.csv,XSDString,False
missing value,ss,replicate,230,,,,/github/workspace/logsheets/filtered/sediment_sampling.csv,XSDString,False
missing value,ss,replicate,231,,,,/github/workspace/logsheets/filtered/sediment_sampling.csv,XSDString,False
missing value,ss,replicate,232,,,,/github/workspace/logsheets/filtered/sediment_sampling.csv,XSDString,False
missing value,ss,replicate,233,,,,/github/workspace/logsheets/filtered/sediment_sampling.csv,XSDString,False
missing value,ss,replicate,234,,,,/github/workspace/logsheets/filtered/sediment_sampling.csv,XSDString,False
missing value,ss,replicate,235,,,,/github/workspace/logsheets/filtered/sediment_sampling.csv,XSDString,False
missing value,ss,replicate,236,,,,/github/workspace/logsheets/filtered/sediment_sampling.csv,XSDString,False
missing value,ss,replicate,237,,,,/github/workspace/logsheets/filtered/sediment_sampling.csv,XSDString,False
missing value,ss,replicate,238,,,,/github/workspace/logsheets/filtered/sediment_sampling.csv,XSDString,False
missing value,ss,replicate,239,,,,/github/workspace/logsheets/filtered/sediment_sampling.csv,XSDString,False
missing value,ss,replicate,240,,,,/github/workspace/logsheets/filtered/sediment_sampling.csv,XSDString,False
missing value,ss,replicate,241,,,,/github/workspace/logsheets/filtered/sediment_sampling.csv,XSDString,False
missing value,ss,replicate,242,,,,/github/workspace/logsheets/filtered/sediment_sampling.csv,XSDString,False
missing value,ss,replicate,243,,,,/github/workspace/logsheets/filtered/sediment_sampling.csv,XSDString,False
missing value,ss,replicate,244,,,,/github/workspace/logsheets/filtered/sediment_sampling.csv,XSDString,False
missing value,ss,replicate,245,,,,/github/workspace/logsheets/filtered/sediment_sampling.csv,XSDString,False
missing value,ss,replicate,246,,,,/github/workspace/logsheets/filtered/sediment_sampling.csv,XSDString,False
missing value,ss,replicate,247,,,,/github/workspace/logsheets/filtered/sediment_sampling.csv,XSDString,False
missing value,ss,replicate,248,,,,/github/workspace/logsheets/filtered/sediment_sampling.csv,XSDString,False
missing value,ss,replicate,249,,,,/github/workspace/logsheets/filtered/sediment_sampling.csv,XSDString,False
missing value,ss,replicate,250,,,,/github/workspace/logsheets/filtered/sediment_sampling.csv,XSDString,False
missing value,ss,replicate,251,,,,/github/workspace/logsheets/filtered/sediment_sampling.csv,XSDString,False
missing value,ss,replicate,252,,,,/github/workspace/logsheets/filtered/sediment_sampling.csv,XSDString,False
missing value,ss,replicate,253,,,,/github/workspace/logsheets/filtered/sediment_sampling.csv,XSDString,False
missing value,ss,replicate,254,,,,/github/workspace/logsheets/filtered/sediment_sampling.csv,XSDString,False
missing value,ss,replicate,255,,,,/github/workspace/logsheets/filtered/sediment_sampling.csv,XSDString,False
missing value,ss,replicate,256,,,,/github/workspace/logsheets/filtered/sediment_sampling.csv,XSDString,False
missing value,ss,replicate,257,,,,/github/workspace/logsheets/filtered/sediment_sampling.csv,XSDString,False
missing value,ss,replicate,258,,,,/github/workspace/logsheets/filtered/sediment_sampling.csv,XSDString,False
missing value,ss,replicate,259,,,,/github/workspace/logsheets/filtered/sediment_sampling.csv,XSDString,False
missing value,ss,replicate,260,,,,/github/workspace/logsheets/filtered/sediment_sampling.csv,XSDString,False
missing value,ss,replicate,261,,,,/github/workspace/logsheets/filtered/sediment_sampling.csv,XSDString,False
missing value,ss,replicate,262,,,,/github/workspace/logsheets/filtered/sediment_sampling.csv,XSDString,False
missing value,ss,failure_comment,1,,,,/github/workspace/logsheets/filtered/sediment_sampling.csv,XSDString,False
missing value,ss,failure_comment,2,,,,/github/workspace/logsheets/filtered/sediment_sampling.csv,XSDString,False
missing value,ss,failure_comment,3,,,,/github/workspace/logsheets/filtered/sediment_sampling.csv,XSDString,False
missing value,ss,failure_comment,4,,,,/github/workspace/logsheets/filtered/sediment_sampling.csv,XSDString,False
missing value,ss,failure_comment,5,,,,/github/workspace/logsheets/filtered/sediment_sampling.csv,XSDString,False
missing value,ss,failure_comment,6,,,,/github/workspace/logsheets/filtered/sediment_sampling.csv,XSDString,False
missing value,ss,failure_comment,7,,,,/github/workspace/logsheets/filtered/sediment_sampling.csv,XSDString,False
missing value,ss,failure_comment,8,,,,/github/workspace/logsheets/filtered/sediment_sampling.csv,XSDString,False
missing value,ss,failure_comment,9,,,,/github/workspace/logsheets/filtered/sediment_sampling.csv,XSDString,False
missing value,ss,failure_comment,10,,,,/github/workspace/logsheets/filtered/sediment_sampling.csv,XSDString,False
missing value,ss,failure_comment,11,,,,/github/workspace/logsheets/filtered/sediment_sampling.csv,XSDString,False
missing value,ss,failure_comment,12,,,,/github/workspace/logsheets/filtered/sediment_sampling.csv,XSDString,False
missing value,ss,failure_comment,13,,,,/github/workspace/logsheets/filtered/sediment_sampling.csv,XSDString,False
missing value,ss,failure_comment,14,,,,/github/workspace/logsheets/filtered/sediment_sampling.csv,XSDString,False
missing value,ss,failure_comment,15,,,,/github/workspace/logsheets/filtered/sediment_sampling.csv,XSDString,False
missing value,ss,failure_comment,16,,,,/github/workspace/logsheets/filtered/sediment_sampling.csv,XSDString,False
missing value,ss,failure_comment,17,,,,/github/workspace/logsheets/filtered/sediment_sampling.csv,XSDString,False
missing value,ss,failure_comment,18,,,,/github/workspace/logsheets/filtered/sediment_sampling.csv,XSDString,False
missing value,ss,failure_comment,212,,,,/github/workspace/logsheets/filtered/sediment_sampling.csv,XSDString,False
missing value,ss,failure_comment,213,,,,/github/workspace/logsheets/filtered/sediment_sampling.csv,XSDString,False
missing value,ss,failure_comment,214,,,,/github/workspace/logsheets/filtered/sediment_sampling.csv,XSDString,False
missing value,ss,failure_comment,215,,,,/github/workspace/logsheets/filtered/sediment_sampling.csv,XSDString,False
missing value,ss,failure_comment,216,,,,/github/workspace/logsheets/filtered/sediment_sampling.csv,XSDString,False
missing value,ss,failure_comment,217,,,,/github/workspace/logsheets/filtered/sediment_sampling.csv,XSDString,False
missing value,ss,failure_comment,218,,,,/github/workspace/logsheets/filtered/sediment_sampling.csv,XSDString,False
missing value,ss,failure_comment,219,,,,/github/workspace/logsheets/filtered/sediment_sampling.csv,XSDString,False
missing value,ss,failure_comment,220,,,,/github/workspace/logsheets/filtered/sediment_sampling.csv,XSDString,False
missing value,ss,failure_comment,221,,,,/github/workspace/logsheets/filtered/sediment_sampling.csv,XSDString,False
missing value,ss,failure_comment,222,,,,/github/workspace/logsheets/filtered/sediment_sampling.csv,XSDString,False
missing value,ss,failure_comment,223,,,,/github/workspace/logsheets/filtered/sediment_sampling.csv,XSDString,False
missing value,ss,failure_comment,224,,,,/github/workspace/logsheets/filtered/sediment_sampling.csv,XSDString,False
missing value,ss,failure_comment,225,,,,/github/workspace/logsheets/filtered/sediment_sampling.csv,XSDString,False
missing value,ss,failure_comment,226,,,,/github/workspace/logsheets/filtered/sediment_sampling.csv,XSDString,False
missing value,ss,failure_comment,227,,,,/github/workspace/logsheets/filtered/sediment_sampling.csv,XSDString,False
missing value,ss,failure_comment,228,,,,/github/workspace/logsheets/filtered/sediment_sampling.csv,XSDString,False
missing value,ss,failure_comment,229,,,,/github/workspace/logsheets/filtered/sediment_sampling.csv,XSDString,False
missing value,ss,failure_comment,230,,,,/github/workspace/logsheets/filtered/sediment_sampling.csv,XSDString,False
missing value,ss,failure_comment,231,,,,/github/workspace/logsheets/filtered/sediment_sampling.csv,XSDString,False
missing value,ss,failure_comment,232,,,,/github/workspace/logsheets/filtered/sediment_sampling.csv,XSDString,False
missing value,ss,failure_comment,233,,,,/github/workspace/logsheets/filtered/sediment_sampling.csv,XSDString,False
missing value,ss,failure_comment,234,,,,/github/workspace/logsheets/filtered/sediment_sampling.csv,XSDString,False
missing value,ss,failure_comment,235,,,,/github/workspace/logsheets/filtered/sediment_sampling.csv,XSDString,False
missing value,ss,failure_comment,236,,,,/github/workspace/logsheets/filtered/sediment_sampling.csv,XSDString,False
missing value,ss,failure_comment,237,,,,/github/workspace/logsheets/filtered/sediment_sampling.csv,XSDString,False
missing value,ss,failure_comment,238,,,,/github/workspace/logsheets/filtered/sediment_sampling.csv,XSDString,False
missing value,ss,failure_comment,239,,,,/github/workspace/logsheets/filtered/sediment_sampling.csv,XSDString,False
missing value,ss,failure_comment,240,,,,/github/workspace/logsheets/filtered/sediment_sampling.csv,XSDString,False
missing value,ss,failure_comment,241,,,,/github/workspace/logsheets/filtered/sediment_sampling.csv,XSDString,False
missing value,ss,failure_comment,242,,,,/github/workspace/logsheets/filtered/sediment_sampling.csv,XSDString,False
missing value,ss,failure_comment,243,,,,/github/workspace/logsheets/filtered/sediment_sampling.csv,XSDString,False
missing value,ss,failure_comment,244,,,,/github/workspace/logsheets/filtered/sediment_sampling.csv,XSDString,False
missing value,ss,failure_comment,245,,,,/github/workspace/logsheets/filtered/sediment_sampling.csv,XSDString,False
missing value,ss,failure_comment,246,,,,/github/workspace/logsheets/filtered/sediment_sampling.csv,XSDString,False
missing value,ss,failure_comment,247,,,,/github/workspace/logsheets/filtered/sediment_sampling.csv,XSDString,False
missing value,ss,failure_comment,248,,,,/github/workspace/logsheets/filtered/sediment_sampling.csv,XSDString,False
missing value,ss,failure_comment,249,,,,/github/workspace/logsheets/filtered/sediment_sampling.csv,XSDString,False
missing value,ss,failure_comment,250,,,,/github/workspace/logsheets/filtered/sediment_sampling.csv,XSDString,False
missing value,ss,failure_comment,251,,,,/github/workspace/logsheets/filtered/sediment_sampling.csv,XSDString,False
missing value,ss,failure_comment,252,,,,/github/workspace/logsheets/filtered/sediment_sampling.csv,XSDString,False
missing value,ss,failure_comment,253,,,,/github/workspace/logsheets/filtered/sediment_sampling.csv,XSDString,False
missing value,ss,failure_comment,254,,,,/github/workspace/logsheets/filtered/sediment_sampling.csv,XSDString,False
missing value,ss,failure_comment,255,,,,/github/workspace/logsheets/filtered/sediment_sampling.csv,XSDString,False
missing value,ss,failure_comment,256,,,,/github/workspace/logsheets/filtered/sediment_sampling.csv,XSDString,False
missing value,ss,failure_comment,257,,,,/github/workspace/logsheets/filtered/sediment_sampling.csv,XSDString,False
missing value,ss,failure_comment,258,,,,/github/workspace/logsheets/filtered/sediment_sampling.csv,XSDString,False
missing value,ss,failure_comment,259,,,,/github/workspace/logsheets/filtered/sediment_sampling.csv,XSDString,False
missing value,ss,failure_comment,260,,,,/github/workspace/logsheets/filtered/sediment_sampling.csv,XSDString,False
missing value,ss,failure_comment,261,,,,/github/workspace/logsheets/filtered/sediment_sampling.csv,XSDString,False
missing value,ss,failure_comment,262,,,,/github/workspace/logsheets/filtered/sediment_sampling.csv,XSDString,False
missing value,wm,sea_subsurf_salinity,155,,,,/github/workspace/logsheets/filtered/water_measured.csv,XSDDouble,False
missing value,wm,sea_subsurf_salinity,156,,,,/github/workspace/logsheets/filtered/water_measured.csv,XSDDouble,False
missing value,wm,sea_subsurf_salinity,165,,,,/github/workspace/logsheets/filtered/water_measured.csv,XSDDouble,False
missing value,wm,sea_subsurf_salinity,170,,,,/github/workspace/logsheets/filtered/water_measured.csv,XSDDouble,False
missing value,wm,sea_subsurf_salinity,171,,,,/github/workspace/logsheets/filtered/water_measured.csv,XSDDouble,False
missing value,wm,sea_subsurf_salinity,180,,,,/github/workspace/logsheets/filtered/water_measured.csv,XSDDouble,False
missing value,wm,sea_subsurf_salinity,185,,,,/github/workspace/logsheets/filtered/water_measured.csv,XSDDouble,False
missing value,wm,sea_subsurf_salinity,186,,,,/github/workspace/logsheets/filtered/water_measured.csv,XSDDouble,False
missing value,wm,sea_subsurf_salinity,195,,,,/github/workspace/logsheets/filtered/water_measured.csv,XSDDouble,False
missing value,wm,sea_subsurf_salinity,200,,,,/github/workspace/logsheets/filtered/water_measured.csv,XSDDouble,False
missing value,wm,sea_subsurf_salinity,201,,,,/github/workspace/logsheets/filtered/water_measured.csv,XSDDouble,False
missing value,wm,sea_subsurf_salinity,210,,,,/github/workspace/logsheets/filtered/water_measured.csv,XSDDouble,False
missing value,wm,sea_subsurf_salinity,215,,,,/github/workspace/logsheets/filtered/water_measured.csv,XSDDouble,False
missing value,wm,sea_subsurf_salinity,216,,,,/github/workspace/logsheets/filtered/water_measured.csv,XSDDouble,False
missing value,wm,sea_subsurf_salinity,225,,,,/github/workspace/logsheets/filtered/water_measured.csv,XSDDouble,False
missing value,wm,sea_subsurf_salinity,230,,,,/github/workspace/logsheets/filtered/water_measured.csv,XSDDouble,False
missing value,wm,sea_subsurf_salinity,231,,,,/github/workspace/logsheets/filtered/water_measured.csv,XSDDouble,False
missing value,wm,sea_subsurf_salinity,232,,,,/github/workspace/logsheets/filtered/water_measured.csv,XSDDouble,False
missing value,wm,sea_subsurf_salinity,233,,,,/github/workspace/logsheets/filtered/water_measured.csv,XSDDouble,False
missing value,wm,sea_subsurf_salinity,234,,,,/github/workspace/logsheets/filtered/water_measured.csv,XSDDouble,False
missing value,wm,sea_subsurf_salinity,235,,,,/github/workspace/logsheets/filtered/water_measured.csv,XSDDouble,False
missing value,wm,sea_subsurf_salinity,236,,,,/github/workspace/logsheets/filtered/water_measured.csv,XSDDouble,False
missing value,wm,sea_subsurf_salinity,237,,,,/github/workspace/logsheets/filtered/water_measured.csv,XSDDouble,False
missing value,wm,sea_subsurf_salinity,238,,,,/github/workspace/logsheets/filtered/water_measured.csv,XSDDouble,False
missing value,wm,sea_subsurf_salinity,239,,,,/github/workspace/logsheets/filtered/water_measured.csv,XSDDouble,False
missing value,wm,sea_subsurf_salinity,240,,,,/github/workspace/logsheets/filtered/water_measured.csv,XSDDouble,False
missing value,wm,sea_subsurf_salinity,241,,,,/github/workspace/logsheets/filtered/water_measured.csv,XSDDouble,False
missing value,wm,sea_subsurf_salinity,242,,,,/github/workspace/logsheets/filtered/water_measured.csv,XSDDouble,False
missing value,wm,sea_subsurf_salinity,243,,,,/github/workspace/logsheets/filtered/water_measured.csv,XSDDouble,False
missing value,wm,sea_subsurf_salinity,244,,,,/github/workspace/logsheets/filtered/water_measured.csv,XSDDouble,False
missing value,wm,sea_subsurf_salinity,245,,,,/github/workspace/logsheets/filtered/water_measured.csv,XSDDouble,False
missing value,wm,sea_subsurf_salinity,246,,,,/github/workspace/logsheets/filtered/water_measured.csv,XSDDouble,False
missing value,wm,sea_subsurf_salinity,247,,,,/github/workspace/logsheets/filtered/water_measured.csv,XSDDouble,False
missing value,wm,sea_subsurf_salinity,248,,,,/github/workspace/logsheets/filtered/water_measured.csv,XSDDouble,False
missing value,wm,sea_subsurf_salinity,249,,,,/github/workspace/logsheets/filtered/water_measured.csv,XSDDouble,False
missing value,wm,sea_subsurf_salinity,250,,,,/github/workspace/logsheets/filtered/water_measured.csv,XSDDouble,False
missing value,wm,sea_subsurf_salinity,251,,,,/github/workspace/logsheets/filtered/water_measured.csv,XSDDouble,False
missing value,wm,sea_subsurf_salinity,252,,,,/github/workspace/logsheets/filtered/water_measured.csv,XSDDouble,False
missing value,wm,sea_subsurf_salinity,253,,,,/github/workspace/logsheets/filtered/water_measured.csv,XSDDouble,False
missing value,wm,sea_subsurf_salinity,254,,,,/github/workspace/logsheets/filtered/water_measured.csv,XSDDouble,False
missing value,wm,sea_subsurf_salinity,255,,,,/github/workspace/logsheets/filtered/water_measured.csv,XSDDouble,False
missing value,wm,sea_subsurf_salinity,256,,,,/github/workspace/logsheets/filtered/water_measured.csv,XSDDouble,False
missing value,wm,sea_subsurf_salinity,257,,,,/github/workspace/logsheets/filtered/water_measured.csv,XSDDouble,False
missing value,wm,sea_subsurf_salinity,258,,,,/github/workspace/logsheets/filtered/water_measured.csv,XSDDouble,False
missing value,wm,sea_subsurf_salinity,259,,,,/github/workspace/logsheets/filtered/water_measured.csv,XSDDouble,False
missing value,wm,sea_subsurf_salinity,260,,,,/github/workspace/logsheets/filtered/water_measured.csv,XSDDouble,False
missing value,wm,sea_subsurf_salinity,261,,,,/github/workspace/logsheets/filtered/water_measured.csv,XSDDouble,False
missing value,wm,sea_subsurf_salinity,262,,,,/github/workspace/logsheets/filtered/water_measured.csv,XSDDouble,False
missing value,wm,sea_subsurf_salinity,263,,,,/github/workspace/logsheets/filtered/water_measured.csv,XSDDouble,False
missing value,wm,sea_subsurf_salinity,264,,,,/github/workspace/logsheets/filtered/water_measured.csv,XSDDouble,False
missing value,wm,sea_subsurf_salinity,265,,,,/github/workspace/logsheets/filtered/water_measured.csv,XSDDouble,False
missing value,wm,sea_subsurf_salinity,266,,,,/github/workspace/logsheets/filtered/water_measured.csv,XSDDouble,False
missing value,wm,sea_subsurf_salinity,267,,,,/github/workspace/logsheets/filtered/water_measured.csv,XSDDouble,False
missing value,wm,sea_subsurf_salinity,268,,,,/github/workspace/logsheets/filtered/water_measured.csv,XSDDouble,False
missing value,wm,sea_subsurf_salinity,269,,,,/github/workspace/logsheets/filtered/water_measured.csv,XSDDouble,False
missing value,wm,sea_subsurf_salinity,270,,,,/github/workspace/logsheets/filtered/water_measured.csv,XSDDouble,False
missing value,wm,sea_subsurf_salinity,271,,,,/github/workspace/logsheets/filtered/water_measured.csv,XSDDouble,False
missing value,wm,sea_subsurf_salinity,272,,,,/github/workspace/logsheets/filtered/water_measured.csv,XSDDouble,False
missing value,wm,sea_subsurf_salinity,273,,,,/github/workspace/logsheets/filtered/water_measured.csv,XSDDouble,False
missing value,wm,sea_subsurf_salinity,274,,,,/github/workspace/logsheets/filtered/water_measured.csv,XSDDouble,False
missing value,wm,sea_subsurf_salinity,275,,,,/github/workspace/logsheets/filtered/water_measured.csv,XSDDouble,False
missing value,wm,sea_subsurf_salinity,276,,,,/github/workspace/logsheets/filtered/water_measured.csv,XSDDouble,False
missing value,wm,sea_subsurf_salinity,277,,,,/github/workspace/logsheets/filtered/water_measured.csv,XSDDouble,False
missing value,wm,sea_subsurf_salinity,278,,,,/github/workspace/logsheets/filtered/water_measured.csv,XSDDouble,False
missing value,wm,sea_subsurf_salinity,279,,,,/github/workspace/logsheets/filtered/water_measured.csv,XSDDouble,False
missing value,wm,sea_subsurf_salinity,280,,,,/github/workspace/logsheets/filtered/water_measured.csv,XSDDouble,False
missing value,wm,sea_subsurf_salinity,281,,,,/github/workspace/logsheets/filtered/water_measured.csv,XSDDouble,False
missing value,wm,sea_subsurf_salinity,282,,,,/github/workspace/logsheets/filtered/water_measured.csv,XSDDouble,False
missing value,wm,sea_subsurf_salinity,283,,,,/github/workspace/logsheets/filtered/water_measured.csv,XSDDouble,False
missing value,wm,sea_subsurf_salinity,284,,,,/github/workspace/logsheets/filtered/water_measured.csv,XSDDouble,False
missing value,wm,sea_subsurf_salinity,285,,,,/github/workspace/logsheets/filtered/water_measured.csv,XSDDouble,False
missing value,wm,sea_subsurf_salinity,290,,,,/github/workspace/logsheets/filtered/water_measured.csv,XSDDouble,False
missing value,wm,sea_subsurf_salinity,291,,,,/github/workspace/logsheets/filtered/water_measured.csv,XSDDouble,False
missing value,wm,sea_subsurf_salinity,292,,,,/github/workspace/logsheets/filtered/water_measured.csv,XSDDouble,False
missing value,wm,sea_subsurf_salinity,293,,,,/github/workspace/logsheets/filtered/water_measured.csv,XSDDouble,False
missing value,wm,sea_subsurf_salinity,294,,,,/github/workspace/logsheets/filtered/water_measured.csv,XSDDouble,False
missing value,wm,sea_subsurf_salinity,295,,,,/github/workspace/logsheets/filtered/water_measured.csv,XSDDouble,False
missing value,wm,sea_subsurf_salinity,296,,,,/github/workspace/logsheets/filtered/water_measured.csv,XSDDouble,False
missing value,wm,sea_subsurf_salinity,297,,,,/github/workspace/logsheets/filtered/water_measured.csv,XSDDouble,False
missing value,wm,sea_subsurf_salinity,298,,,,/github/workspace/logsheets/filtered/water_measured.csv,XSDDouble,False
missing value,wm,sea_subsurf_salinity,299,,,,/github/workspace/logsheets/filtered/water_measured.csv,XSDDouble,False
missing value,wm,sea_subsurf_salinity,300,,,,/github/workspace/logsheets/filtered/water_measured.csv,XSDDouble,False
missing value,wm,sea_subsurf_salinity,301,,,,/github/workspace/logsheets/filtered/water_measured.csv,XSDDouble,False
missing value,wm,sea_subsurf_salinity,302,,,,/github/workspace/logsheets/filtered/water_measured.csv,XSDDouble,False
missing value,wm,sea_subsurf_salinity,303,,,,/github/workspace/logsheets/filtered/water_measured.csv,XSDDouble,False
missing value,wm,sea_subsurf_salinity,304,,,,/github/workspace/logsheets/filtered/water_measured.csv,XSDDouble,False
missing value,wm,sea_subsurf_salinity,305,,,,/github/workspace/logsheets/filtered/water_measured.csv,XSDDouble,False
missing value,wm,sea_subsurf_salinity,306,,,,/github/workspace/logsheets/filtered/water_measured.csv,XSDDouble,False
missing value,wm,sea_subsurf_salinity,307,,,,/github/workspace/logsheets/filtered/water_measured.csv,XSDDouble,False
missing value,wm,sea_subsurf_salinity,308,,,,/github/workspace/logsheets/filtered/water_measured.csv,XSDDouble,False
missing value,wm,sea_subsurf_salinity,309,,,,/github/workspace/logsheets/filtered/water_measured.csv,XSDDouble,False
missing value,wm,sea_subsurf_salinity,310,,,,/github/workspace/logsheets/filtered/water_measured.csv,XSDDouble,False
missing value,wm,sea_subsurf_salinity,311,,,,/github/workspace/logsheets/filtered/water_measured.csv,XSDDouble,False
missing value,wm,sea_subsurf_salinity,312,,,,/github/workspace/logsheets/filtered/water_measured.csv,XSDDouble,False
missing value,wm,sea_subsurf_salinity,313,,,,/github/workspace/logsheets/filtered/water_measured.csv,XSDDouble,False
missing value,wm,sea_subsurf_salinity,314,,,,/github/workspace/logsheets/filtered/water_measured.csv,XSDDouble,False
missing value,wm,sea_subsurf_salinity,315,,,,/github/workspace/logsheets/filtered/water_measured.csv,XSDDouble,False
missing value,wm,sea_subsurf_salinity,316,,,,/github/workspace/logsheets/filtered/water_measured.csv,XSDDouble,False
missing value,wm,sea_subsurf_salinity,317,,,,/github/workspace/logsheets/filtered/water_measured.csv,XSDDouble,False
missing value,wm,sea_subsurf_salinity,318,,,,/github/workspace/logsheets/filtered/water_measured.csv,XSDDouble,False
missing value,wm,sea_subsurf_salinity,319,,,,/github/workspace/logsheets/filtered/water_measured.csv,XSDDouble,False
missing value,wm,sea_subsurf_salinity,320,,,,/github/workspace/logsheets/filtered/water_measured.csv,XSDDouble,False
missing value,wm,sea_subsurf_salinity,321,,,,/github/workspace/logsheets/filtered/water_measured.csv,XSDDouble,False
missing value,wm,sea_subsurf_salinity,322,,,,/github/workspace/logsheets/filtered/water_measured.csv,XSDDouble,False
missing value,wm,sea_subsurf_salinity,323,,,,/github/workspace/logsheets/filtered/water_measured.csv,XSDDouble,False
missing value,wm,sea_subsurf_salinity,324,,,,/github/workspace/logsheets/filtered/water_measured.csv,XSDDouble,False
missing value,wm,sea_subsurf_salinity_method,155,,,,/github/workspace/logsheets/filtered/water_measured.csv,XSDString,False
missing value,wm,sea_subsurf_salinity_method,156,,,,/github/workspace/logsheets/filtered/water_measured.csv,XSDString,False
missing value,wm,sea_subsurf_salinity_method,165,,,,/github/workspace/logsheets/filtered/water_measured.csv,XSDString,False
missing value,wm,sea_subsurf_salinity_method,170,,,,/github/workspace/logsheets/filtered/water_measured.csv,XSDString,False
missing value,wm,sea_subsurf_salinity_method,171,,,,/github/workspace/logsheets/filtered/water_measured.csv,XSDString,False
missing value,wm,sea_subsurf_salinity_method,180,,,,/github/workspace/logsheets/filtered/water_measured.csv,XSDString,False
missing value,wm,sea_subsurf_salinity_method,185,,,,/github/workspace/logsheets/filtered/water_measured.csv,XSDString,False
missing value,wm,sea_subsurf_salinity_method,186,,,,/github/workspace/logsheets/filtered/water_measured.csv,XSDString,False
missing value,wm,sea_subsurf_salinity_method,195,,,,/github/workspace/logsheets/filtered/water_measured.csv,XSDString,False
missing value,wm,sea_subsurf_salinity_method,200,,,,/github/workspace/logsheets/filtered/water_measured.csv,XSDString,False
missing value,wm,sea_subsurf_salinity_method,201,,,,/github/workspace/logsheets/filtered/water_measured.csv,XSDString,False
missing value,wm,sea_subsurf_salinity_method,210,,,,/github/workspace/logsheets/filtered/water_measured.csv,XSDString,False
missing value,wm,sea_subsurf_salinity_method,215,,,,/github/workspace/logsheets/filtered/water_measured.csv,XSDString,False
missing value,wm,sea_subsurf_salinity_method,216,,,,/github/workspace/logsheets/filtered/water_measured.csv,XSDString,False
missing value,wm,sea_subsurf_salinity_method,225,,,,/github/workspace/logsheets/filtered/water_measured.csv,XSDString,False
missing value,wm,sea_subsurf_salinity_method,230,,,,/github/workspace/logsheets/filtered/water_measured.csv,XSDString,False
missing value,wm,sea_subsurf_salinity_method,231,,,,/github/workspace/logsheets/filtered/water_measured.csv,XSDString,False
missing value,wm,sea_subsurf_salinity_method,232,,,,/github/workspace/logsheets/filtered/water_measured.csv,XSDString,False
missing value,wm,sea_subsurf_salinity_method,233,,,,/github/workspace/logsheets/filtered/water_measured.csv,XSDString,False
missing value,wm,sea_subsurf_salinity_method,234,,,,/github/workspace/logsheets/filtered/water_measured.csv,XSDString,False
missing value,wm,sea_subsurf_salinity_method,235,,,,/github/workspace/logsheets/filtered/water_measured.csv,XSDString,False
missing value,wm,sea_subsurf_salinity_method,236,,,,/github/workspace/logsheets/filtered/water_measured.csv,XSDString,False
missing value,wm,sea_subsurf_salinity_method,237,,,,/github/workspace/logsheets/filtered/water_measured.csv,XSDString,False
missing value,wm,sea_subsurf_salinity_method,238,,,,/github/workspace/logsheets/filtered/water_measured.csv,XSDString,False
missing value,wm,sea_subsurf_salinity_method,239,,,,/github/workspace/logsheets/filtered/water_measured.csv,XSDString,False
missing value,wm,sea_subsurf_salinity_method,240,,,,/github/workspace/logsheets/filtered/water_measured.csv,XSDString,False
missing value,wm,sea_subsurf_salinity_method,241,,,,/github/workspace/logsheets/filtered/water_measured.csv,XSDString,False
missing value,wm,sea_subsurf_salinity_method,242,,,,/github/workspace/logsheets/filtered/water_measured.csv,XSDString,False
missing value,wm,sea_subsurf_salinity_method,243,,,,/github/workspace/logsheets/filtered/water_measured.csv,XSDString,False
missing value,wm,sea_subsurf_salinity_method,244,,,,/github/workspace/logsheets/filtered/water_measured.csv,XSDString,False
missing value,wm,sea_subsurf_salinity_method,245,,,,/github/workspace/logsheets/filtered/water_measured.csv,XSDString,False
missing value,wm,sea_subsurf_salinity_method,246,,,,/github/workspace/logsheets/filtered/water_measured.csv,XSDString,False
missing value,wm,sea_subsurf_salinity_method,247,,,,/github/workspace/logsheets/filtered/water_measured.csv,XSDString,False
missing value,wm,sea_subsurf_salinity_method,248,,,,/github/workspace/logsheets/filtered/water_measured.csv,XSDString,False
missing value,wm,sea_subsurf_salinity_method,249,,,,/github/workspace/logsheets/filtered/water_measured.csv,XSDString,False
missing value,wm,sea_subsurf_salinity_method,250,,,,/github/workspace/logsheets/filtered/water_measured.csv,XSDString,False
missing value,wm,sea_subsurf_salinity_method,251,,,,/github/workspace/logsheets/filtered/water_measured.csv,XSDString,False
missing value,wm,sea_subsurf_salinity_method,252,,,,/github/workspace/logsheets/filtered/water_measured.csv,XSDString,False
missing value,wm,sea_subsurf_salinity_method,253,,,,/github/workspace/logsheets/filtered/water_measured.csv,XSDString,False
missing value,wm,sea_subsurf_salinity_method,254,,,,/github/workspace/logsheets/filtered/water_measured.csv,XSDString,False
missing value,wm,sea_subsurf_salinity_method,255,,,,/github/workspace/logsheets/filtered/water_measured.csv,XSDString,False
missing value,wm,sea_subsurf_salinity_method,256,,,,/github/workspace/logsheets/filtered/water_measured.csv,XSDString,False
missing value,wm,sea_subsurf_salinity_method,257,,,,/github/workspace/logsheets/filtered/water_measured.csv,XSDString,False
missing value,wm,sea_subsurf_salinity_method,258,,,,/github/workspace/logsheets/filtered/water_measured.csv,XSDString,False
missing value,wm,sea_subsurf_salinity_method,259,,,,/github/workspace/logsheets/filtered/water_measured.csv,XSDString,False
missing value,wm,sea_subsurf_salinity_method,260,,,,/github/workspace/logsheets/filtered/water_measured.csv,XSDString,False
missing value,wm,sea_subsurf_salinity_method,261,,,,/github/workspace/logsheets/filtered/water_measured.csv,XSDString,False
missing value,wm,sea_subsurf_salinity_method,262,,,,/github/workspace/logsheets/filtered/water_measured.csv,XSDString,False
missing value,wm,sea_subsurf_salinity_method,263,,,,/github/workspace/logsheets/filtered/water_measured.csv,XSDString,False
missing value,wm,sea_subsurf_salinity_method,264,,,,/github/workspace/logsheets/filtered/water_measured.csv,XSDString,False
missing value,wm,sea_subsurf_salinity_method,265,,,,/github/workspace/logsheets/filtered/water_measured.csv,XSDString,False
missing value,wm,sea_subsurf_salinity_method,266,,,,/github/workspace/logsheets/filtered/water_measured.csv,XSDString,False
missing value,wm,sea_subsurf_salinity_method,267,,,,/github/workspace/logsheets/filtered/water_measured.csv,XSDString,False
missing value,wm,sea_subsurf_salinity_method,268,,,,/github/workspace/logsheets/filtered/water_measured.csv,XSDString,False
missing value,wm,sea_subsurf_salinity_method,269,,,,/github/workspace/logsheets/filtered/water_measured.csv,XSDString,False
missing value,wm,sea_subsurf_salinity_method,270,,,,/github/workspace/logsheets/filtered/water_measured.csv,XSDString,False
missing value,wm,sea_subsurf_salinity_method,271,,,,/github/workspace/logsheets/filtered/water_measured.csv,XSDString,False
missing value,wm,sea_subsurf_salinity_method,272,,,,/github/workspace/logsheets/filtered/water_measured.csv,XSDString,False
missing value,wm,sea_subsurf_salinity_method,273,,,,/github/workspace/logsheets/filtered/water_measured.csv,XSDString,False
missing value,wm,sea_subsurf_salinity_method,274,,,,/github/workspace/logsheets/filtered/water_measured.csv,XSDString,False
missing value,wm,sea_subsurf_salinity_method,275,,,,/github/workspace/logsheets/filtered/water_measured.csv,XSDString,False
missing value,wm,sea_subsurf_salinity_method,276,,,,/github/workspace/logsheets/filtered/water_measured.csv,XSDString,False
missing value,wm,sea_subsurf_salinity_method,277,,,,/github/workspace/logsheets/filtered/water_measured.csv,XSDString,False
missing value,wm,sea_subsurf_salinity_method,278,,,,/github/workspace/logsheets/filtered/water_measured.csv,XSDString,False
missing value,wm,sea_subsurf_salinity_method,279,,,,/github/workspace/logsheets/filtered/water_measured.csv,XSDString,False
missing value,wm,sea_subsurf_salinity_method,280,,,,/github/workspace/logsheets/filtered/water_measured.csv,XSDString,False
missing value,wm,sea_subsurf_salinity_method,281,,,,/github/workspace/logsheets/filtered/water_measured.csv,XSDString,False
missing value,wm,sea_subsurf_salinity_method,282,,,,/github/workspace/logsheets/filtered/water_measured.csv,XSDString,False
missing value,wm,sea_subsurf_salinity_method,283,,,,/github/workspace/logsheets/filtered/water_measured.csv,XSDString,False
missing value,wm,sea_subsurf_salinity_method,284,,,,/github/workspace/logsheets/filtered/water_measured.csv,XSDString,False
missing value,wm,sea_subsurf_salinity_method,285,,,,/github/workspace/logsheets/filtered/water_measured.csv,XSDString,False
missing value,wm,sea_subsurf_salinity_method,290,,,,/github/workspace/logsheets/filtered/water_measured.csv,XSDString,False
missing value,wm,sea_subsurf_salinity_method,291,,,,/github/workspace/logsheets/filtered/water_measured.csv,XSDString,False
missing value,wm,sea_subsurf_salinity_method,292,,,,/github/workspace/logsheets/filtered/water_measured.csv,XSDString,False
missing value,wm,sea_subsurf_salinity_method,293,,,,/github/workspace/logsheets/filtered/water_measured.csv,XSDString,False
missing value,wm,sea_subsurf_salinity_method,294,,,,/github/workspace/logsheets/filtered/water_measured.csv,XSDString,False
missing value,wm,sea_subsurf_salinity_method,295,,,,/github/workspace/logsheets/filtered/water_measured.csv,XSDString,False
missing value,wm,sea_subsurf_salinity_method,296,,,,/github/workspace/logsheets/filtered/water_measured.csv,XSDString,False
missing value,wm,sea_subsurf_salinity_method,297,,,,/github/workspace/logsheets/filtered/water_measured.csv,XSDString,False
missing value,wm,sea_subsurf_salinity_method,298,,,,/github/workspace/logsheets/filtered/water_measured.csv,XSDString,False
missing value,wm,sea_subsurf_salinity_method,299,,,,/github/workspace/logsheets/filtered/water_measured.csv,XSDString,False
missing value,wm,sea_subsurf_salinity_method,300,,,,/github/workspace/logsheets/filtered/water_measured.csv,XSDString,False
missing value,wm,sea_subsurf_salinity_method,301,,,,/github/workspace/logsheets/filtered/water_measured.csv,XSDString,False
missing value,wm,sea_subsurf_salinity_method,302,,,,/github/workspace/logsheets/filtered/water_measured.csv,XSDString,False
missing value,wm,sea_subsurf_salinity_method,303,,,,/github/workspace/logsheets/filtered/water_measured.csv,XSDString,False
missing value,wm,sea_subsurf_salinity_method,304,,,,/github/workspace/logsheets/filtered/water_measured.csv,XSDString,False
missing value,wm,sea_subsurf_salinity_method,305,,,,/github/workspace/logsheets/filtered/water_measured.csv,XSDString,False
missing value,wm,sea_subsurf_salinity_method,306,,,,/github/workspace/logsheets/filtered/water_measured.csv,XSDString,False
missing value,wm,sea_subsurf_salinity_method,307,,,,/github/workspace/logsheets/filtered/water_measured.csv,XSDString,False
missing value,wm,sea_subsurf_salinity_method,308,,,,/github/workspace/logsheets/filtered/water_measured.csv,XSDString,False
missing value,wm,sea_subsurf_salinity_method,309,,,,/github/workspace/logsheets/filtered/water_measured.csv,XSDString,False
missing value,wm,sea_subsurf_salinity_method,310,,,,/github/workspace/logsheets/filtered/water_measured.csv,XSDString,False
missing value,wm,sea_subsurf_salinity_method,311,,,,/github/workspace/logsheets/filtered/water_measured.csv,XSDString,False
missing value,wm,sea_subsurf_salinity_method,312,,,,/github/workspace/logsheets/filtered/water_measured.csv,XSDString,False
missing value,wm,sea_subsurf_salinity_method,313,,,,/github/workspace/logsheets/filtered/water_measured.csv,XSDString,False
missing value,wm,sea_subsurf_salinity_method,314,,,,/github/workspace/logsheets/filtered/water_measured.csv,XSDString,False
missing value,wm,sea_subsurf_salinity_method,315,,,,/github/workspace/logsheets/filtered/water_measured.csv,XSDString,False
missing value,wm,sea_subsurf_salinity_method,316,,,,/github/workspace/logsheets/filtered/water_measured.csv,XSDString,False
missing value,wm,sea_subsurf_salinity_method,317,,,,/github/workspace/logsheets/filtered/water_measured.csv,XSDString,False
missing value,wm,sea_subsurf_salinity_method,318,,,,/github/workspace/logsheets/filtered/water_measured.csv,XSDString,False
missing value,wm,sea_subsurf_salinity_method,319,,,,/github/workspace/logsheets/filtered/water_measured.csv,XSDString,False
missing value,wm,sea_subsurf_salinity_method,320,,,,/github/workspace/logsheets/filtered/water_measured.csv,XSDString,False
missing value,wm,sea_subsurf_salinity_method,321,,,,/github/workspace/logsheets/filtered/water_measured.csv,XSDString,False
missing value,wm,sea_subsurf_salinity_method,322,,,,/github/workspace/logsheets/filtered/water_measured.csv,XSDString,False
missing value,wm,sea_subsurf_salinity_method,323,,,,/github/workspace/logsheets/filtered/water_measured.csv,XSDString,False
missing value,wm,sea_subsurf_salinity_method,324,,,,/github/workspace/logsheets/filtered/water_measured.csv,XSDString,False
missing value,wm,sea_subsurf_temp,155,,,,/github/workspace/logsheets/filtered/water_measured.csv,XSDDouble,False
missing value,wm,sea_subsurf_temp,156,,,,/github/workspace/logsheets/filtered/water_measured.csv,XSDDouble,False
missing value,wm,sea_subsurf_temp,165,,,,/github/workspace/logsheets/filtered/water_measured.csv,XSDDouble,False
missing value,wm,sea_subsurf_temp,170,,,,/github/workspace/logsheets/filtered/water_measured.csv,XSDDouble,False
missing value,wm,sea_subsurf_temp,171,,,,/github/workspace/logsheets/filtered/water_measured.csv,XSDDouble,False
missing value,wm,sea_subsurf_temp,180,,,,/github/workspace/logsheets/filtered/water_measured.csv,XSDDouble,False
missing value,wm,sea_subsurf_temp,185,,,,/github/workspace/logsheets/filtered/water_measured.csv,XSDDouble,False
missing value,wm,sea_subsurf_temp,186,,,,/github/workspace/logsheets/filtered/water_measured.csv,XSDDouble,False
missing value,wm,sea_subsurf_temp,195,,,,/github/workspace/logsheets/filtered/water_measured.csv,XSDDouble,False
missing value,wm,sea_subsurf_temp,200,,,,/github/workspace/logsheets/filtered/water_measured.csv,XSDDouble,False
missing value,wm,sea_subsurf_temp,201,,,,/github/workspace/logsheets/filtered/water_measured.csv,XSDDouble,False
missing value,wm,sea_subsurf_temp,210,,,,/github/workspace/logsheets/filtered/water_measured.csv,XSDDouble,False
missing value,wm,sea_subsurf_temp,215,,,,/github/workspace/logsheets/filtered/water_measured.csv,XSDDouble,False
missing value,wm,sea_subsurf_temp,216,,,,/github/workspace/logsheets/filtered/water_measured.csv,XSDDouble,False
missing value,wm,sea_subsurf_temp,225,,,,/github/workspace/logsheets/filtered/water_measured.csv,XSDDouble,False
missing value,wm,sea_subsurf_temp,230,,,,/github/workspace/logsheets/filtered/water_measured.csv,XSDDouble,False
missing value,wm,sea_subsurf_temp,231,,,,/github/workspace/logsheets/filtered/water_measured.csv,XSDDouble,False
missing value,wm,sea_subsurf_temp,232,,,,/github/workspace/logsheets/filtered/water_measured.csv,XSDDouble,False
missing value,wm,sea_subsurf_temp,233,,,,/github/workspace/logsheets/filtered/water_measured.csv,XSDDouble,False
missing value,wm,sea_subsurf_temp,234,,,,/github/workspace/logsheets/filtered/water_measured.csv,XSDDouble,False
missing value,wm,sea_subsurf_temp,235,,,,/github/workspace/logsheets/filtered/water_measured.csv,XSDDouble,False
missing value,wm,sea_subsurf_temp,236,,,,/github/workspace/logsheets/filtered/water_measured.csv,XSDDouble,False
missing value,wm,sea_subsurf_temp,237,,,,/github/workspace/logsheets/filtered/water_measured.csv,XSDDouble,False
missing value,wm,sea_subsurf_temp,238,,,,/github/workspace/logsheets/filtered/water_measured.csv,XSDDouble,False
missing value,wm,sea_subsurf_temp,239,,,,/github/workspace/logsheets/filtered/water_measured.csv,XSDDouble,False
missing value,wm,sea_subsurf_temp,240,,,,/github/workspace/logsheets/filtered/water_measured.csv,XSDDouble,False
missing value,wm,sea_subsurf_temp,241,,,,/github/workspace/logsheets/filtered/water_measured.csv,XSDDouble,False
missing value,wm,sea_subsurf_temp,242,,,,/github/workspace/logsheets/filtered/water_measured.csv,XSDDouble,False
missing value,wm,sea_subsurf_temp,243,,,,/github/workspace/logsheets/filtered/water_measured.csv,XSDDouble,False
missing value,wm,sea_subsurf_temp,244,,,,/github/workspace/logsheets/filtered/water_measured.csv,XSDDouble,False
missing value,wm,sea_subsurf_temp,245,,,,/github/workspace/logsheets/filtered/water_measured.csv,XSDDouble,False
missing value,wm,sea_subsurf_temp,246,,,,/github/workspace/logsheets/filtered/water_measured.csv,XSDDouble,False
missing value,wm,sea_subsurf_temp,247,,,,/github/workspace/logsheets/filtered/water_measured.csv,XSDDouble,False
missing value,wm,sea_subsurf_temp,248,,,,/github/workspace/logsheets/filtered/water_measured.csv,XSDDouble,False
missing value,wm,sea_subsurf_temp,249,,,,/github/workspace/logsheets/filtered/water_measured.csv,XSDDouble,False
missing value,wm,sea_subsurf_temp,250,,,,/github/workspace/logsheets/filtered/water_measured.csv,XSDDouble,False
missing value,wm,sea_subsurf_temp,251,,,,/github/workspace/logsheets/filtered/water_measured.csv,XSDDouble,False
missing value,wm,sea_subsurf_temp,252,,,,/github/workspace/logsheets/filtered/water_measured.csv,XSDDouble,False
missing value,wm,sea_subsurf_temp,253,,,,/github/workspace/logsheets/filtered/water_measured.csv,XSDDouble,False
missing value,wm,sea_subsurf_temp,254,,,,/github/workspace/logsheets/filtered/water_measured.csv,XSDDouble,False
missing value,wm,sea_subsurf_temp,255,,,,/github/workspace/logsheets/filtered/water_measured.csv,XSDDouble,False
missing value,wm,sea_subsurf_temp,256,,,,/github/workspace/logsheets/filtered/water_measured.csv,XSDDouble,False
missing value,wm,sea_subsurf_temp,257,,,,/github/workspace/logsheets/filtered/water_measured.csv,XSDDouble,False
missing value,wm,sea_subsurf_temp,258,,,,/github/workspace/logsheets/filtered/water_measured.csv,XSDDouble,False
missing value,wm,sea_subsurf_temp,259,,,,/github/workspace/logsheets/filtered/water_measured.csv,XSDDouble,False
missing value,wm,sea_subsurf_temp,260,,,,/github/workspace/logsheets/filtered/water_measured.csv,XSDDouble,False
missing value,wm,sea_subsurf_temp,261,,,,/github/workspace/logsheets/filtered/water_measured.csv,XSDDouble,False
missing value,wm,sea_subsurf_temp,262,,,,/github/workspace/logsheets/filtered/water_measured.csv,XSDDouble,False
missing value,wm,sea_subsurf_temp,263,,,,/github/workspace/logsheets/filtered/water_measured.csv,XSDDouble,False
missing value,wm,sea_subsurf_temp,264,,,,/github/workspace/logsheets/filtered/water_measured.csv,XSDDouble,False
missing value,wm,sea_subsurf_temp,265,,,,/github/workspace/logsheets/filtered/water_measured.csv,XSDDouble,False
missing value,wm,sea_subsurf_temp,266,,,,/github/workspace/logsheets/filtered/water_measured.csv,XSDDouble,False
missing value,wm,sea_subsurf_temp,267,,,,/github/workspace/logsheets/filtered/water_measured.csv,XSDDouble,False
missing value,wm,sea_subsurf_temp,268,,,,/github/workspace/logsheets/filtered/water_measured.csv,XSDDouble,False
missing value,wm,sea_subsurf_temp,269,,,,/github/workspace/logsheets/filtered/water_measured.csv,XSDDouble,False
missing value,wm,sea_subsurf_temp,270,,,,/github/workspace/logsheets/filtered/water_measured.csv,XSDDouble,False
missing value,wm,sea_subsurf_temp,271,,,,/github/workspace/logsheets/filtered/water_measured.csv,XSDDouble,False
missing value,wm,sea_subsurf_temp,272,,,,/github/workspace/logsheets/filtered/water_measured.csv,XSDDouble,False
missing value,wm,sea_subsurf_temp,273,,,,/github/workspace/logsheets/filtered/water_measured.csv,XSDDouble,False
missing value,wm,sea_subsurf_temp,274,,,,/github/workspace/logsheets/filtered/water_measured.csv,XSDDouble,False
missing value,wm,sea_subsurf_temp,275,,,,/github/workspace/logsheets/filtered/water_measured.csv,XSDDouble,False
missing value,wm,sea_subsurf_temp,276,,,,/github/workspace/logsheets/filtered/water_measured.csv,XSDDouble,False
missing value,wm,sea_subsurf_temp,277,,,,/github/workspace/logsheets/filtered/water_measured.csv,XSDDouble,False
missing value,wm,sea_subsurf_temp,278,,,,/github/workspace/logsheets/filtered/water_measured.csv,XSDDouble,False
missing value,wm,sea_subsurf_temp,279,,,,/github/workspace/logsheets/filtered/water_measured.csv,XSDDouble,False
missing value,wm,sea_subsurf_temp,280,,,,/github/workspace/logsheets/filtered/water_measured.csv,XSDDouble,False
missing value,wm,sea_subsurf_temp,281,,,,/github/workspace/logsheets/filtered/water_measured.csv,XSDDouble,False
missing value,wm,sea_subsurf_temp,282,,,,/github/workspace/logsheets/filtered/water_measured.csv,XSDDouble,False
missing value,wm,sea_subsurf_temp,283,,,,/github/workspace/logsheets/filtered/water_measured.csv,XSDDouble,False
missing value,wm,sea_subsurf_temp,284,,,,/github/workspace/logsheets/filtered/water_measured.csv,XSDDouble,False
missing value,wm,sea_subsurf_temp,285,,,,/github/workspace/logsheets/filtered/water_measured.csv,XSDDouble,False
missing value,wm,sea_subsurf_temp,290,,,,/github/workspace/logsheets/filtered/water_measured.csv,XSDDouble,False
missing value,wm,sea_subsurf_temp,291,,,,/github/workspace/logsheets/filtered/water_measured.csv,XSDDouble,False
missing value,wm,sea_subsurf_temp,292,,,,/github/workspace/logsheets/filtered/water_measured.csv,XSDDouble,False
missing value,wm,sea_subsurf_temp,293,,,,/github/workspace/logsheets/filtered/water_measured.csv,XSDDouble,False
missing value,wm,sea_subsurf_temp,294,,,,/github/workspace/logsheets/filtered/water_measured.csv,XSDDouble,False
missing value,wm,sea_subsurf_temp,295,,,,/github/workspace/logsheets/filtered/water_measured.csv,XSDDouble,False
missing value,wm,sea_subsurf_temp,296,,,,/github/workspace/logsheets/filtered/water_measured.csv,XSDDouble,False
missing value,wm,sea_subsurf_temp,297,,,,/github/workspace/logsheets/filtered/water_measured.csv,XSDDouble,False
missing value,wm,sea_subsurf_temp,298,,,,/github/workspace/logsheets/filtered/water_measured.csv,XSDDouble,False
missing value,wm,sea_subsurf_temp,299,,,,/github/workspace/logsheets/filtered/water_measured.csv,XSDDouble,False
missing value,wm,sea_subsurf_temp,300,,,,/github/workspace/logsheets/filtered/water_measured.csv,XSDDouble,False
missing value,wm,sea_subsurf_temp,301,,,,/github/workspace/logsheets/filtered/water_measured.csv,XSDDouble,False
missing value,wm,sea_subsurf_temp,302,,,,/github/workspace/logsheets/filtered/water_measured.csv,XSDDouble,False
missing value,wm,sea_subsurf_temp,303,,,,/github/workspace/logsheets/filtered/water_measured.csv,XSDDouble,False
missing value,wm,sea_subsurf_temp,304,,,,/github/workspace/logsheets/filtered/water_measured.csv,XSDDouble,False
missing value,wm,sea_subsurf_temp,305,,,,/github/workspace/logsheets/filtered/water_measured.csv,XSDDouble,False
missing value,wm,sea_subsurf_temp,306,,,,/github/workspace/logsheets/filtered/water_measured.csv,XSDDouble,False
missing value,wm,sea_subsurf_temp,307,,,,/github/workspace/logsheets/filtered/water_measured.csv,XSDDouble,False
missing value,wm,sea_subsurf_temp,308,,,,/github/workspace/logsheets/filtered/water_measured.csv,XSDDouble,False
missing value,wm,sea_subsurf_temp,309,,,,/github/workspace/logsheets/filtered/water_measured.csv,XSDDouble,False
missing value,wm,sea_subsurf_temp,310,,,,/github/workspace/logsheets/filtered/water_measured.csv,XSDDouble,False
missing value,wm,sea_subsurf_temp,311,,,,/github/workspace/logsheets/filtered/water_measured.csv,XSDDouble,False
missing value,wm,sea_subsurf_temp,312,,,,/github/workspace/logsheets/filtered/water_measured.csv,XSDDouble,False
missing value,wm,sea_subsurf_temp,313,,,,/github/workspace/logsheets/filtered/water_measured.csv,XSDDouble,False
missing value,wm,sea_subsurf_temp,314,,,,/github/workspace/logsheets/filtered/water_measured.csv,XSDDouble,False
missing value,wm,sea_subsurf_temp,315,,,,/github/workspace/logsheets/filtered/water_measured.csv,XSDDouble,False
missing value,wm,sea_subsurf_temp,316,,,,/github/workspace/logsheets/filtered/water_measured.csv,XSDDouble,False
missing value,wm,sea_subsurf_temp,317,,,,/github/workspace/logsheets/filtered/water_measured.csv,XSDDouble,False
missing value,wm,sea_subsurf_temp,318,,,,/github/workspace/logsheets/filtered/water_measured.csv,XSDDouble,False
missing value,wm,sea_subsurf_temp,319,,,,/github/workspace/logsheets/filtered/water_measured.csv,XSDDouble,False
missing value,wm,sea_subsurf_temp,320,,,,/github/workspace/logsheets/filtered/water_measured.csv,XSDDouble,False
missing value,wm,sea_subsurf_temp,321,,,,/github/workspace/logsheets/filtered/water_measured.csv,XSDDouble,False
missing value,wm,sea_subsurf_temp,322,,,,/github/workspace/logsheets/filtered/water_measured.csv,XSDDouble,False
missing value,wm,sea_subsurf_temp,323,,,,/github/workspace/logsheets/filtered/water_measured.csv,XSDDouble,False
missing value,wm,sea_subsurf_temp,324,,,,/github/workspace/logsheets/filtered/water_measured.csv,XSDDouble,False
missing value,wm,sea_subsurf_temp_method,155,,,,/github/workspace/logsheets/filtered/water_measured.csv,XSDString,False
missing value,wm,sea_subsurf_temp_method,156,,,,/github/workspace/logsheets/filtered/water_measured.csv,XSDString,False
missing value,wm,sea_subsurf_temp_method,165,,,,/github/workspace/logsheets/filtered/water_measured.csv,XSDString,False
missing value,wm,sea_subsurf_temp_method,170,,,,/github/workspace/logsheets/filtered/water_measured.csv,XSDString,False
missing value,wm,sea_subsurf_temp_method,171,,,,/github/workspace/logsheets/filtered/water_measured.csv,XSDString,False
missing value,wm,sea_subsurf_temp_method,180,,,,/github/workspace/logsheets/filtered/water_measured.csv,XSDString,False
missing value,wm,sea_subsurf_temp_method,185,,,,/github/workspace/logsheets/filtered/water_measured.csv,XSDString,False
missing value,wm,sea_subsurf_temp_method,186,,,,/github/workspace/logsheets/filtered/water_measured.csv,XSDString,False
missing value,wm,sea_subsurf_temp_method,195,,,,/github/workspace/logsheets/filtered/water_measured.csv,XSDString,False
missing value,wm,sea_subsurf_temp_method,200,,,,/github/workspace/logsheets/filtered/water_measured.csv,XSDString,False
missing value,wm,sea_subsurf_temp_method,201,,,,/github/workspace/logsheets/filtered/water_measured.csv,XSDString,False
missing value,wm,sea_subsurf_temp_method,210,,,,/github/workspace/logsheets/filtered/water_measured.csv,XSDString,False
missing value,wm,sea_subsurf_temp_method,215,,,,/github/workspace/logsheets/filtered/water_measured.csv,XSDString,False
missing value,wm,sea_subsurf_temp_method,216,,,,/github/workspace/logsheets/filtered/water_measured.csv,XSDString,False
missing value,wm,sea_subsurf_temp_method,225,,,,/github/workspace/logsheets/filtered/water_measured.csv,XSDString,False
missing value,wm,sea_subsurf_temp_method,230,,,,/github/workspace/logsheets/filtered/water_measured.csv,XSDString,False
missing value,wm,sea_subsurf_temp_method,231,,,,/github/workspace/logsheets/filtered/water_measured.csv,XSDString,False
missing value,wm,sea_subsurf_temp_method,232,,,,/github/workspace/logsheets/filtered/water_measured.csv,XSDString,False
missing value,wm,sea_subsurf_temp_method,233,,,,/github/workspace/logsheets/filtered/water_measured.csv,XSDString,False
missing value,wm,sea_subsurf_temp_method,234,,,,/github/workspace/logsheets/filtered/water_measured.csv,XSDString,False
missing value,wm,sea_subsurf_temp_method,235,,,,/github/workspace/logsheets/filtered/water_measured.csv,XSDString,False
missing value,wm,sea_subsurf_temp_method,236,,,,/github/workspace/logsheets/filtered/water_measured.csv,XSDString,False
missing value,wm,sea_subsurf_temp_method,237,,,,/github/workspace/logsheets/filtered/water_measured.csv,XSDString,False
missing value,wm,sea_subsurf_temp_method,238,,,,/github/workspace/logsheets/filtered/water_measured.csv,XSDString,False
missing value,wm,sea_subsurf_temp_method,239,,,,/github/workspace/logsheets/filtered/water_measured.csv,XSDString,False
missing value,wm,sea_subsurf_temp_method,240,,,,/github/workspace/logsheets/filtered/water_measured.csv,XSDString,False
missing value,wm,sea_subsurf_temp_method,241,,,,/github/workspace/logsheets/filtered/water_measured.csv,XSDString,False
missing value,wm,sea_subsurf_temp_method,242,,,,/github/workspace/logsheets/filtered/water_measured.csv,XSDString,False
missing value,wm,sea_subsurf_temp_method,243,,,,/github/workspace/logsheets/filtered/water_measured.csv,XSDString,False
missing value,wm,sea_subsurf_temp_method,244,,,,/github/workspace/logsheets/filtered/water_measured.csv,XSDString,False
missing value,wm,sea_subsurf_temp_method,245,,,,/github/workspace/logsheets/filtered/water_measured.csv,XSDString,False
missing value,wm,sea_subsurf_temp_method,246,,,,/github/workspace/logsheets/filtered/water_measured.csv,XSDString,False
missing value,wm,sea_subsurf_temp_method,247,,,,/github/workspace/logsheets/filtered/water_measured.csv,XSDString,False
missing value,wm,sea_subsurf_temp_method,248,,,,/github/workspace/logsheets/filtered/water_measured.csv,XSDString,False
missing value,wm,sea_subsurf_temp_method,249,,,,/github/workspace/logsheets/filtered/water_measured.csv,XSDString,False
missing value,wm,sea_subsurf_temp_method,250,,,,/github/workspace/logsheets/filtered/water_measured.csv,XSDString,False
missing value,wm,sea_subsurf_temp_method,251,,,,/github/workspace/logsheets/filtered/water_measured.csv,XSDString,False
missing value,wm,sea_subsurf_temp_method,252,,,,/github/workspace/logsheets/filtered/water_measured.csv,XSDString,False
missing value,wm,sea_subsurf_temp_method,253,,,,/github/workspace/logsheets/filtered/water_measured.csv,XSDString,False
missing value,wm,sea_subsurf_temp_method,254,,,,/github/workspace/logsheets/filtered/water_measured.csv,XSDString,False
missing value,wm,sea_subsurf_temp_method,255,,,,/github/workspace/logsheets/filtered/water_measured.csv,XSDString,False
missing value,wm,sea_subsurf_temp_method,256,,,,/github/workspace/logsheets/filtered/water_measured.csv,XSDString,False
missing value,wm,sea_subsurf_temp_method,257,,,,/github/workspace/logsheets/filtered/water_measured.csv,XSDString,False
missing value,wm,sea_subsurf_temp_method,258,,,,/github/workspace/logsheets/filtered/water_measured.csv,XSDString,False
missing value,wm,sea_subsurf_temp_method,259,,,,/github/workspace/logsheets/filtered/water_measured.csv,XSDString,False
missing value,wm,sea_subsurf_temp_method,260,,,,/github/workspace/logsheets/filtered/water_measured.csv,XSDString,False
missing value,wm,sea_subsurf_temp_method,261,,,,/github/workspace/logsheets/filtered/water_measured.csv,XSDString,False
missing value,wm,sea_subsurf_temp_method,262,,,,/github/workspace/logsheets/filtered/water_measured.csv,XSDString,False
missing value,wm,sea_subsurf_temp_method,263,,,,/github/workspace/logsheets/filtered/water_measured.csv,XSDString,False
missing value,wm,sea_subsurf_temp_method,264,,,,/github/workspace/logsheets/filtered/water_measured.csv,XSDString,False
missing value,wm,sea_subsurf_temp_method,265,,,,/github/workspace/logsheets/filtered/water_measured.csv,XSDString,False
missing value,wm,sea_subsurf_temp_method,266,,,,/github/workspace/logsheets/filtered/water_measured.csv,XSDString,False
missing value,wm,sea_subsurf_temp_method,267,,,,/github/workspace/logsheets/filtered/water_measured.csv,XSDString,False
missing value,wm,sea_subsurf_temp_method,268,,,,/github/workspace/logsheets/filtered/water_measured.csv,XSDString,False
missing value,wm,sea_subsurf_temp_method,269,,,,/github/workspace/logsheets/filtered/water_measured.csv,XSDString,False
missing value,wm,sea_subsurf_temp_method,270,,,,/github/workspace/logsheets/filtered/water_measured.csv,XSDString,False
missing value,wm,sea_subsurf_temp_method,271,,,,/github/workspace/logsheets/filtered/water_measured.csv,XSDString,False
missing value,wm,sea_subsurf_temp_method,272,,,,/github/workspace/logsheets/filtered/water_measured.csv,XSDString,False
missing value,wm,sea_subsurf_temp_method,273,,,,/github/workspace/logsheets/filtered/water_measured.csv,XSDString,False
missing value,wm,sea_subsurf_temp_method,274,,,,/github/workspace/logsheets/filtered/water_measured.csv,XSDString,False
missing value,wm,sea_subsurf_temp_method,275,,,,/github/workspace/logsheets/filtered/water_measured.csv,XSDString,False
missing value,wm,sea_subsurf_temp_method,276,,,,/github/workspace/logsheets/filtered/water_measured.csv,XSDString,False
missing value,wm,sea_subsurf_temp_method,277,,,,/github/workspace/logsheets/filtered/water_measured.csv,XSDString,False
missing value,wm,sea_subsurf_temp_method,278,,,,/github/workspace/logsheets/filtered/water_measured.csv,XSDString,False
missing value,wm,sea_subsurf_temp_method,279,,,,/github/workspace/logsheets/filtered/water_measured.csv,XSDString,False
missing value,wm,sea_subsurf_temp_method,280,,,,/github/workspace/logsheets/filtered/water_measured.csv,XSDString,False
missing value,wm,sea_subsurf_temp_method,281,,,,/github/workspace/logsheets/filtered/water_measured.csv,XSDString,False
missing value,wm,sea_subsurf_temp_method,282,,,,/github/workspace/logsheets/filtered/water_measured.csv,XSDString,False
missing value,wm,sea_subsurf_temp_method,283,,,,/github/workspace/logsheets/filtered/water_measured.csv,XSDString,False
missing value,wm,sea_subsurf_temp_method,284,,,,/github/workspace/logsheets/filtered/water_measured.csv,XSDString,False
missing value,wm,sea_subsurf_temp_method,285,,,,/github/workspace/logsheets/filtered/water_measured.csv,XSDString,False
missing value,wm,sea_subsurf_temp_method,290,,,,/github/workspace/logsheets/filtered/water_measured.csv,XSDString,False
missing value,wm,sea_subsurf_temp_method,291,,,,/github/workspace/logsheets/filtered/water_measured.csv,XSDString,False
missing value,wm,sea_subsurf_temp_method,292,,,,/github/workspace/logsheets/filtered/water_measured.csv,XSDString,False
missing value,wm,sea_subsurf_temp_method,293,,,,/github/workspace/logsheets/filtered/water_measured.csv,XSDString,False
missing value,wm,sea_subsurf_temp_method,294,,,,/github/workspace/logsheets/filtered/water_measured.csv,XSDString,False
missing value,wm,sea_subsurf_temp_method,295,,,,/github/workspace/logsheets/filtered/water_measured.csv,XSDString,False
missing value,wm,sea_subsurf_temp_method,296,,,,/github/workspace/logsheets/filtered/water_measured.csv,XSDString,False
missing value,wm,sea_subsurf_temp_method,297,,,,/github/workspace/logsheets/filtered/water_measured.csv,XSDString,False
missing value,wm,sea_subsurf_temp_method,298,,,,/github/workspace/logsheets/filtered/water_measured.csv,XSDString,False
missing value,wm,sea_subsurf_temp_method,299,,,,/github/workspace/logsheets/filtered/water_measured.csv,XSDString,False
missing value,wm,sea_subsurf_temp_method,300,,,,/github/workspace/logsheets/filtered/water_measured.csv,XSDString,False
missing value,wm,sea_subsurf_temp_method,301,,,,/github/workspace/logsheets/filtered/water_measured.csv,XSDString,False
missing value,wm,sea_subsurf_temp_method,302,,,,/github/workspace/logsheets/filtered/water_measured.csv,XSDString,False
missing value,wm,sea_subsurf_temp_method,303,,,,/github/workspace/logsheets/filtered/water_measured.csv,XSDString,False
missing value,wm,sea_subsurf_temp_method,304,,,,/github/workspace/logsheets/filtered/water_measured.csv,XSDString,False
missing value,wm,sea_subsurf_temp_method,305,,,,/github/workspace/logsheets/filtered/water_measured.csv,XSDString,False
missing value,wm,sea_subsurf_temp_method,306,,,,/github/workspace/logsheets/filtered/water_measured.csv,XSDString,False
missing value,wm,sea_subsurf_temp_method,307,,,,/github/workspace/logsheets/filtered/water_measured.csv,XSDString,False
missing value,wm,sea_subsurf_temp_method,308,,,,/github/workspace/logsheets/filtered/water_measured.csv,XSDString,False
missing value,wm,sea_subsurf_temp_method,309,,,,/github/workspace/logsheets/filtered/water_measured.csv,XSDString,False
missing value,wm,sea_subsurf_temp_method,310,,,,/github/workspace/logsheets/filtered/water_measured.csv,XSDString,False
missing value,wm,sea_subsurf_temp_method,311,,,,/github/workspace/logsheets/filtered/water_measured.csv,XSDString,False
missing value,wm,sea_subsurf_temp_method,312,,,,/github/workspace/logsheets/filtered/water_measured.csv,XSDString,False
missing value,wm,sea_subsurf_temp_method,313,,,,/github/workspace/logsheets/filtered/water_measured.csv,XSDString,False
missing value,wm,sea_subsurf_temp_method,314,,,,/github/workspace/logsheets/filtered/water_measured.csv,XSDString,False
missing value,wm,sea_subsurf_temp_method,315,,,,/github/workspace/logsheets/filtered/water_measured.csv,XSDString,False
missing value,wm,sea_subsurf_temp_method,316,,,,/github/workspace/logsheets/filtered/water_measured.csv,XSDString,False
missing value,wm,sea_subsurf_temp_method,317,,,,/github/workspace/logsheets/filtered/water_measured.csv,XSDString,False
missing value,wm,sea_subsurf_temp_method,318,,,,/github/workspace/logsheets/filtered/water_measured.csv,XSDString,False
missing value,wm,sea_subsurf_temp_method,319,,,,/github/workspace/logsheets/filtered/water_measured.csv,XSDString,False
missing value,wm,sea_subsurf_temp_method,320,,,,/github/workspace/logsheets/filtered/water_measured.csv,XSDString,False
missing value,wm,sea_subsurf_temp_method,321,,,,/github/workspace/logsheets/filtered/water_measured.csv,XSDString,False
missing value,wm,sea_subsurf_temp_method,322,,,,/github/workspace/logsheets/filtered/water_measured.csv,XSDString,False
missing value,wm,sea_subsurf_temp_method,323,,,,/github/workspace/logsheets/filtered/water_measured.csv,XSDString,False
missing value,wm,sea_subsurf_temp_method,324,,,,/github/workspace/logsheets/filtered/water_measured.csv,XSDString,False
missing value,wm,sea_surf_temp,155,,,,/github/workspace/logsheets/filtered/water_measured.csv,XSDDouble,False
missing value,wm,sea_surf_temp,156,,,,/github/workspace/logsheets/filtered/water_measured.csv,XSDDouble,False
missing value,wm,sea_surf_temp,165,,,,/github/workspace/logsheets/filtered/water_measured.csv,XSDDouble,False
missing value,wm,sea_surf_temp,170,,,,/github/workspace/logsheets/filtered/water_measured.csv,XSDDouble,False
missing value,wm,sea_surf_temp,171,,,,/github/workspace/logsheets/filtered/water_measured.csv,XSDDouble,False
missing value,wm,sea_surf_temp,180,,,,/github/workspace/logsheets/filtered/water_measured.csv,XSDDouble,False
missing value,wm,sea_surf_temp,185,,,,/github/workspace/logsheets/filtered/water_measured.csv,XSDDouble,False
missing value,wm,sea_surf_temp,186,,,,/github/workspace/logsheets/filtered/water_measured.csv,XSDDouble,False
missing value,wm,sea_surf_temp,195,,,,/github/workspace/logsheets/filtered/water_measured.csv,XSDDouble,False
missing value,wm,sea_surf_temp,200,,,,/github/workspace/logsheets/filtered/water_measured.csv,XSDDouble,False
missing value,wm,sea_surf_temp,201,,,,/github/workspace/logsheets/filtered/water_measured.csv,XSDDouble,False
missing value,wm,sea_surf_temp,210,,,,/github/workspace/logsheets/filtered/water_measured.csv,XSDDouble,False
missing value,wm,sea_surf_temp,215,,,,/github/workspace/logsheets/filtered/water_measured.csv,XSDDouble,False
missing value,wm,sea_surf_temp,216,,,,/github/workspace/logsheets/filtered/water_measured.csv,XSDDouble,False
missing value,wm,sea_surf_temp,225,,,,/github/workspace/logsheets/filtered/water_measured.csv,XSDDouble,False
missing value,wm,sea_surf_temp,230,,,,/github/workspace/logsheets/filtered/water_measured.csv,XSDDouble,False
missing value,wm,sea_surf_temp,231,,,,/github/workspace/logsheets/filtered/water_measured.csv,XSDDouble,False
missing value,wm,sea_surf_temp,240,,,,/github/workspace/logsheets/filtered/water_measured.csv,XSDDouble,False
missing value,wm,sea_surf_temp,245,,,,/github/workspace/logsheets/filtered/water_measured.csv,XSDDouble,False
missing value,wm,sea_surf_temp,246,,,,/github/workspace/logsheets/filtered/water_measured.csv,XSDDouble,False
missing value,wm,sea_surf_temp,255,,,,/github/workspace/logsheets/filtered/water_measured.csv,XSDDouble,False
missing value,wm,sea_surf_temp,260,,,,/github/workspace/logsheets/filtered/water_measured.csv,XSDDouble,False
missing value,wm,sea_surf_temp,261,,,,/github/workspace/logsheets/filtered/water_measured.csv,XSDDouble,False
missing value,wm,sea_surf_temp,270,,,,/github/workspace/logsheets/filtered/water_measured.csv,XSDDouble,False
missing value,wm,sea_surf_temp,275,,,,/github/workspace/logsheets/filtered/water_measured.csv,XSDDouble,False
missing value,wm,sea_surf_temp,276,,,,/github/workspace/logsheets/filtered/water_measured.csv,XSDDouble,False
missing value,wm,sea_surf_temp,285,,,,/github/workspace/logsheets/filtered/water_measured.csv,XSDDouble,False
missing value,wm,sea_surf_temp,290,,,,/github/workspace/logsheets/filtered/water_measured.csv,XSDDouble,False
missing value,wm,sea_surf_temp,291,,,,/github/workspace/logsheets/filtered/water_measured.csv,XSDDouble,False
missing value,wm,sea_surf_temp,300,,,,/github/workspace/logsheets/filtered/water_measured.csv,XSDDouble,False
missing value,wm,sea_surf_temp,305,,,,/github/workspace/logsheets/filtered/water_measured.csv,XSDDouble,False
missing value,wm,sea_surf_temp,306,,,,/github/workspace/logsheets/filtered/water_measured.csv,XSDDouble,False
missing value,wm,sea_surf_temp,315,,,,/github/workspace/logsheets/filtered/water_measured.csv,XSDDouble,False
missing value,wm,sea_surf_temp,320,,,,/github/workspace/logsheets/filtered/water_measured.csv,XSDDouble,False
missing value,wm,sea_surf_temp_method,155,,,,/github/workspace/logsheets/filtered/water_measured.csv,XSDString,False
missing value,wm,sea_surf_temp_method,156,,,,/github/workspace/logsheets/filtered/water_measured.csv,XSDString,False
missing value,wm,sea_surf_temp_method,165,,,,/github/workspace/logsheets/filtered/water_measured.csv,XSDString,False
missing value,wm,sea_surf_temp_method,170,,,,/github/workspace/logsheets/filtered/water_measured.csv,XSDString,False
missing value,wm,sea_surf_temp_method,171,,,,/github/workspace/logsheets/filtered/water_measured.csv,XSDString,False
missing value,wm,sea_surf_temp_method,180,,,,/github/workspace/logsheets/filtered/water_measured.csv,XSDString,False
missing value,wm,sea_surf_temp_method,185,,,,/github/workspace/logsheets/filtered/water_measured.csv,XSDString,False
missing value,wm,sea_surf_temp_method,186,,,,/github/workspace/logsheets/filtered/water_measured.csv,XSDString,False
missing value,wm,sea_surf_temp_method,195,,,,/github/workspace/logsheets/filtered/water_measured.csv,XSDString,False
missing value,wm,sea_surf_temp_method,200,,,,/github/workspace/logsheets/filtered/water_measured.csv,XSDString,False
missing value,wm,sea_surf_temp_method,201,,,,/github/workspace/logsheets/filtered/water_measured.csv,XSDString,False
missing value,wm,sea_surf_temp_method,210,,,,/github/workspace/logsheets/filtered/water_measured.csv,XSDString,False
missing value,wm,sea_surf_temp_method,215,,,,/github/workspace/logsheets/filtered/water_measured.csv,XSDString,False
missing value,wm,sea_surf_temp_method,216,,,,/github/workspace/logsheets/filtered/water_measured.csv,XSDString,False
missing value,wm,sea_surf_temp_method,225,,,,/github/workspace/logsheets/filtered/water_measured.csv,XSDString,False
missing value,wm,sea_surf_temp_method,230,,,,/github/workspace/logsheets/filtered/water_measured.csv,XSDString,False
missing value,wm,sea_surf_temp_method,231,,,,/github/workspace/logsheets/filtered/water_measured.csv,XSDString,False
missing value,wm,sea_surf_temp_method,240,,,,/github/workspace/logsheets/filtered/water_measured.csv,XSDString,False
missing value,wm,sea_surf_temp_method,245,,,,/github/workspace/logsheets/filtered/water_measured.csv,XSDString,False
missing value,wm,sea_surf_temp_method,246,,,,/github/workspace/logsheets/filtered/water_measured.csv,XSDString,False
missing value,wm,sea_surf_temp_method,255,,,,/github/workspace/logsheets/filtered/water_measured.csv,XSDString,False
missing value,wm,sea_surf_temp_method,260,,,,/github/workspace/logsheets/filtered/water_measured.csv,XSDString,False
missing value,wm,sea_surf_temp_method,261,,,,/github/workspace/logsheets/filtered/water_measured.csv,XSDString,False
missing value,wm,sea_surf_temp_method,270,,,,/github/workspace/logsheets/filtered/water_measured.csv,XSDString,False
missing value,wm,sea_surf_temp_method,275,,,,/github/workspace/logsheets/filtered/water_measured.csv,XSDString,False
missing value,wm,sea_surf_temp_method,276,,,,/github/workspace/logsheets/filtered/water_measured.csv,XSDString,False
missing value,wm,sea_surf_temp_method,285,,,,/github/workspace/logsheets/filtered/water_measured.csv,XSDString,False
missing value,wm,sea_surf_temp_method,290,,,,/github/workspace/logsheets/filtered/water_measured.csv,XSDString,False
missing value,wm,sea_surf_temp_method,291,,,,/github/workspace/logsheets/filtered/water_measured.csv,XSDString,False
missing value,wm,sea_surf_temp_method,300,,,,/github/workspace/logsheets/filtered/water_measured.csv,XSDString,False
missing value,wm,sea_surf_temp_method,305,,,,/github/workspace/logsheets/filtered/water_measured.csv,XSDString,False
missing value,wm,sea_surf_temp_method,306,,,,/github/workspace/logsheets/filtered/water_measured.csv,XSDString,False
missing value,wm,sea_surf_temp_method,315,,,,/github/workspace/logsheets/filtered/water_measured.csv,XSDString,False
missing value,wm,sea_surf_temp_method,320,,,,/github/workspace/logsheets/filtered/water_measured.csv,XSDString,False
missing value,wm,source_mat_id,155,,,,/github/workspace/logsheets/filtered/water_measured.csv,XSDString,False
missing value,wm,source_mat_id,156,,,,/github/workspace/logsheets/filtered/water_measured.csv,XSDString,False
missing value,wm,source_mat_id,157,,,,/github/workspace/logsheets/filtered/water_measured.csv,XSDString,False
missing value,wm,source_mat_id,158,,,,/github/workspace/logsheets/filtered/water_measured.csv,XSDString,False
missing value,wm,source_mat_id,159,,,,/github/workspace/logsheets/filtered/water_measured.csv,XSDString,False
missing value,wm,source_mat_id,160,,,,/github/workspace/logsheets/filtered/water_measured.csv,XSDString,False
missing value,wm,source_mat_id,161,,,,/github/workspace/logsheets/filtered/water_measured.csv,XSDString,False
missing value,wm,source_mat_id,162,,,,/github/workspace/logsheets/filtered/water_measured.csv,XSDString,False
missing value,wm,source_mat_id,163,,,,/github/workspace/logsheets/filtered/water_measured.csv,XSDString,False
missing value,wm,source_mat_id,164,,,,/github/workspace/logsheets/filtered/water_measured.csv,XSDString,False
missing value,wm,source_mat_id,165,,,,/github/workspace/logsheets/filtered/water_measured.csv,XSDString,False
missing value,wm,source_mat_id,166,,,,/github/workspace/logsheets/filtered/water_measured.csv,XSDString,False
missing value,wm,source_mat_id,167,,,,/github/workspace/logsheets/filtered/water_measured.csv,XSDString,False
missing value,wm,source_mat_id,168,,,,/github/workspace/logsheets/filtered/water_measured.csv,XSDString,False
missing value,wm,source_mat_id,169,,,,/github/workspace/logsheets/filtered/water_measured.csv,XSDString,False
missing value,wm,source_mat_id,170,,,,/github/workspace/logsheets/filtered/water_measured.csv,XSDString,False
missing value,wm,source_mat_id,171,,,,/github/workspace/logsheets/filtered/water_measured.csv,XSDString,False
missing value,wm,source_mat_id,172,,,,/github/workspace/logsheets/filtered/water_measured.csv,XSDString,False
missing value,wm,source_mat_id,173,,,,/github/workspace/logsheets/filtered/water_measured.csv,XSDString,False
missing value,wm,source_mat_id,174,,,,/github/workspace/logsheets/filtered/water_measured.csv,XSDString,False
missing value,wm,source_mat_id,175,,,,/github/workspace/logsheets/filtered/water_measured.csv,XSDString,False
missing value,wm,source_mat_id,176,,,,/github/workspace/logsheets/filtered/water_measured.csv,XSDString,False
missing value,wm,source_mat_id,177,,,,/github/workspace/logsheets/filtered/water_measured.csv,XSDString,False
missing value,wm,source_mat_id,178,,,,/github/workspace/logsheets/filtered/water_measured.csv,XSDString,False
missing value,wm,source_mat_id,179,,,,/github/workspace/logsheets/filtered/water_measured.csv,XSDString,False
missing value,wm,source_mat_id,180,,,,/github/workspace/logsheets/filtered/water_measured.csv,XSDString,False
missing value,wm,source_mat_id,181,,,,/github/workspace/logsheets/filtered/water_measured.csv,XSDString,False
missing value,wm,source_mat_id,182,,,,/github/workspace/logsheets/filtered/water_measured.csv,XSDString,False
missing value,wm,source_mat_id,183,,,,/github/workspace/logsheets/filtered/water_measured.csv,XSDString,False
missing value,wm,source_mat_id,184,,,,/github/workspace/logsheets/filtered/water_measured.csv,XSDString,False
missing value,wm,source_mat_id,185,,,,/github/workspace/logsheets/filtered/water_measured.csv,XSDString,False
missing value,wm,source_mat_id,186,,,,/github/workspace/logsheets/filtered/water_measured.csv,XSDString,False
missing value,wm,source_mat_id,187,,,,/github/workspace/logsheets/filtered/water_measured.csv,XSDString,False
missing value,wm,source_mat_id,188,,,,/github/workspace/logsheets/filtered/water_measured.csv,XSDString,False
missing value,wm,source_mat_id,189,,,,/github/workspace/logsheets/filtered/water_measured.csv,XSDString,False
missing value,wm,source_mat_id,190,,,,/github/workspace/logsheets/filtered/water_measured.csv,XSDString,False
missing value,wm,source_mat_id,191,,,,/github/workspace/logsheets/filtered/water_measured.csv,XSDString,False
missing value,wm,source_mat_id,192,,,,/github/workspace/logsheets/filtered/water_measured.csv,XSDString,False
missing value,wm,source_mat_id,193,,,,/github/workspace/logsheets/filtered/water_measured.csv,XSDString,False
missing value,wm,source_mat_id,194,,,,/github/workspace/logsheets/filtered/water_measured.csv,XSDString,False
missing value,wm,source_mat_id,195,,,,/github/workspace/logsheets/filtered/water_measured.csv,XSDString,False
missing value,wm,source_mat_id,196,,,,/github/workspace/logsheets/filtered/water_measured.csv,XSDString,False
missing value,wm,source_mat_id,197,,,,/github/workspace/logsheets/filtered/water_measured.csv,XSDString,False
missing value,wm,source_mat_id,198,,,,/github/workspace/logsheets/filtered/water_measured.csv,XSDString,False
missing value,wm,source_mat_id,199,,,,/github/workspace/logsheets/filtered/water_measured.csv,XSDString,False
missing value,wm,source_mat_id,200,,,,/github/workspace/logsheets/filtered/water_measured.csv,XSDString,False
missing value,wm,source_mat_id,201,,,,/github/workspace/logsheets/filtered/water_measured.csv,XSDString,False
missing value,wm,source_mat_id,202,,,,/github/workspace/logsheets/filtered/water_measured.csv,XSDString,False
missing value,wm,source_mat_id,203,,,,/github/workspace/logsheets/filtered/water_measured.csv,XSDString,False
missing value,wm,source_mat_id,204,,,,/github/workspace/logsheets/filtered/water_measured.csv,XSDString,False
missing value,wm,source_mat_id,205,,,,/github/workspace/logsheets/filtered/water_measured.csv,XSDString,False
missing value,wm,source_mat_id,206,,,,/github/workspace/logsheets/filtered/water_measured.csv,XSDString,False
missing value,wm,source_mat_id,207,,,,/github/workspace/logsheets/filtered/water_measured.csv,XSDString,False
missing value,wm,source_mat_id,208,,,,/github/workspace/logsheets/filtered/water_measured.csv,XSDString,False
missing value,wm,source_mat_id,209,,,,/github/workspace/logsheets/filtered/water_measured.csv,XSDString,False
missing value,wm,source_mat_id,210,,,,/github/workspace/logsheets/filtered/water_measured.csv,XSDString,False
missing value,wm,source_mat_id,211,,,,/github/workspace/logsheets/filtered/water_measured.csv,XSDString,False
missing value,wm,source_mat_id,212,,,,/github/workspace/logsheets/filtered/water_measured.csv,XSDString,False
missing value,wm,source_mat_id,213,,,,/github/workspace/logsheets/filtered/water_measured.csv,XSDString,False
missing value,wm,source_mat_id,214,,,,/github/workspace/logsheets/filtered/water_measured.csv,XSDString,False
missing value,wm,source_mat_id,215,,,,/github/workspace/logsheets/filtered/water_measured.csv,XSDString,False
missing value,wm,source_mat_id,216,,,,/github/workspace/logsheets/filtered/water_measured.csv,XSDString,False
missing value,wm,source_mat_id,217,,,,/github/workspace/logsheets/filtered/water_measured.csv,XSDString,False
missing value,wm,source_mat_id,218,,,,/github/workspace/logsheets/filtered/water_measured.csv,XSDString,False
missing value,wm,source_mat_id,219,,,,/github/workspace/logsheets/filtered/water_measured.csv,XSDString,False
missing value,wm,source_mat_id,220,,,,/github/workspace/logsheets/filtered/water_measured.csv,XSDString,False
missing value,wm,source_mat_id,221,,,,/github/workspace/logsheets/filtered/water_measured.csv,XSDString,False
missing value,wm,source_mat_id,222,,,,/github/workspace/logsheets/filtered/water_measured.csv,XSDString,False
missing value,wm,source_mat_id,223,,,,/github/workspace/logsheets/filtered/water_measured.csv,XSDString,False
missing value,wm,source_mat_id,224,,,,/github/workspace/logsheets/filtered/water_measured.csv,XSDString,False
missing value,wm,source_mat_id,225,,,,/github/workspace/logsheets/filtered/water_measured.csv,XSDString,False
missing value,wm,source_mat_id,226,,,,/github/workspace/logsheets/filtered/water_measured.csv,XSDString,False
missing value,wm,source_mat_id,227,,,,/github/workspace/logsheets/filtered/water_measured.csv,XSDString,False
missing value,wm,source_mat_id,228,,,,/github/workspace/logsheets/filtered/water_measured.csv,XSDString,False
missing value,wm,source_mat_id,229,,,,/github/workspace/logsheets/filtered/water_measured.csv,XSDString,False
missing value,wm,source_mat_id,230,,,,/github/workspace/logsheets/filtered/water_measured.csv,XSDString,False
missing value,wm,source_mat_id,231,,,,/github/workspace/logsheets/filtered/water_measured.csv,XSDString,False
missing value,wm,source_mat_id,232,,,,/github/workspace/logsheets/filtered/water_measured.csv,XSDString,False
missing value,wm,source_mat_id,233,,,,/github/workspace/logsheets/filtered/water_measured.csv,XSDString,False
missing value,wm,source_mat_id,234,,,,/github/workspace/logsheets/filtered/water_measured.csv,XSDString,False
missing value,wm,source_mat_id,235,,,,/github/workspace/logsheets/filtered/water_measured.csv,XSDString,False
missing value,wm,source_mat_id,236,,,,/github/workspace/logsheets/filtered/water_measured.csv,XSDString,False
missing value,wm,source_mat_id,237,,,,/github/workspace/logsheets/filtered/water_measured.csv,XSDString,False
missing value,wm,source_mat_id,238,,,,/github/workspace/logsheets/filtered/water_measured.csv,XSDString,False
missing value,wm,source_mat_id,239,,,,/github/workspace/logsheets/filtered/water_measured.csv,XSDString,False
missing value,wm,source_mat_id,240,,,,/github/workspace/logsheets/filtered/water_measured.csv,XSDString,False
missing value,wm,source_mat_id,241,,,,/github/workspace/logsheets/filtered/water_measured.csv,XSDString,False
missing value,wm,source_mat_id,242,,,,/github/workspace/logsheets/filtered/water_measured.csv,XSDString,False
missing value,wm,source_mat_id,243,,,,/github/workspace/logsheets/filtered/water_measured.csv,XSDString,False
missing value,wm,source_mat_id,244,,,,/github/workspace/logsheets/filtered/water_measured.csv,XSDString,False
missing value,wm,source_mat_id,245,,,,/github/workspace/logsheets/filtered/water_measured.csv,XSDString,False
missing value,wm,source_mat_id,246,,,,/github/workspace/logsheets/filtered/water_measured.csv,XSDString,False
missing value,wm,source_mat_id,247,,,,/github/workspace/logsheets/filtered/water_measured.csv,XSDString,False
missing value,wm,source_mat_id,248,,,,/github/workspace/logsheets/filtered/water_measured.csv,XSDString,False
missing value,wm,source_mat_id,249,,,,/github/workspace/logsheets/filtered/water_measured.csv,XSDString,False
missing value,wm,source_mat_id,250,,,,/github/workspace/logsheets/filtered/water_measured.csv,XSDString,False
missing value,wm,source_mat_id,251,,,,/github/workspace/logsheets/filtered/water_measured.csv,XSDString,False
missing value,wm,source_mat_id,252,,,,/github/workspace/logsheets/filtered/water_measured.csv,XSDString,False
missing value,wm,source_mat_id,253,,,,/github/workspace/logsheets/filtered/water_measured.csv,XSDString,False
missing value,wm,source_mat_id,254,,,,/github/workspace/logsheets/filtered/water_measured.csv,XSDString,False
missing value,wm,source_mat_id,255,,,,/github/workspace/logsheets/filtered/water_measured.csv,XSDString,False
missing value,wm,source_mat_id,256,,,,/github/workspace/logsheets/filtered/water_measured.csv,XSDString,False
missing value,wm,source_mat_id,257,,,,/github/workspace/logsheets/filtered/water_measured.csv,XSDString,False
missing value,wm,source_mat_id,258,,,,/github/workspace/logsheets/filtered/water_measured.csv,XSDString,False
missing value,wm,source_mat_id,259,,,,/github/workspace/logsheets/filtered/water_measured.csv,XSDString,False
missing value,wm,source_mat_id,260,,,,/github/workspace/logsheets/filtered/water_measured.csv,XSDString,False
missing value,wm,source_mat_id,261,,,,/github/workspace/logsheets/filtered/water_measured.csv,XSDString,False
missing value,wm,source_mat_id,262,,,,/github/workspace/logsheets/filtered/water_measured.csv,XSDString,False
missing value,wm,source_mat_id,263,,,,/github/workspace/logsheets/filtered/water_measured.csv,XSDString,False
missing value,wm,source_mat_id,264,,,,/github/workspace/logsheets/filtered/water_measured.csv,XSDString,False
missing value,wm,source_mat_id,265,,,,/github/workspace/logsheets/filtered/water_measured.csv,XSDString,False
missing value,wm,source_mat_id,266,,,,/github/workspace/logsheets/filtered/water_measured.csv,XSDString,False
missing value,wm,source_mat_id,267,,,,/github/workspace/logsheets/filtered/water_measured.csv,XSDString,False
missing value,wm,source_mat_id,268,,,,/github/workspace/logsheets/filtered/water_measured.csv,XSDString,False
missing value,wm,source_mat_id,269,,,,/github/workspace/logsheets/filtered/water_measured.csv,XSDString,False
missing value,wm,source_mat_id,270,,,,/github/workspace/logsheets/filtered/water_measured.csv,XSDString,False
missing value,wm,source_mat_id,271,,,,/github/workspace/logsheets/filtered/water_measured.csv,XSDString,False
missing value,wm,source_mat_id,272,,,,/github/workspace/logsheets/filtered/water_measured.csv,XSDString,False
missing value,wm,source_mat_id,273,,,,/github/workspace/logsheets/filtered/water_measured.csv,XSDString,False
missing value,wm,source_mat_id,274,,,,/github/workspace/logsheets/filtered/water_measured.csv,XSDString,False
missing value,wm,source_mat_id,275,,,,/github/workspace/logsheets/filtered/water_measured.csv,XSDString,False
missing value,wm,source_mat_id,276,,,,/github/workspace/logsheets/filtered/water_measured.csv,XSDString,False
missing value,wm,source_mat_id,277,,,,/github/workspace/logsheets/filtered/water_measured.csv,XSDString,False
missing value,wm,source_mat_id,278,,,,/github/workspace/logsheets/filtered/water_measured.csv,XSDString,False
missing value,wm,source_mat_id,279,,,,/github/workspace/logsheets/filtered/water_measured.csv,XSDString,False
missing value,wm,source_mat_id,280,,,,/github/workspace/logsheets/filtered/water_measured.csv,XSDString,False
missing value,wm,source_mat_id,281,,,,/github/workspace/logsheets/filtered/water_measured.csv,XSDString,False
missing value,wm,source_mat_id,282,,,,/github/workspace/logsheets/filtered/water_measured.csv,XSDString,False
missing value,wm,source_mat_id,283,,,,/github/workspace/logsheets/filtered/water_measured.csv,XSDString,False
missing value,wm,source_mat_id,284,,,,/github/workspace/logsheets/filtered/water_measured.csv,XSDString,False
missing value,wm,source_mat_id,285,,,,/github/workspace/logsheets/filtered/water_measured.csv,XSDString,False
missing value,wm,source_mat_id,286,,,,/github/workspace/logsheets/filtered/water_measured.csv,XSDString,False
missing value,wm,source_mat_id,287,,,,/github/workspace/logsheets/filtered/water_measured.csv,XSDString,False
missing value,wm,source_mat_id,288,,,,/github/workspace/logsheets/filtered/water_measured.csv,XSDString,False
missing value,wm,source_mat_id,289,,,,/github/workspace/logsheets/filtered/water_measured.csv,XSDString,False
missing value,wm,source_mat_id,290,,,,/github/workspace/logsheets/filtered/water_measured.csv,XSDString,False
missing value,wm,source_mat_id,291,,,,/github/workspace/logsheets/filtered/water_measured.csv,XSDString,False
missing value,wm,source_mat_id,292,,,,/github/workspace/logsheets/filtered/water_measured.csv,XSDString,False
missing value,wm,source_mat_id,293,,,,/github/workspace/logsheets/filtered/water_measured.csv,XSDString,False
missing value,wm,source_mat_id,294,,,,/github/workspace/logsheets/filtered/water_measured.csv,XSDString,False
missing value,wm,source_mat_id,295,,,,/github/workspace/logsheets/filtered/water_measured.csv,XSDString,False
missing value,wm,source_mat_id,296,,,,/github/workspace/logsheets/filtered/water_measured.csv,XSDString,False
missing value,wm,source_mat_id,297,,,,/github/workspace/logsheets/filtered/water_measured.csv,XSDString,False
missing value,wm,source_mat_id,298,,,,/github/workspace/logsheets/filtered/water_measured.csv,XSDString,False
missing value,wm,source_mat_id,299,,,,/github/workspace/logsheets/filtered/water_measured.csv,XSDString,False
missing value,wm,source_mat_id,300,,,,/github/workspace/logsheets/filtered/water_measured.csv,XSDString,False
missing value,wm,source_mat_id,301,,,,/github/workspace/logsheets/filtered/water_measured.csv,XSDString,False
missing value,wm,source_mat_id,302,,,,/github/workspace/logsheets/filtered/water_measured.csv,XSDString,False
missing value,wm,source_mat_id,303,,,,/github/workspace/logsheets/filtered/water_measured.csv,XSDString,False
missing value,wm,source_mat_id,304,,,,/github/workspace/logsheets/filtered/water_measured.csv,XSDString,False
missing value,wm,source_mat_id,305,,,,/github/workspace/logsheets/filtered/water_measured.csv,XSDString,False
missing value,wm,source_mat_id,306,,,,/github/workspace/logsheets/filtered/water_measured.csv,XSDString,False
missing value,wm,source_mat_id,307,,,,/github/workspace/logsheets/filtered/water_measured.csv,XSDString,False
missing value,wm,source_mat_id,308,,,,/github/workspace/logsheets/filtered/water_measured.csv,XSDString,False
missing value,wm,source_mat_id,309,,,,/github/workspace/logsheets/filtered/water_measured.csv,XSDString,False
missing value,wm,source_mat_id,310,,,,/github/workspace/logsheets/filtered/water_measured.csv,XSDString,False
missing value,wm,source_mat_id,311,,,,/github/workspace/logsheets/filtered/water_measured.csv,XSDString,False
missing value,wm,source_mat_id,312,,,,/github/workspace/logsheets/filtered/water_measured.csv,XSDString,False
missing value,wm,source_mat_id,313,,,,/github/workspace/logsheets/filtered/water_measured.csv,XSDString,False
missing value,wm,source_mat_id,314,,,,/github/workspace/logsheets/filtered/water_measured.csv,XSDString,False
missing value,wm,source_mat_id,315,,,,/github/workspace/logsheets/filtered/water_measured.csv,XSDString,False
missing value,wm,source_mat_id,316,,,,/github/workspace/logsheets/filtered/water_measured.csv,XSDString,False
missing value,wm,source_mat_id,317,,,,/github/workspace/logsheets/filtered/water_measured.csv,XSDString,False
missing value,wm,source_mat_id,318,,,,/github/workspace/logsheets/filtered/water_measured.csv,XSDString,False
missing value,wm,source_mat_id,319,,,,/github/workspace/logsheets/filtered/water_measured.csv,XSDString,False
missing value,wm,source_mat_id,320,,,,/github/workspace/logsheets/filtered/water_measured.csv,XSDString,False
missing value,wm,source_mat_id,321,,,,/github/workspace/logsheets/filtered/water_measured.csv,XSDString,False
missing value,wm,source_mat_id,322,,,,/github/workspace/logsheets/filtered/water_measured.csv,XSDString,False
missing value,wm,source_mat_id,323,,,,/github/workspace/logsheets/filtered/water_measured.csv,XSDString,False
missing value,wm,source_mat_id,324,,,,/github/workspace/logsheets/filtered/water_measured.csv,XSDString,False
datatype mismatch,wo,loc_broad_ocean_mrgid,1,2401,http://marineregions.org/mrgid/2401,,/github/workspace/logsheets/filtered/water_observatory.csv,XSDAnyURI,False
datatype mismatch,wo,loc_loc_mrgid,1,19384,http://marineregions.org/mrgid/19384,,/github/workspace/logsheets/filtered/water_observatory.csv,XSDAnyURI,False
datatype mismatch,wo,loc_regional_mrgid,1,2402,http://marineregions.org/mrgid/2402,,/github/workspace/logsheets/filtered/water_observatory.csv,XSDAnyURI,False
datatype mismatch,wo,ENA_accession_number_project,1,PRJEB57914,https://identifiers.org/ena.embl:PRJEB57914,,/github/workspace/logsheets/filtered/water_observatory.csv,XSDAnyURI,False
datatype mismatch,wo,ENA_accession_number_umbrella,1,PRJEB51688,https://identifiers.org/ena.embl:PRJEB51688,,/github/workspace/logsheets/filtered/water_observatory.csv,XSDAnyURI,False
missing value,ws,ENA_accession_number_sample,1,,,,/github/workspace/logsheets/filtered/water_sampling.csv,XSDAnyURI,False
missing value,ws,ENA_accession_number_sample,2,,,,/github/workspace/logsheets/filtered/water_sampling.csv,XSDAnyURI,False
missing value,ws,ENA_accession_number_sample,3,,,,/github/workspace/logsheets/filtered/water_sampling.csv,XSDAnyURI,False
missing value,ws,ENA_accession_number_sample,4,,,,/github/workspace/logsheets/filtered/water_sampling.csv,XSDAnyURI,False
missing value,ws,ENA_accession_number_sample,5,,,,/github/workspace/logsheets/filtered/water_sampling.csv,XSDAnyURI,False
missing value,ws,ENA_accession_number_sample,6,,,,/github/workspace/logsheets/filtered/water_sampling.csv,XSDAnyURI,False
missing value,ws,ENA_accession_number_sample,7,,,,/github/workspace/logsheets/filtered/water_sampling.csv,XSDAnyURI,False
missing value,ws,ENA_accession_number_sample,8,,,,/github/workspace/logsheets/filtered/water_sampling.csv,XSDAnyURI,False
missing value,ws,ENA_accession_number_sample,9,,,,/github/workspace/logsheets/filtered/water_sampling.csv,XSDAnyURI,False
missing value,ws,ENA_accession_number_sample,10,,,,/github/workspace/logsheets/filtered/water_sampling.csv,XSDAnyURI,False
missing value,ws,ENA_accession_number_sample,11,,,,/github/workspace/logsheets/filtered/water_sampling.csv,XSDAnyURI,False
missing value,ws,ENA_accession_number_sample,12,,,,/github/workspace/logsheets/filtered/water_sampling.csv,XSDAnyURI,False
missing value,ws,ENA_accession_number_sample,13,,,,/github/workspace/logsheets/filtered/water_sampling.csv,XSDAnyURI,False
missing value,ws,ENA_accession_number_sample,14,,,,/github/workspace/logsheets/filtered/water_sampling.csv,XSDAnyURI,False
missing value,ws,ENA_accession_number_sample,15,,,,/github/workspace/logsheets/filtered/water_sampling.csv,XSDAnyURI,False
missing value,ws,ENA_accession_number_sample,16,,,,/github/workspace/logsheets/filtered/water_sampling.csv,XSDAnyURI,False
missing value,ws,ENA_accession_number_sample,17,,,,/github/workspace/logsheets/filtered/water_sampling.csv,XSDAnyURI,False
missing value,ws,ENA_accession_number_sample,18,,,,/github/workspace/logsheets/filtered/water_sampling.csv,XSDAnyURI,False
missing value,ws,ENA_accession_number_sample,19,,,,/github/workspace/logsheets/filtered/water_sampling.csv,XSDAnyURI,False
missing value,ws,ENA_accession_number_sample,20,,,,/github/workspace/logsheets/filtered/water_sampling.csv,XSDAnyURI,False
missing value,ws,ENA_accession_number_sample,21,,,,/github/workspace/logsheets/filtered/water_sampling.csv,XSDAnyURI,False
missing value,ws,ENA_accession_number_sample,22,,,,/github/workspace/logsheets/filtered/water_sampling.csv,XSDAnyURI,False
missing value,ws,ENA_accession_number_sample,23,,,,/github/workspace/logsheets/filtered/water_sampling.csv,XSDAnyURI,False
missing value,ws,ENA_accession_number_sample,24,,,,/github/workspace/logsheets/filtered/water_sampling.csv,XSDAnyURI,False
missing value,ws,ENA_accession_number_sample,25,,,,/github/workspace/logsheets/filtered/water_sampling.csv,XSDAnyURI,False
missing value,ws,ENA_accession_number_sample,26,,,,/github/workspace/logsheets/filtered/water_sampling.csv,XSDAnyURI,False
missing value,ws,ENA_accession_number_sample,27,,,,/github/workspace/logsheets/filtered/water_sampling.csv,XSDAnyURI,False
missing value,ws,ENA_accession_number_sample,28,,,,/github/workspace/logsheets/filtered/water_sampling.csv,XSDAnyURI,False
missing value,ws,ENA_accession_number_sample,29,,,,/github/workspace/logsheets/filtered/water_sampling.csv,XSDAnyURI,False
missing value,ws,ENA_accession_number_sample,30,,,,/github/workspace/logsheets/filtered/water_sampling.csv,XSDAnyURI,False
missing value,ws,ENA_accession_number_sample,31,,,,/github/workspace/logsheets/filtered/water_sampling.csv,XSDAnyURI,False
missing value,ws,ENA_accession_number_sample,32,,,,/github/workspace/logsheets/filtered/water_sampling.csv,XSDAnyURI,False
missing value,ws,ENA_accession_number_sample,33,,,,/github/workspace/logsheets/filtered/water_sampling.csv,XSDAnyURI,False
missing value,ws,ENA_accession_number_sample,34,,,,/github/workspace/logsheets/filtered/water_sampling.csv,XSDAnyURI,False
missing value,ws,ENA_accession_number_sample,35,,,,/github/workspace/logsheets/filtered/water_sampling.csv,XSDAnyURI,False
missing value,ws,ENA_accession_number_sample,36,,,,/github/workspace/logsheets/filtered/water_sampling.csv,XSDAnyURI,False
missing value,ws,ENA_accession_number_sample,37,,,,/github/workspace/logsheets/filtered/water_sampling.csv,XSDAnyURI,False
missing value,ws,ENA_accession_number_sample,38,,,,/github/workspace/logsheets/filtered/water_sampling.csv,XSDAnyURI,False
missing value,ws,ENA_accession_number_sample,39,,,,/github/workspace/logsheets/filtered/water_sampling.csv,XSDAnyURI,False
missing value,ws,ENA_accession_number_sample,40,,,,/github/workspace/logsheets/filtered/water_sampling.csv,XSDAnyURI,False
missing value,ws,ENA_accession_number_sample,41,,,,/github/workspace/logsheets/filtered/water_sampling.csv,XSDAnyURI,False
missing value,ws,ENA_accession_number_sample,42,,,,/github/workspace/logsheets/filtered/water_sampling.csv,XSDAnyURI,False
missing value,ws,ENA_accession_number_sample,43,,,,/github/workspace/logsheets/filtered/water_sampling.csv,XSDAnyURI,False
missing value,ws,ENA_accession_number_sample,44,,,,/github/workspace/logsheets/filtered/water_sampling.csv,XSDAnyURI,False
missing value,ws,ENA_accession_number_sample,45,,,,/github/workspace/logsheets/filtered/water_sampling.csv,XSDAnyURI,False
missing value,ws,ENA_accession_number_sample,46,,,,/github/workspace/logsheets/filtered/water_sampling.csv,XSDAnyURI,False
missing value,ws,ENA_accession_number_sample,47,,,,/github/workspace/logsheets/filtered/water_sampling.csv,XSDAnyURI,False
missing value,ws,ENA_accession_number_sample,48,,,,/github/workspace/logsheets/filtered/water_sampling.csv,XSDAnyURI,False
missing value,ws,ENA_accession_number_sample,49,,,,/github/workspace/logsheets/filtered/water_sampling.csv,XSDAnyURI,False
missing value,ws,ENA_accession_number_sample,350,,,,/github/workspace/logsheets/filtered/water_sampling.csv,XSDAnyURI,False
missing value,ws,ENA_accession_number_sample,351,,,,/github/workspace/logsheets/filtered/water_sampling.csv,XSDAnyURI,False
missing value,ws,ENA_accession_number_sample,352,,,,/github/workspace/logsheets/filtered/water_sampling.csv,XSDAnyURI,False
missing value,ws,ENA_accession_number_sample,353,,,,/github/workspace/logsheets/filtered/water_sampling.csv,XSDAnyURI,False
missing value,ws,ENA_accession_number_sample,354,,,,/github/workspace/logsheets/filtered/water_sampling.csv,XSDAnyURI,False
missing value,ws,ENA_accession_number_sample,355,,,,/github/workspace/logsheets/filtered/water_sampling.csv,XSDAnyURI,False
missing value,ws,ENA_accession_number_sample,356,,,,/github/workspace/logsheets/filtered/water_sampling.csv,XSDAnyURI,False
missing value,ws,ENA_accession_number_sample,357,,,,/github/workspace/logsheets/filtered/water_sampling.csv,XSDAnyURI,False
missing value,ws,ENA_accession_number_sample,358,,,,/github/workspace/logsheets/filtered/water_sampling.csv,XSDAnyURI,False
missing value,ws,ENA_accession_number_sample,359,,,,/github/workspace/logsheets/filtered/water_sampling.csv,XSDAnyURI,False
missing value,ws,ENA_accession_number_sample,360,,,,/github/workspace/logsheets/filtered/water_sampling.csv,XSDAnyURI,False
missing value,ws,ENA_accession_number_sample,361,,,,/github/workspace/logsheets/filtered/water_sampling.csv,XSDAnyURI,False
missing value,ws,ENA_accession_number_sample,362,,,,/github/workspace/logsheets/filtered/water_sampling.csv,XSDAnyURI,False
missing value,ws,ENA_accession_number_sample,363,,,,/github/workspace/logsheets/filtered/water_sampling.csv,XSDAnyURI,False
missing value,ws,ENA_accession_number_sample,364,,,,/github/workspace/logsheets/filtered/water_sampling.csv,XSDAnyURI,False
missing value,ws,ENA_accession_number_sample,365,,,,/github/workspace/logsheets/filtered/water_sampling.csv,XSDAnyURI,False
missing value,ws,ENA_accession_number_sample,366,,,,/github/workspace/logsheets/filtered/water_sampling.csv,XSDAnyURI,False
missing value,ws,ENA_accession_number_sample,367,,,,/github/workspace/logsheets/filtered/water_sampling.csv,XSDAnyURI,False
missing value,ws,ENA_accession_number_sample,368,,,,/github/workspace/logsheets/filtered/water_sampling.csv,XSDAnyURI,False
missing value,ws,ENA_accession_number_sample,369,,,,/github/workspace/logsheets/filtered/water_sampling.csv,XSDAnyURI,False
missing value,ws,ENA_accession_number_sample,370,,,,/github/workspace/logsheets/filtered/water_sampling.csv,XSDAnyURI,False
missing value,ws,ENA_accession_number_sample,371,,,,/github/workspace/logsheets/filtered/water_sampling.csv,XSDAnyURI,False
missing value,ws,ENA_accession_number_sample,372,,,,/github/workspace/logsheets/filtered/water_sampling.csv,XSDAnyURI,False
missing value,ws,ENA_accession_number_sample,373,,,,/github/workspace/logsheets/filtered/water_sampling.csv,XSDAnyURI,False
missing value,ws,ENA_accession_number_sample,374,,,,/github/workspace/logsheets/filtered/water_sampling.csv,XSDAnyURI,False
missing value,ws,ENA_accession_number_sample,375,,,,/github/workspace/logsheets/filtered/water_sampling.csv,XSDAnyURI,False
missing value,ws,ENA_accession_number_sample,376,,,,/github/workspace/logsheets/filtered/water_sampling.csv,XSDAnyURI,False
missing value,ws,ENA_accession_number_sample,377,,,,/github/workspace/logsheets/filtered/water_sampling.csv,XSDAnyURI,False
missing value,ws,ENA_accession_number_sample,378,,,,/github/workspace/logsheets/filtered/water_sampling.csv,XSDAnyURI,False
missing value,ws,ENA_accession_number_sample,379,,,,/github/workspace/logsheets/filtered/water_sampling.csv,XSDAnyURI,False
missing value,ws,ENA_accession_number_sample,380,,,,/github/workspace/logsheets/filtered/water_sampling.csv,XSDAnyURI,False
missing value,ws,ENA_accession_number_sample,381,,,,/github/workspace/logsheets/filtered/water_sampling.csv,XSDAnyURI,False
missing value,ws,ENA_accession_number_sample,382,,,,/github/workspace/logsheets/filtered/water_sampling.csv,XSDAnyURI,False
missing value,ws,ENA_accession_number_sample,383,,,,/github/workspace/logsheets/filtered/water_sampling.csv,XSDAnyURI,False
missing value,ws,ENA_accession_number_sample,384,,,,/github/workspace/logsheets/filtered/water_sampling.csv,XSDAnyURI,False
missing value,ws,ENA_accession_number_sample,385,,,,/github/workspace/logsheets/filtered/water_sampling.csv,XSDAnyURI,False
missing value,ws,ENA_accession_number_sample,386,,,,/github/workspace/logsheets/filtered/water_sampling.csv,XSDAnyURI,False
missing value,ws,ENA_accession_number_sample,387,,,,/github/workspace/logsheets/filtered/water_sampling.csv,XSDAnyURI,False
missing value,ws,ENA_accession_number_sample,388,,,,/github/workspace/logsheets/filtered/water_sampling.csv,XSDAnyURI,False
missing value,ws,ENA_accession_number_sample,389,,,,/github/workspace/logsheets/filtered/water_sampling.csv,XSDAnyURI,False
missing value,ws,ENA_accession_number_sample,390,,,,/github/workspace/logsheets/filtered/water_sampling.csv,XSDAnyURI,False
missing value,ws,ENA_accession_number_sample,391,,,,/github/workspace/logsheets/filtered/water_sampling.csv,XSDAnyURI,False
datatype mismatch,ws,arr_date_hq,1,2022-10-12 00:00:00,2022-10-12,,/github/workspace/logsheets/filtered/water_sampling.csv,XSDDate,False
datatype mismatch,ws,arr_date_hq,2,2022-10-12 00:00:00,2022-10-12,,/github/workspace/logsheets/filtered/water_sampling.csv,XSDDate,False
missing value,ws,arr_date_hq,3,,,,/github/workspace/logsheets/filtered/water_sampling.csv,XSDDate,False
missing value,ws,arr_date_hq,4,,,,/github/workspace/logsheets/filtered/water_sampling.csv,XSDDate,False
datatype mismatch,ws,arr_date_hq,5,2022-10-12 00:00:00,2022-10-12,,/github/workspace/logsheets/filtered/water_sampling.csv,XSDDate,False
datatype mismatch,ws,arr_date_hq,6,2022-10-12 00:00:00,2022-10-12,,/github/workspace/logsheets/filtered/water_sampling.csv,XSDDate,False
missing value,ws,arr_date_hq,7,,,,/github/workspace/logsheets/filtered/water_sampling.csv,XSDDate,False
missing value,ws,arr_date_hq,8,,,,/github/workspace/logsheets/filtered/water_sampling.csv,XSDDate,False
missing value,ws,arr_date_hq,9,,,,/github/workspace/logsheets/filtered/water_sampling.csv,XSDDate,False
missing value,ws,arr_date_hq,10,,,,/github/workspace/logsheets/filtered/water_sampling.csv,XSDDate,False
datatype mismatch,ws,arr_date_hq,11,2022-10-12 00:00:00,2022-10-12,,/github/workspace/logsheets/filtered/water_sampling.csv,XSDDate,False
datatype mismatch,ws,arr_date_hq,12,2022-10-12 00:00:00,2022-10-12,,/github/workspace/logsheets/filtered/water_sampling.csv,XSDDate,False
missing value,ws,arr_date_hq,13,,,,/github/workspace/logsheets/filtered/water_sampling.csv,XSDDate,False
missing value,ws,arr_date_hq,14,,,,/github/workspace/logsheets/filtered/water_sampling.csv,XSDDate,False
missing value,ws,arr_date_hq,15,,,,/github/workspace/logsheets/filtered/water_sampling.csv,XSDDate,False
datatype mismatch,ws,arr_date_hq,16,2022-10-12 00:00:00,2022-10-12,,/github/workspace/logsheets/filtered/water_sampling.csv,XSDDate,False
datatype mismatch,ws,arr_date_hq,17,2022-10-12 00:00:00,2022-10-12,,/github/workspace/logsheets/filtered/water_sampling.csv,XSDDate,False
datatype mismatch,ws,arr_date_hq,18,2022-10-12 00:00:00,2022-10-12,,/github/workspace/logsheets/filtered/water_sampling.csv,XSDDate,False
datatype mismatch,ws,arr_date_hq,19,2022-10-12 00:00:00,2022-10-12,,/github/workspace/logsheets/filtered/water_sampling.csv,XSDDate,False
datatype mismatch,ws,arr_date_hq,20,2023-06-14 00:00:00,2023-06-14,,/github/workspace/logsheets/filtered/water_sampling.csv,XSDDate,False
datatype mismatch,ws,arr_date_hq,21,2023-06-14 00:00:00,2023-06-14,,/github/workspace/logsheets/filtered/water_sampling.csv,XSDDate,False
missing value,ws,arr_date_hq,22,,,,/github/workspace/logsheets/filtered/water_sampling.csv,XSDDate,False
missing value,ws,arr_date_hq,23,,,,/github/workspace/logsheets/filtered/water_sampling.csv,XSDDate,False
datatype mismatch,ws,arr_date_hq,24,2023-06-14 00:00:00,2023-06-14,,/github/workspace/logsheets/filtered/water_sampling.csv,XSDDate,False
datatype mismatch,ws,arr_date_hq,25,2023-06-14 00:00:00,2023-06-14,,/github/workspace/logsheets/filtered/water_sampling.csv,XSDDate,False
missing value,ws,arr_date_hq,26,,,,/github/workspace/logsheets/filtered/water_sampling.csv,XSDDate,False
missing value,ws,arr_date_hq,27,,,,/github/workspace/logsheets/filtered/water_sampling.csv,XSDDate,False
missing value,ws,arr_date_hq,28,,,,/github/workspace/logsheets/filtered/water_sampling.csv,XSDDate,False
missing value,ws,arr_date_hq,29,,,,/github/workspace/logsheets/filtered/water_sampling.csv,XSDDate,False
missing value,ws,arr_date_hq,30,,,,/github/workspace/logsheets/filtered/water_sampling.csv,XSDDate,False
missing value,ws,arr_date_hq,31,,,,/github/workspace/logsheets/filtered/water_sampling.csv,XSDDate,False
missing value,ws,arr_date_hq,32,,,,/github/workspace/logsheets/filtered/water_sampling.csv,XSDDate,False
missing value,ws,arr_date_hq,33,,,,/github/workspace/logsheets/filtered/water_sampling.csv,XSDDate,False
missing value,ws,arr_date_hq,34,,,,/github/workspace/logsheets/filtered/water_sampling.csv,XSDDate,False
datatype mismatch,ws,arr_date_hq,35,2023-06-14 00:00:00,2023-06-14,,/github/workspace/logsheets/filtered/water_sampling.csv,XSDDate,False
datatype mismatch,ws,arr_date_hq,36,2023-06-14 00:00:00,2023-06-14,,/github/workspace/logsheets/filtered/water_sampling.csv,XSDDate,False
missing value,ws,arr_date_hq,37,,,,/github/workspace/logsheets/filtered/water_sampling.csv,XSDDate,False
missing value,ws,arr_date_hq,38,,,,/github/workspace/logsheets/filtered/water_sampling.csv,XSDDate,False
datatype mismatch,ws,arr_date_hq,39,2023-06-14 00:00:00,2023-06-14,,/github/workspace/logsheets/filtered/water_sampling.csv,XSDDate,False
datatype mismatch,ws,arr_date_hq,40,2023-06-14 00:00:00,2023-06-14,,/github/workspace/logsheets/filtered/water_sampling.csv,XSDDate,False
missing value,ws,arr_date_hq,41,,,,/github/workspace/logsheets/filtered/water_sampling.csv,XSDDate,False
missing value,ws,arr_date_hq,42,,,,/github/workspace/logsheets/filtered/water_sampling.csv,XSDDate,False
missing value,ws,arr_date_hq,43,,,,/github/workspace/logsheets/filtered/water_sampling.csv,XSDDate,False
missing value,ws,arr_date_hq,44,,,,/github/workspace/logsheets/filtered/water_sampling.csv,XSDDate,False
missing value,ws,arr_date_hq,45,,,,/github/workspace/logsheets/filtered/water_sampling.csv,XSDDate,False
missing value,ws,arr_date_hq,46,,,,/github/workspace/logsheets/filtered/water_sampling.csv,XSDDate,False
missing value,ws,arr_date_hq,47,,,,/github/workspace/logsheets/filtered/water_sampling.csv,XSDDate,False
missing value,ws,arr_date_hq,48,,,,/github/workspace/logsheets/filtered/water_sampling.csv,XSDDate,False
missing value,ws,arr_date_hq,49,,,,/github/workspace/logsheets/filtered/water_sampling.csv,XSDDate,False
missing value,ws,arr_date_hq,350,,,,/github/workspace/logsheets/filtered/water_sampling.csv,XSDDate,False
missing value,ws,arr_date_hq,351,,,,/github/workspace/logsheets/filtered/water_sampling.csv,XSDDate,False
missing value,ws,arr_date_hq,352,,,,/github/workspace/logsheets/filtered/water_sampling.csv,XSDDate,False
missing value,ws,arr_date_hq,353,,,,/github/workspace/logsheets/filtered/water_sampling.csv,XSDDate,False
missing value,ws,arr_date_hq,354,,,,/github/workspace/logsheets/filtered/water_sampling.csv,XSDDate,False
missing value,ws,arr_date_hq,355,,,,/github/workspace/logsheets/filtered/water_sampling.csv,XSDDate,False
missing value,ws,arr_date_hq,356,,,,/github/workspace/logsheets/filtered/water_sampling.csv,XSDDate,False
missing value,ws,arr_date_hq,357,,,,/github/workspace/logsheets/filtered/water_sampling.csv,XSDDate,False
missing value,ws,arr_date_hq,358,,,,/github/workspace/logsheets/filtered/water_sampling.csv,XSDDate,False
missing value,ws,arr_date_hq,359,,,,/github/workspace/logsheets/filtered/water_sampling.csv,XSDDate,False
missing value,ws,arr_date_hq,360,,,,/github/workspace/logsheets/filtered/water_sampling.csv,XSDDate,False
missing value,ws,arr_date_hq,361,,,,/github/workspace/logsheets/filtered/water_sampling.csv,XSDDate,False
missing value,ws,arr_date_hq,362,,,,/github/workspace/logsheets/filtered/water_sampling.csv,XSDDate,False
missing value,ws,arr_date_hq,363,,,,/github/workspace/logsheets/filtered/water_sampling.csv,XSDDate,False
missing value,ws,arr_date_hq,364,,,,/github/workspace/logsheets/filtered/water_sampling.csv,XSDDate,False
missing value,ws,arr_date_hq,365,,,,/github/workspace/logsheets/filtered/water_sampling.csv,XSDDate,False
missing value,ws,arr_date_hq,366,,,,/github/workspace/logsheets/filtered/water_sampling.csv,XSDDate,False
missing value,ws,arr_date_hq,367,,,,/github/workspace/logsheets/filtered/water_sampling.csv,XSDDate,False
missing value,ws,arr_date_hq,368,,,,/github/workspace/logsheets/filtered/water_sampling.csv,XSDDate,False
missing value,ws,arr_date_hq,369,,,,/github/workspace/logsheets/filtered/water_sampling.csv,XSDDate,False
missing value,ws,arr_date_hq,370,,,,/github/workspace/logsheets/filtered/water_sampling.csv,XSDDate,False
missing value,ws,arr_date_hq,371,,,,/github/workspace/logsheets/filtered/water_sampling.csv,XSDDate,False
missing value,ws,arr_date_hq,372,,,,/github/workspace/logsheets/filtered/water_sampling.csv,XSDDate,False
missing value,ws,arr_date_hq,373,,,,/github/workspace/logsheets/filtered/water_sampling.csv,XSDDate,False
missing value,ws,arr_date_hq,374,,,,/github/workspace/logsheets/filtered/water_sampling.csv,XSDDate,False
missing value,ws,arr_date_hq,375,,,,/github/workspace/logsheets/filtered/water_sampling.csv,XSDDate,False
missing value,ws,arr_date_hq,376,,,,/github/workspace/logsheets/filtered/water_sampling.csv,XSDDate,False
missing value,ws,arr_date_hq,377,,,,/github/workspace/logsheets/filtered/water_sampling.csv,XSDDate,False
missing value,ws,arr_date_hq,378,,,,/github/workspace/logsheets/filtered/water_sampling.csv,XSDDate,False
missing value,ws,arr_date_hq,379,,,,/github/workspace/logsheets/filtered/water_sampling.csv,XSDDate,False
missing value,ws,arr_date_hq,380,,,,/github/workspace/logsheets/filtered/water_sampling.csv,XSDDate,False
missing value,ws,arr_date_hq,381,,,,/github/workspace/logsheets/filtered/water_sampling.csv,XSDDate,False
missing value,ws,arr_date_hq,382,,,,/github/workspace/logsheets/filtered/water_sampling.csv,XSDDate,False
missing value,ws,arr_date_hq,383,,,,/github/workspace/logsheets/filtered/water_sampling.csv,XSDDate,False
missing value,ws,arr_date_hq,384,,,,/github/workspace/logsheets/filtered/water_sampling.csv,XSDDate,False
missing value,ws,arr_date_hq,385,,,,/github/workspace/logsheets/filtered/water_sampling.csv,XSDDate,False
missing value,ws,arr_date_hq,386,,,,/github/workspace/logsheets/filtered/water_sampling.csv,XSDDate,False
missing value,ws,arr_date_hq,387,,,,/github/workspace/logsheets/filtered/water_sampling.csv,XSDDate,False
missing value,ws,arr_date_hq,388,,,,/github/workspace/logsheets/filtered/water_sampling.csv,XSDDate,False
missing value,ws,arr_date_hq,389,,,,/github/workspace/logsheets/filtered/water_sampling.csv,XSDDate,False
missing value,ws,arr_date_hq,390,,,,/github/workspace/logsheets/filtered/water_sampling.csv,XSDDate,False
missing value,ws,arr_date_hq,391,,,,/github/workspace/logsheets/filtered/water_sampling.csv,XSDDate,False
datatype mismatch,ws,arr_date_seq,1,2023-06-01 00:00:00,2023-06-01,,/github/workspace/logsheets/filtered/water_sampling.csv,XSDDate,False
datatype mismatch,ws,arr_date_seq,2,2023-06-01 00:00:00,2023-06-01,,/github/workspace/logsheets/filtered/water_sampling.csv,XSDDate,False
missing value,ws,arr_date_seq,3,,,,/github/workspace/logsheets/filtered/water_sampling.csv,XSDDate,False
missing value,ws,arr_date_seq,4,,,,/github/workspace/logsheets/filtered/water_sampling.csv,XSDDate,False
datatype mismatch,ws,arr_date_seq,5,2023-06-01 00:00:00,2023-06-01,,/github/workspace/logsheets/filtered/water_sampling.csv,XSDDate,False
datatype mismatch,ws,arr_date_seq,6,2023-06-01 00:00:00,2023-06-01,,/github/workspace/logsheets/filtered/water_sampling.csv,XSDDate,False
missing value,ws,arr_date_seq,7,,,,/github/workspace/logsheets/filtered/water_sampling.csv,XSDDate,False
missing value,ws,arr_date_seq,8,,,,/github/workspace/logsheets/filtered/water_sampling.csv,XSDDate,False
missing value,ws,arr_date_seq,9,,,,/github/workspace/logsheets/filtered/water_sampling.csv,XSDDate,False
missing value,ws,arr_date_seq,10,,,,/github/workspace/logsheets/filtered/water_sampling.csv,XSDDate,False
datatype mismatch,ws,arr_date_seq,11,2023-06-01 00:00:00,2023-06-01,,/github/workspace/logsheets/filtered/water_sampling.csv,XSDDate,False
datatype mismatch,ws,arr_date_seq,12,2023-06-01 00:00:00,2023-06-01,,/github/workspace/logsheets/filtered/water_sampling.csv,XSDDate,False
missing value,ws,arr_date_seq,13,,,,/github/workspace/logsheets/filtered/water_sampling.csv,XSDDate,False
missing value,ws,arr_date_seq,14,,,,/github/workspace/logsheets/filtered/water_sampling.csv,XSDDate,False
missing value,ws,arr_date_seq,15,,,,/github/workspace/logsheets/filtered/water_sampling.csv,XSDDate,False
datatype mismatch,ws,arr_date_seq,16,2023-06-01 00:00:00,2023-06-01,,/github/workspace/logsheets/filtered/water_sampling.csv,XSDDate,False
datatype mismatch,ws,arr_date_seq,17,2023-06-01 00:00:00,2023-06-01,,/github/workspace/logsheets/filtered/water_sampling.csv,XSDDate,False
datatype mismatch,ws,arr_date_seq,18,2023-06-01 00:00:00,2023-06-01,,/github/workspace/logsheets/filtered/water_sampling.csv,XSDDate,False
datatype mismatch,ws,arr_date_seq,19,2023-06-01 00:00:00,2023-06-01,,/github/workspace/logsheets/filtered/water_sampling.csv,XSDDate,False
datatype mismatch,ws,arr_date_seq,20,2024-04-18 00:00:00,2024-04-18,,/github/workspace/logsheets/filtered/water_sampling.csv,XSDDate,False
datatype mismatch,ws,arr_date_seq,21,2024-04-18 00:00:00,2024-04-18,,/github/workspace/logsheets/filtered/water_sampling.csv,XSDDate,False
missing value,ws,arr_date_seq,22,,,,/github/workspace/logsheets/filtered/water_sampling.csv,XSDDate,False
missing value,ws,arr_date_seq,23,,,,/github/workspace/logsheets/filtered/water_sampling.csv,XSDDate,False
datatype mismatch,ws,arr_date_seq,24,2024-04-18 00:00:00,2024-04-18,,/github/workspace/logsheets/filtered/water_sampling.csv,XSDDate,False
datatype mismatch,ws,arr_date_seq,25,2024-04-18 00:00:00,2024-04-18,,/github/workspace/logsheets/filtered/water_sampling.csv,XSDDate,False
missing value,ws,arr_date_seq,26,,,,/github/workspace/logsheets/filtered/water_sampling.csv,XSDDate,False
missing value,ws,arr_date_seq,27,,,,/github/workspace/logsheets/filtered/water_sampling.csv,XSDDate,False
missing value,ws,arr_date_seq,28,,,,/github/workspace/logsheets/filtered/water_sampling.csv,XSDDate,False
missing value,ws,arr_date_seq,29,,,,/github/workspace/logsheets/filtered/water_sampling.csv,XSDDate,False
missing value,ws,arr_date_seq,30,,,,/github/workspace/logsheets/filtered/water_sampling.csv,XSDDate,False
missing value,ws,arr_date_seq,31,,,,/github/workspace/logsheets/filtered/water_sampling.csv,XSDDate,False
missing value,ws,arr_date_seq,32,,,,/github/workspace/logsheets/filtered/water_sampling.csv,XSDDate,False
missing value,ws,arr_date_seq,33,,,,/github/workspace/logsheets/filtered/water_sampling.csv,XSDDate,False
missing value,ws,arr_date_seq,34,,,,/github/workspace/logsheets/filtered/water_sampling.csv,XSDDate,False
datatype mismatch,ws,arr_date_seq,35,2024-04-18 00:00:00,2024-04-18,,/github/workspace/logsheets/filtered/water_sampling.csv,XSDDate,False
datatype mismatch,ws,arr_date_seq,36,2024-04-18 00:00:00,2024-04-18,,/github/workspace/logsheets/filtered/water_sampling.csv,XSDDate,False
missing value,ws,arr_date_seq,37,,,,/github/workspace/logsheets/filtered/water_sampling.csv,XSDDate,False
missing value,ws,arr_date_seq,38,,,,/github/workspace/logsheets/filtered/water_sampling.csv,XSDDate,False
datatype mismatch,ws,arr_date_seq,39,2024-04-18 00:00:00,2024-04-18,,/github/workspace/logsheets/filtered/water_sampling.csv,XSDDate,False
datatype mismatch,ws,arr_date_seq,40,2024-04-18 00:00:00,2024-04-18,,/github/workspace/logsheets/filtered/water_sampling.csv,XSDDate,False
missing value,ws,arr_date_seq,41,,,,/github/workspace/logsheets/filtered/water_sampling.csv,XSDDate,False
missing value,ws,arr_date_seq,42,,,,/github/workspace/logsheets/filtered/water_sampling.csv,XSDDate,False
missing value,ws,arr_date_seq,43,,,,/github/workspace/logsheets/filtered/water_sampling.csv,XSDDate,False
missing value,ws,arr_date_seq,44,,,,/github/workspace/logsheets/filtered/water_sampling.csv,XSDDate,False
missing value,ws,arr_date_seq,45,,,,/github/workspace/logsheets/filtered/water_sampling.csv,XSDDate,False
missing value,ws,arr_date_seq,46,,,,/github/workspace/logsheets/filtered/water_sampling.csv,XSDDate,False
missing value,ws,arr_date_seq,47,,,,/github/workspace/logsheets/filtered/water_sampling.csv,XSDDate,False
missing value,ws,arr_date_seq,48,,,,/github/workspace/logsheets/filtered/water_sampling.csv,XSDDate,False
missing value,ws,arr_date_seq,49,,,,/github/workspace/logsheets/filtered/water_sampling.csv,XSDDate,False
missing value,ws,arr_date_seq,350,,,,/github/workspace/logsheets/filtered/water_sampling.csv,XSDDate,False
missing value,ws,arr_date_seq,351,,,,/github/workspace/logsheets/filtered/water_sampling.csv,XSDDate,False
missing value,ws,arr_date_seq,352,,,,/github/workspace/logsheets/filtered/water_sampling.csv,XSDDate,False
missing value,ws,arr_date_seq,353,,,,/github/workspace/logsheets/filtered/water_sampling.csv,XSDDate,False
missing value,ws,arr_date_seq,354,,,,/github/workspace/logsheets/filtered/water_sampling.csv,XSDDate,False
missing value,ws,arr_date_seq,355,,,,/github/workspace/logsheets/filtered/water_sampling.csv,XSDDate,False
missing value,ws,arr_date_seq,356,,,,/github/workspace/logsheets/filtered/water_sampling.csv,XSDDate,False
missing value,ws,arr_date_seq,357,,,,/github/workspace/logsheets/filtered/water_sampling.csv,XSDDate,False
missing value,ws,arr_date_seq,358,,,,/github/workspace/logsheets/filtered/water_sampling.csv,XSDDate,False
missing value,ws,arr_date_seq,359,,,,/github/workspace/logsheets/filtered/water_sampling.csv,XSDDate,False
missing value,ws,arr_date_seq,360,,,,/github/workspace/logsheets/filtered/water_sampling.csv,XSDDate,False
missing value,ws,arr_date_seq,361,,,,/github/workspace/logsheets/filtered/water_sampling.csv,XSDDate,False
missing value,ws,arr_date_seq,362,,,,/github/workspace/logsheets/filtered/water_sampling.csv,XSDDate,False
missing value,ws,arr_date_seq,363,,,,/github/workspace/logsheets/filtered/water_sampling.csv,XSDDate,False
missing value,ws,arr_date_seq,364,,,,/github/workspace/logsheets/filtered/water_sampling.csv,XSDDate,False
missing value,ws,arr_date_seq,365,,,,/github/workspace/logsheets/filtered/water_sampling.csv,XSDDate,False
missing value,ws,arr_date_seq,366,,,,/github/workspace/logsheets/filtered/water_sampling.csv,XSDDate,False
missing value,ws,arr_date_seq,367,,,,/github/workspace/logsheets/filtered/water_sampling.csv,XSDDate,False
missing value,ws,arr_date_seq,368,,,,/github/workspace/logsheets/filtered/water_sampling.csv,XSDDate,False
missing value,ws,arr_date_seq,369,,,,/github/workspace/logsheets/filtered/water_sampling.csv,XSDDate,False
missing value,ws,arr_date_seq,370,,,,/github/workspace/logsheets/filtered/water_sampling.csv,XSDDate,False
missing value,ws,arr_date_seq,371,,,,/github/workspace/logsheets/filtered/water_sampling.csv,XSDDate,False
missing value,ws,arr_date_seq,372,,,,/github/workspace/logsheets/filtered/water_sampling.csv,XSDDate,False
missing value,ws,arr_date_seq,373,,,,/github/workspace/logsheets/filtered/water_sampling.csv,XSDDate,False
missing value,ws,arr_date_seq,374,,,,/github/workspace/logsheets/filtered/water_sampling.csv,XSDDate,False
missing value,ws,arr_date_seq,375,,,,/github/workspace/logsheets/filtered/water_sampling.csv,XSDDate,False
missing value,ws,arr_date_seq,376,,,,/github/workspace/logsheets/filtered/water_sampling.csv,XSDDate,False
missing value,ws,arr_date_seq,377,,,,/github/workspace/logsheets/filtered/water_sampling.csv,XSDDate,False
missing value,ws,arr_date_seq,378,,,,/github/workspace/logsheets/filtered/water_sampling.csv,XSDDate,False
missing value,ws,arr_date_seq,379,,,,/github/workspace/logsheets/filtered/water_sampling.csv,XSDDate,False
missing value,ws,arr_date_seq,380,,,,/github/workspace/logsheets/filtered/water_sampling.csv,XSDDate,False
missing value,ws,arr_date_seq,381,,,,/github/workspace/logsheets/filtered/water_sampling.csv,XSDDate,False
missing value,ws,arr_date_seq,382,,,,/github/workspace/logsheets/filtered/water_sampling.csv,XSDDate,False
missing value,ws,arr_date_seq,383,,,,/github/workspace/logsheets/filtered/water_sampling.csv,XSDDate,False
missing value,ws,arr_date_seq,384,,,,/github/workspace/logsheets/filtered/water_sampling.csv,XSDDate,False
missing value,ws,arr_date_seq,385,,,,/github/workspace/logsheets/filtered/water_sampling.csv,XSDDate,False
missing value,ws,arr_date_seq,386,,,,/github/workspace/logsheets/filtered/water_sampling.csv,XSDDate,False
missing value,ws,arr_date_seq,387,,,,/github/workspace/logsheets/filtered/water_sampling.csv,XSDDate,False
missing value,ws,arr_date_seq,388,,,,/github/workspace/logsheets/filtered/water_sampling.csv,XSDDate,False
missing value,ws,arr_date_seq,389,,,,/github/workspace/logsheets/filtered/water_sampling.csv,XSDDate,False
missing value,ws,arr_date_seq,390,,,,/github/workspace/logsheets/filtered/water_sampling.csv,XSDDate,False
missing value,ws,arr_date_seq,391,,,,/github/workspace/logsheets/filtered/water_sampling.csv,XSDDate,False
datatype mismatch,ws,collection_date,1,2022-08-30 00:00:00,2022-08-30,,/github/workspace/logsheets/filtered/water_sampling.csv,XSDDate,False
datatype mismatch,ws,collection_date,2,2022-08-30 00:00:00,2022-08-30,,/github/workspace/logsheets/filtered/water_sampling.csv,XSDDate,False
datatype mismatch,ws,collection_date,3,2022-08-30 00:00:00,2022-08-30,,/github/workspace/logsheets/filtered/water_sampling.csv,XSDDate,False
datatype mismatch,ws,collection_date,4,2022-08-30 00:00:00,2022-08-30,,/github/workspace/logsheets/filtered/water_sampling.csv,XSDDate,False
datatype mismatch,ws,collection_date,5,2022-08-30 00:00:00,2022-08-30,,/github/workspace/logsheets/filtered/water_sampling.csv,XSDDate,False
datatype mismatch,ws,collection_date,6,2022-08-30 00:00:00,2022-08-30,,/github/workspace/logsheets/filtered/water_sampling.csv,XSDDate,False
datatype mismatch,ws,collection_date,7,2022-08-30 00:00:00,2022-08-30,,/github/workspace/logsheets/filtered/water_sampling.csv,XSDDate,False
datatype mismatch,ws,collection_date,8,2022-08-30 00:00:00,2022-08-30,,/github/workspace/logsheets/filtered/water_sampling.csv,XSDDate,False
datatype mismatch,ws,collection_date,9,2022-08-30 00:00:00,2022-08-30,,/github/workspace/logsheets/filtered/water_sampling.csv,XSDDate,False
datatype mismatch,ws,collection_date,10,2022-08-30 00:00:00,2022-08-30,,/github/workspace/logsheets/filtered/water_sampling.csv,XSDDate,False
datatype mismatch,ws,collection_date,11,2022-08-30 00:00:00,2022-08-30,,/github/workspace/logsheets/filtered/water_sampling.csv,XSDDate,False
datatype mismatch,ws,collection_date,12,2022-08-30 00:00:00,2022-08-30,,/github/workspace/logsheets/filtered/water_sampling.csv,XSDDate,False
datatype mismatch,ws,collection_date,13,2022-08-30 00:00:00,2022-08-30,,/github/workspace/logsheets/filtered/water_sampling.csv,XSDDate,False
datatype mismatch,ws,collection_date,14,2022-08-30 00:00:00,2022-08-30,,/github/workspace/logsheets/filtered/water_sampling.csv,XSDDate,False
datatype mismatch,ws,collection_date,15,2022-08-30 00:00:00,2022-08-30,,/github/workspace/logsheets/filtered/water_sampling.csv,XSDDate,False
datatype mismatch,ws,collection_date,16,2022-08-30 00:00:00,2022-08-30,,/github/workspace/logsheets/filtered/water_sampling.csv,XSDDate,False
datatype mismatch,ws,collection_date,17,2022-08-30 00:00:00,2022-08-30,,/github/workspace/logsheets/filtered/water_sampling.csv,XSDDate,False
datatype mismatch,ws,collection_date,18,2022-08-30 00:00:00,2022-08-30,,/github/workspace/logsheets/filtered/water_sampling.csv,XSDDate,False
datatype mismatch,ws,collection_date,19,2022-08-30 00:00:00,2022-08-30,,/github/workspace/logsheets/filtered/water_sampling.csv,XSDDate,False
datatype mismatch,ws,collection_date,20,2022-10-25 00:00:00,2022-10-25,,/github/workspace/logsheets/filtered/water_sampling.csv,XSDDate,False
datatype mismatch,ws,collection_date,21,2022-10-25 00:00:00,2022-10-25,,/github/workspace/logsheets/filtered/water_sampling.csv,XSDDate,False
datatype mismatch,ws,collection_date,22,2022-10-25 00:00:00,2022-10-25,,/github/workspace/logsheets/filtered/water_sampling.csv,XSDDate,False
datatype mismatch,ws,collection_date,23,2022-10-25 00:00:00,2022-10-25,,/github/workspace/logsheets/filtered/water_sampling.csv,XSDDate,False
datatype mismatch,ws,collection_date,24,2022-10-25 00:00:00,2022-10-25,,/github/workspace/logsheets/filtered/water_sampling.csv,XSDDate,False
datatype mismatch,ws,collection_date,25,2022-10-25 00:00:00,2022-10-25,,/github/workspace/logsheets/filtered/water_sampling.csv,XSDDate,False
datatype mismatch,ws,collection_date,26,2022-10-25 00:00:00,2022-10-25,,/github/workspace/logsheets/filtered/water_sampling.csv,XSDDate,False
datatype mismatch,ws,collection_date,27,2022-10-25 00:00:00,2022-10-25,,/github/workspace/logsheets/filtered/water_sampling.csv,XSDDate,False
datatype mismatch,ws,collection_date,28,2022-10-25 00:00:00,2022-10-25,,/github/workspace/logsheets/filtered/water_sampling.csv,XSDDate,False
datatype mismatch,ws,collection_date,29,2022-10-25 00:00:00,2022-10-25,,/github/workspace/logsheets/filtered/water_sampling.csv,XSDDate,False
datatype mismatch,ws,collection_date,30,2022-10-25 00:00:00,2022-10-25,,/github/workspace/logsheets/filtered/water_sampling.csv,XSDDate,False
datatype mismatch,ws,collection_date,31,2022-10-25 00:00:00,2022-10-25,,/github/workspace/logsheets/filtered/water_sampling.csv,XSDDate,False
datatype mismatch,ws,collection_date,32,2022-10-25 00:00:00,2022-10-25,,/github/workspace/logsheets/filtered/water_sampling.csv,XSDDate,False
datatype mismatch,ws,collection_date,33,2022-10-25 00:00:00,2022-10-25,,/github/workspace/logsheets/filtered/water_sampling.csv,XSDDate,False
datatype mismatch,ws,collection_date,34,2022-10-25 00:00:00,2022-10-25,,/github/workspace/logsheets/filtered/water_sampling.csv,XSDDate,False
datatype mismatch,ws,collection_date,35,2022-12-01 00:00:00,2022-12-01,,/github/workspace/logsheets/filtered/water_sampling.csv,XSDDate,False
datatype mismatch,ws,collection_date,36,2022-12-01 00:00:00,2022-12-01,,/github/workspace/logsheets/filtered/water_sampling.csv,XSDDate,False
datatype mismatch,ws,collection_date,37,2022-12-01 00:00:00,2022-12-01,,/github/workspace/logsheets/filtered/water_sampling.csv,XSDDate,False
datatype mismatch,ws,collection_date,38,2022-12-01 00:00:00,2022-12-01,,/github/workspace/logsheets/filtered/water_sampling.csv,XSDDate,False
datatype mismatch,ws,collection_date,39,2022-12-01 00:00:00,2022-12-01,,/github/workspace/logsheets/filtered/water_sampling.csv,XSDDate,False
datatype mismatch,ws,collection_date,40,2022-12-01 00:00:00,2022-12-01,,/github/workspace/logsheets/filtered/water_sampling.csv,XSDDate,False
datatype mismatch,ws,collection_date,41,2022-12-01 00:00:00,2022-12-01,,/github/workspace/logsheets/filtered/water_sampling.csv,XSDDate,False
datatype mismatch,ws,collection_date,42,2022-12-01 00:00:00,2022-12-01,,/github/workspace/logsheets/filtered/water_sampling.csv,XSDDate,False
datatype mismatch,ws,collection_date,43,2022-12-01 00:00:00,2022-12-01,,/github/workspace/logsheets/filtered/water_sampling.csv,XSDDate,False
datatype mismatch,ws,collection_date,44,2022-12-01 00:00:00,2022-12-01,,/github/workspace/logsheets/filtered/water_sampling.csv,XSDDate,False
datatype mismatch,ws,collection_date,45,2022-12-01 00:00:00,2022-12-01,,/github/workspace/logsheets/filtered/water_sampling.csv,XSDDate,False
datatype mismatch,ws,collection_date,46,2022-12-01 00:00:00,2022-12-01,,/github/workspace/logsheets/filtered/water_sampling.csv,XSDDate,False
datatype mismatch,ws,collection_date,47,2022-12-01 00:00:00,2022-12-01,,/github/workspace/logsheets/filtered/water_sampling.csv,XSDDate,False
datatype mismatch,ws,collection_date,48,2022-12-01 00:00:00,2022-12-01,,/github/workspace/logsheets/filtered/water_sampling.csv,XSDDate,False
datatype mismatch,ws,collection_date,49,2022-12-01 00:00:00,2022-12-01,,/github/workspace/logsheets/filtered/water_sampling.csv,XSDDate,False
missing value,ws,collection_date,350,,,,/github/workspace/logsheets/filtered/water_sampling.csv,XSDDate,False
missing value,ws,collection_date,351,,,,/github/workspace/logsheets/filtered/water_sampling.csv,XSDDate,False
missing value,ws,collection_date,352,,,,/github/workspace/logsheets/filtered/water_sampling.csv,XSDDate,False
missing value,ws,collection_date,353,,,,/github/workspace/logsheets/filtered/water_sampling.csv,XSDDate,False
missing value,ws,collection_date,354,,,,/github/workspace/logsheets/filtered/water_sampling.csv,XSDDate,False
missing value,ws,collection_date,355,,,,/github/workspace/logsheets/filtered/water_sampling.csv,XSDDate,False
missing value,ws,collection_date,356,,,,/github/workspace/logsheets/filtered/water_sampling.csv,XSDDate,False
missing value,ws,collection_date,357,,,,/github/workspace/logsheets/filtered/water_sampling.csv,XSDDate,False
missing value,ws,collection_date,358,,,,/github/workspace/logsheets/filtered/water_sampling.csv,XSDDate,False
missing value,ws,collection_date,359,,,,/github/workspace/logsheets/filtered/water_sampling.csv,XSDDate,False
missing value,ws,collection_date,360,,,,/github/workspace/logsheets/filtered/water_sampling.csv,XSDDate,False
missing value,ws,collection_date,361,,,,/github/workspace/logsheets/filtered/water_sampling.csv,XSDDate,False
missing value,ws,collection_date,362,,,,/github/workspace/logsheets/filtered/water_sampling.csv,XSDDate,False
missing value,ws,collection_date,363,,,,/github/workspace/logsheets/filtered/water_sampling.csv,XSDDate,False
missing value,ws,collection_date,364,,,,/github/workspace/logsheets/filtered/water_sampling.csv,XSDDate,False
missing value,ws,collection_date,365,,,,/github/workspace/logsheets/filtered/water_sampling.csv,XSDDate,False
missing value,ws,collection_date,366,,,,/github/workspace/logsheets/filtered/water_sampling.csv,XSDDate,False
missing value,ws,collection_date,367,,,,/github/workspace/logsheets/filtered/water_sampling.csv,XSDDate,False
missing value,ws,collection_date,368,,,,/github/workspace/logsheets/filtered/water_sampling.csv,XSDDate,False
missing value,ws,collection_date,369,,,,/github/workspace/logsheets/filtered/water_sampling.csv,XSDDate,False
missing value,ws,collection_date,370,,,,/github/workspace/logsheets/filtered/water_sampling.csv,XSDDate,False
missing value,ws,collection_date,371,,,,/github/workspace/logsheets/filtered/water_sampling.csv,XSDDate,False
missing value,ws,collection_date,372,,,,/github/workspace/logsheets/filtered/water_sampling.csv,XSDDate,False
missing value,ws,collection_date,373,,,,/github/workspace/logsheets/filtered/water_sampling.csv,XSDDate,False
missing value,ws,collection_date,374,,,,/github/workspace/logsheets/filtered/water_sampling.csv,XSDDate,False
missing value,ws,collection_date,375,,,,/github/workspace/logsheets/filtered/water_sampling.csv,XSDDate,False
missing value,ws,collection_date,376,,,,/github/workspace/logsheets/filtered/water_sampling.csv,XSDDate,False
missing value,ws,collection_date,377,,,,/github/workspace/logsheets/filtered/water_sampling.csv,XSDDate,False
missing value,ws,collection_date,378,,,,/github/workspace/logsheets/filtered/water_sampling.csv,XSDDate,False
missing value,ws,collection_date,379,,,,/github/workspace/logsheets/filtered/water_sampling.csv,XSDDate,False
missing value,ws,collection_date,380,,,,/github/workspace/logsheets/filtered/water_sampling.csv,XSDDate,False
missing value,ws,collection_date,381,,,,/github/workspace/logsheets/filtered/water_sampling.csv,XSDDate,False
missing value,ws,collection_date,382,,,,/github/workspace/logsheets/filtered/water_sampling.csv,XSDDate,False
missing value,ws,collection_date,383,,,,/github/workspace/logsheets/filtered/water_sampling.csv,XSDDate,False
missing value,ws,collection_date,384,,,,/github/workspace/logsheets/filtered/water_sampling.csv,XSDDate,False
missing value,ws,collection_date,385,,,,/github/workspace/logsheets/filtered/water_sampling.csv,XSDDate,False
missing value,ws,collection_date,386,,,,/github/workspace/logsheets/filtered/water_sampling.csv,XSDDate,False
missing value,ws,collection_date,387,,,,/github/workspace/logsheets/filtered/water_sampling.csv,XSDDate,False
missing value,ws,collection_date,388,,,,/github/workspace/logsheets/filtered/water_sampling.csv,XSDDate,False
missing value,ws,collection_date,389,,,,/github/workspace/logsheets/filtered/water_sampling.csv,XSDDate,False
missing value,ws,collection_date,390,,,,/github/workspace/logsheets/filtered/water_sampling.csv,XSDDate,False
missing value,ws,collection_date,391,,,,/github/workspace/logsheets/filtered/water_sampling.csv,XSDDate,False
missing value,ws,depth,9,,,,/github/workspace/logsheets/filtered/water_sampling.csv,XSDString,False
missing value,ws,depth,10,,,,/github/workspace/logsheets/filtered/water_sampling.csv,XSDString,False
missing value,ws,depth,11,,,,/github/workspace/logsheets/filtered/water_sampling.csv,XSDString,False
missing value,ws,depth,12,,,,/github/workspace/logsheets/filtered/water_sampling.csv,XSDString,False
missing value,ws,depth,13,,,,/github/workspace/logsheets/filtered/water_sampling.csv,XSDString,False
missing value,ws,depth,14,,,,/github/workspace/logsheets/filtered/water_sampling.csv,XSDString,False
missing value,ws,depth,15,,,,/github/workspace/logsheets/filtered/water_sampling.csv,XSDString,False
missing value,ws,depth,28,,,,/github/workspace/logsheets/filtered/water_sampling.csv,XSDString,False
missing value,ws,depth,29,,,,/github/workspace/logsheets/filtered/water_sampling.csv,XSDString,False
missing value,ws,depth,30,,,,/github/workspace/logsheets/filtered/water_sampling.csv,XSDString,False
missing value,ws,depth,31,,,,/github/workspace/logsheets/filtered/water_sampling.csv,XSDString,False
missing value,ws,depth,32,,,,/github/workspace/logsheets/filtered/water_sampling.csv,XSDString,False
missing value,ws,depth,33,,,,/github/workspace/logsheets/filtered/water_sampling.csv,XSDString,False
missing value,ws,depth,34,,,,/github/workspace/logsheets/filtered/water_sampling.csv,XSDString,False
missing value,ws,depth,43,,,,/github/workspace/logsheets/filtered/water_sampling.csv,XSDString,False
missing value,ws,depth,44,,,,/github/workspace/logsheets/filtered/water_sampling.csv,XSDString,False
missing value,ws,depth,45,,,,/github/workspace/logsheets/filtered/water_sampling.csv,XSDString,False
missing value,ws,depth,46,,,,/github/workspace/logsheets/filtered/water_sampling.csv,XSDString,False
missing value,ws,depth,47,,,,/github/workspace/logsheets/filtered/water_sampling.csv,XSDString,False
missing value,ws,depth,48,,,,/github/workspace/logsheets/filtered/water_sampling.csv,XSDString,False
missing value,ws,depth,49,,,,/github/workspace/logsheets/filtered/water_sampling.csv,XSDString,False
missing value,ws,depth,350,,,,/github/workspace/logsheets/filtered/water_sampling.csv,XSDString,False
missing value,ws,depth,351,,,,/github/workspace/logsheets/filtered/water_sampling.csv,XSDString,False
missing value,ws,depth,352,,,,/github/workspace/logsheets/filtered/water_sampling.csv,XSDString,False
missing value,ws,depth,353,,,,/github/workspace/logsheets/filtered/water_sampling.csv,XSDString,False
missing value,ws,depth,354,,,,/github/workspace/logsheets/filtered/water_sampling.csv,XSDString,False
missing value,ws,depth,355,,,,/github/workspace/logsheets/filtered/water_sampling.csv,XSDString,False
missing value,ws,depth,356,,,,/github/workspace/logsheets/filtered/water_sampling.csv,XSDString,False
missing value,ws,depth,357,,,,/github/workspace/logsheets/filtered/water_sampling.csv,XSDString,False
missing value,ws,depth,358,,,,/github/workspace/logsheets/filtered/water_sampling.csv,XSDString,False
missing value,ws,depth,359,,,,/github/workspace/logsheets/filtered/water_sampling.csv,XSDString,False
missing value,ws,depth,360,,,,/github/workspace/logsheets/filtered/water_sampling.csv,XSDString,False
missing value,ws,depth,361,,,,/github/workspace/logsheets/filtered/water_sampling.csv,XSDString,False
missing value,ws,depth,362,,,,/github/workspace/logsheets/filtered/water_sampling.csv,XSDString,False
missing value,ws,depth,363,,,,/github/workspace/logsheets/filtered/water_sampling.csv,XSDString,False
missing value,ws,depth,364,,,,/github/workspace/logsheets/filtered/water_sampling.csv,XSDString,False
missing value,ws,depth,365,,,,/github/workspace/logsheets/filtered/water_sampling.csv,XSDString,False
missing value,ws,depth,366,,,,/github/workspace/logsheets/filtered/water_sampling.csv,XSDString,False
missing value,ws,depth,367,,,,/github/workspace/logsheets/filtered/water_sampling.csv,XSDString,False
missing value,ws,depth,368,,,,/github/workspace/logsheets/filtered/water_sampling.csv,XSDString,False
missing value,ws,depth,369,,,,/github/workspace/logsheets/filtered/water_sampling.csv,XSDString,False
missing value,ws,depth,370,,,,/github/workspace/logsheets/filtered/water_sampling.csv,XSDString,False
missing value,ws,depth,371,,,,/github/workspace/logsheets/filtered/water_sampling.csv,XSDString,False
missing value,ws,depth,372,,,,/github/workspace/logsheets/filtered/water_sampling.csv,XSDString,False
missing value,ws,depth,373,,,,/github/workspace/logsheets/filtered/water_sampling.csv,XSDString,False
missing value,ws,depth,374,,,,/github/workspace/logsheets/filtered/water_sampling.csv,XSDString,False
missing value,ws,depth,375,,,,/github/workspace/logsheets/filtered/water_sampling.csv,XSDString,False
missing value,ws,depth,376,,,,/github/workspace/logsheets/filtered/water_sampling.csv,XSDString,False
missing value,ws,depth,377,,,,/github/workspace/logsheets/filtered/water_sampling.csv,XSDString,False
missing value,ws,depth,378,,,,/github/workspace/logsheets/filtered/water_sampling.csv,XSDString,False
missing value,ws,depth,379,,,,/github/workspace/logsheets/filtered/water_sampling.csv,XSDString,False
missing value,ws,depth,380,,,,/github/workspace/logsheets/filtered/water_sampling.csv,XSDString,False
missing value,ws,depth,381,,,,/github/workspace/logsheets/filtered/water_sampling.csv,XSDString,False
missing value,ws,depth,382,,,,/github/workspace/logsheets/filtered/water_sampling.csv,XSDString,False
missing value,ws,depth,383,,,,/github/workspace/logsheets/filtered/water_sampling.csv,XSDString,False
missing value,ws,depth,384,,,,/github/workspace/logsheets/filtered/water_sampling.csv,XSDString,False
missing value,ws,depth,385,,,,/github/workspace/logsheets/filtered/water_sampling.csv,XSDString,False
missing value,ws,depth,386,,,,/github/workspace/logsheets/filtered/water_sampling.csv,XSDString,False
missing value,ws,depth,387,,,,/github/workspace/logsheets/filtered/water_sampling.csv,XSDString,False
missing value,ws,depth,388,,,,/github/workspace/logsheets/filtered/water_sampling.csv,XSDString,False
missing value,ws,depth,389,,,,/github/workspace/logsheets/filtered/water_sampling.csv,XSDString,False
missing value,ws,depth,390,,,,/github/workspace/logsheets/filtered/water_sampling.csv,XSDString,False
missing value,ws,depth,391,,,,/github/workspace/logsheets/filtered/water_sampling.csv,XSDString,False
missing value,ws,env_material,350,,,,/github/workspace/logsheets/filtered/water_sampling.csv,EMOBONList,False
missing value,ws,env_material,351,,,,/github/workspace/logsheets/filtered/water_sampling.csv,EMOBONList,False
missing value,ws,env_material,352,,,,/github/workspace/logsheets/filtered/water_sampling.csv,EMOBONList,False
missing value,ws,env_material,353,,,,/github/workspace/logsheets/filtered/water_sampling.csv,EMOBONList,False
missing value,ws,env_material,354,,,,/github/workspace/logsheets/filtered/water_sampling.csv,EMOBONList,False
missing value,ws,env_material,355,,,,/github/workspace/logsheets/filtered/water_sampling.csv,EMOBONList,False
missing value,ws,env_material,356,,,,/github/workspace/logsheets/filtered/water_sampling.csv,EMOBONList,False
missing value,ws,env_material,357,,,,/github/workspace/logsheets/filtered/water_sampling.csv,EMOBONList,False
missing value,ws,env_material,358,,,,/github/workspace/logsheets/filtered/water_sampling.csv,EMOBONList,False
missing value,ws,env_material,359,,,,/github/workspace/logsheets/filtered/water_sampling.csv,EMOBONList,False
missing value,ws,env_material,360,,,,/github/workspace/logsheets/filtered/water_sampling.csv,EMOBONList,False
missing value,ws,env_material,361,,,,/github/workspace/logsheets/filtered/water_sampling.csv,EMOBONList,False
missing value,ws,env_material,362,,,,/github/workspace/logsheets/filtered/water_sampling.csv,EMOBONList,False
missing value,ws,env_material,363,,,,/github/workspace/logsheets/filtered/water_sampling.csv,EMOBONList,False
missing value,ws,env_material,364,,,,/github/workspace/logsheets/filtered/water_sampling.csv,EMOBONList,False
missing value,ws,env_material,365,,,,/github/workspace/logsheets/filtered/water_sampling.csv,EMOBONList,False
missing value,ws,env_material,366,,,,/github/workspace/logsheets/filtered/water_sampling.csv,EMOBONList,False
missing value,ws,env_material,367,,,,/github/workspace/logsheets/filtered/water_sampling.csv,EMOBONList,False
missing value,ws,env_material,368,,,,/github/workspace/logsheets/filtered/water_sampling.csv,EMOBONList,False
missing value,ws,env_material,369,,,,/github/workspace/logsheets/filtered/water_sampling.csv,EMOBONList,False
missing value,ws,env_material,370,,,,/github/workspace/logsheets/filtered/water_sampling.csv,EMOBONList,False
missing value,ws,env_material,371,,,,/github/workspace/logsheets/filtered/water_sampling.csv,EMOBONList,False
missing value,ws,env_material,372,,,,/github/workspace/logsheets/filtered/water_sampling.csv,EMOBONList,False
missing value,ws,env_material,373,,,,/github/workspace/logsheets/filtered/water_sampling.csv,EMOBONList,False
missing value,ws,env_material,374,,,,/github/workspace/logsheets/filtered/water_sampling.csv,EMOBONList,False
missing value,ws,env_material,375,,,,/github/workspace/logsheets/filtered/water_sampling.csv,EMOBONList,False
missing value,ws,env_material,376,,,,/github/workspace/logsheets/filtered/water_sampling.csv,EMOBONList,False
missing value,ws,env_material,377,,,,/github/workspace/logsheets/filtered/water_sampling.csv,EMOBONList,False
missing value,ws,env_material,378,,,,/github/workspace/logsheets/filtered/water_sampling.csv,EMOBONList,False
missing value,ws,env_material,379,,,,/github/workspace/logsheets/filtered/water_sampling.csv,EMOBONList,False
missing value,ws,env_material,380,,,,/github/workspace/logsheets/filtered/water_sampling.csv,EMOBONList,False
missing value,ws,env_material,381,,,,/github/workspace/logsheets/filtered/water_sampling.csv,EMOBONList,False
missing value,ws,env_material,382,,,,/github/workspace/logsheets/filtered/water_sampling.csv,EMOBONList,False
missing value,ws,env_material,383,,,,/github/workspace/logsheets/filtered/water_sampling.csv,EMOBONList,False
missing value,ws,env_material,384,,,,/github/workspace/logsheets/filtered/water_sampling.csv,EMOBONList,False
missing value,ws,env_material,385,,,,/github/workspace/logsheets/filtered/water_sampling.csv,EMOBONList,False
missing value,ws,env_material,386,,,,/github/workspace/logsheets/filtered/water_sampling.csv,EMOBONList,False
missing value,ws,env_material,387,,,,/github/workspace/logsheets/filtered/water_sampling.csv,EMOBONList,False
missing value,ws,env_material,388,,,,/github/workspace/logsheets/filtered/water_sampling.csv,EMOBONList,False
missing value,ws,env_material,389,,,,/github/workspace/logsheets/filtered/water_sampling.csv,EMOBONList,False
missing value,ws,env_material,390,,,,/github/workspace/logsheets/filtered/water_sampling.csv,EMOBONList,False
missing value,ws,env_material,391,,,,/github/workspace/logsheets/filtered/water_sampling.csv,EMOBONList,False
missing value,ws,investigation_type,350,,,,/github/workspace/logsheets/filtered/water_sampling.csv,XSDString,False
missing value,ws,investigation_type,351,,,,/github/workspace/logsheets/filtered/water_sampling.csv,XSDString,False
missing value,ws,investigation_type,352,,,,/github/workspace/logsheets/filtered/water_sampling.csv,XSDString,False
missing value,ws,investigation_type,353,,,,/github/workspace/logsheets/filtered/water_sampling.csv,XSDString,False
missing value,ws,investigation_type,354,,,,/github/workspace/logsheets/filtered/water_sampling.csv,XSDString,False
missing value,ws,investigation_type,355,,,,/github/workspace/logsheets/filtered/water_sampling.csv,XSDString,False
missing value,ws,investigation_type,356,,,,/github/workspace/logsheets/filtered/water_sampling.csv,XSDString,False
missing value,ws,investigation_type,357,,,,/github/workspace/logsheets/filtered/water_sampling.csv,XSDString,False
missing value,ws,investigation_type,358,,,,/github/workspace/logsheets/filtered/water_sampling.csv,XSDString,False
missing value,ws,investigation_type,359,,,,/github/workspace/logsheets/filtered/water_sampling.csv,XSDString,False
missing value,ws,investigation_type,360,,,,/github/workspace/logsheets/filtered/water_sampling.csv,XSDString,False
missing value,ws,investigation_type,361,,,,/github/workspace/logsheets/filtered/water_sampling.csv,XSDString,False
missing value,ws,investigation_type,362,,,,/github/workspace/logsheets/filtered/water_sampling.csv,XSDString,False
missing value,ws,investigation_type,363,,,,/github/workspace/logsheets/filtered/water_sampling.csv,XSDString,False
missing value,ws,investigation_type,364,,,,/github/workspace/logsheets/filtered/water_sampling.csv,XSDString,False
missing value,ws,investigation_type,365,,,,/github/workspace/logsheets/filtered/water_sampling.csv,XSDString,False
missing value,ws,investigation_type,366,,,,/github/workspace/logsheets/filtered/water_sampling.csv,XSDString,False
missing value,ws,investigation_type,367,,,,/github/workspace/logsheets/filtered/water_sampling.csv,XSDString,False
missing value,ws,investigation_type,368,,,,/github/workspace/logsheets/filtered/water_sampling.csv,XSDString,False
missing value,ws,investigation_type,369,,,,/github/workspace/logsheets/filtered/water_sampling.csv,XSDString,False
missing value,ws,investigation_type,370,,,,/github/workspace/logsheets/filtered/water_sampling.csv,XSDString,False
missing value,ws,investigation_type,371,,,,/github/workspace/logsheets/filtered/water_sampling.csv,XSDString,False
missing value,ws,investigation_type,372,,,,/github/workspace/logsheets/filtered/water_sampling.csv,XSDString,False
missing value,ws,investigation_type,373,,,,/github/workspace/logsheets/filtered/water_sampling.csv,XSDString,False
missing value,ws,investigation_type,374,,,,/github/workspace/logsheets/filtered/water_sampling.csv,XSDString,False
missing value,ws,investigation_type,375,,,,/github/workspace/logsheets/filtered/water_sampling.csv,XSDString,False
missing value,ws,investigation_type,376,,,,/github/workspace/logsheets/filtered/water_sampling.csv,XSDString,False
missing value,ws,investigation_type,377,,,,/github/workspace/logsheets/filtered/water_sampling.csv,XSDString,False
missing value,ws,investigation_type,378,,,,/github/workspace/logsheets/filtered/water_sampling.csv,XSDString,False
missing value,ws,investigation_type,379,,,,/github/workspace/logsheets/filtered/water_sampling.csv,XSDString,False
missing value,ws,investigation_type,380,,,,/github/workspace/logsheets/filtered/water_sampling.csv,XSDString,False
missing value,ws,investigation_type,381,,,,/github/workspace/logsheets/filtered/water_sampling.csv,XSDString,False
missing value,ws,investigation_type,382,,,,/github/workspace/logsheets/filtered/water_sampling.csv,XSDString,False
missing value,ws,investigation_type,383,,,,/github/workspace/logsheets/filtered/water_sampling.csv,XSDString,False
missing value,ws,investigation_type,384,,,,/github/workspace/logsheets/filtered/water_sampling.csv,XSDString,False
missing value,ws,investigation_type,385,,,,/github/workspace/logsheets/filtered/water_sampling.csv,XSDString,False
missing value,ws,investigation_type,386,,,,/github/workspace/logsheets/filtered/water_sampling.csv,XSDString,False
missing value,ws,investigation_type,387,,,,/github/workspace/logsheets/filtered/water_sampling.csv,XSDString,False
missing value,ws,investigation_type,388,,,,/github/workspace/logsheets/filtered/water_sampling.csv,XSDString,False
missing value,ws,investigation_type,389,,,,/github/workspace/logsheets/filtered/water_sampling.csv,XSDString,False
missing value,ws,investigation_type,390,,,,/github/workspace/logsheets/filtered/water_sampling.csv,XSDString,False
missing value,ws,investigation_type,391,,,,/github/workspace/logsheets/filtered/water_sampling.csv,XSDString,False
datatype mismatch,ws,long_store,1,N,false,,/github/workspace/logsheets/filtered/water_sampling.csv,XSDBoolean,False
datatype mismatch,ws,long_store,2,N,false,,/github/workspace/logsheets/filtered/water_sampling.csv,XSDBoolean,False
datatype mismatch,ws,long_store,3,Y,true,,/github/workspace/logsheets/filtered/water_sampling.csv,XSDBoolean,False
datatype mismatch,ws,long_store,4,Y,true,,/github/workspace/logsheets/filtered/water_sampling.csv,XSDBoolean,False
datatype mismatch,ws,long_store,5,N,false,,/github/workspace/logsheets/filtered/water_sampling.csv,XSDBoolean,False
datatype mismatch,ws,long_store,6,N,false,,/github/workspace/logsheets/filtered/water_sampling.csv,XSDBoolean,False
datatype mismatch,ws,long_store,7,Y,true,,/github/workspace/logsheets/filtered/water_sampling.csv,XSDBoolean,False
datatype mismatch,ws,long_store,8,Y,true,,/github/workspace/logsheets/filtered/water_sampling.csv,XSDBoolean,False
datatype mismatch,ws,long_store,9,Y,true,,/github/workspace/logsheets/filtered/water_sampling.csv,XSDBoolean,False
datatype mismatch,ws,long_store,10,Y,true,,/github/workspace/logsheets/filtered/water_sampling.csv,XSDBoolean,False
datatype mismatch,ws,long_store,11,N,false,,/github/workspace/logsheets/filtered/water_sampling.csv,XSDBoolean,False
datatype mismatch,ws,long_store,12,N,false,,/github/workspace/logsheets/filtered/water_sampling.csv,XSDBoolean,False
datatype mismatch,ws,long_store,13,Y,true,,/github/workspace/logsheets/filtered/water_sampling.csv,XSDBoolean,False
datatype mismatch,ws,long_store,14,Y,true,,/github/workspace/logsheets/filtered/water_sampling.csv,XSDBoolean,False
datatype mismatch,ws,long_store,15,Y,true,,/github/workspace/logsheets/filtered/water_sampling.csv,XSDBoolean,False
datatype mismatch,ws,long_store,16,N,false,,/github/workspace/logsheets/filtered/water_sampling.csv,XSDBoolean,False
datatype mismatch,ws,long_store,17,N,false,,/github/workspace/logsheets/filtered/water_sampling.csv,XSDBoolean,False
datatype mismatch,ws,long_store,18,N,false,,/github/workspace/logsheets/filtered/water_sampling.csv,XSDBoolean,False
datatype mismatch,ws,long_store,19,N,false,,/github/workspace/logsheets/filtered/water_sampling.csv,XSDBoolean,False
datatype mismatch,ws,long_store,20,N,false,,/github/workspace/logsheets/filtered/water_sampling.csv,XSDBoolean,False
datatype mismatch,ws,long_store,21,N,false,,/github/workspace/logsheets/filtered/water_sampling.csv,XSDBoolean,False
datatype mismatch,ws,long_store,22,Y,true,,/github/workspace/logsheets/filtered/water_sampling.csv,XSDBoolean,False
datatype mismatch,ws,long_store,23,Y,true,,/github/workspace/logsheets/filtered/water_sampling.csv,XSDBoolean,False
datatype mismatch,ws,long_store,24,N,false,,/github/workspace/logsheets/filtered/water_sampling.csv,XSDBoolean,False
datatype mismatch,ws,long_store,25,N,false,,/github/workspace/logsheets/filtered/water_sampling.csv,XSDBoolean,False
datatype mismatch,ws,long_store,26,Y,true,,/github/workspace/logsheets/filtered/water_sampling.csv,XSDBoolean,False
datatype mismatch,ws,long_store,27,Y,true,,/github/workspace/logsheets/filtered/water_sampling.csv,XSDBoolean,False
datatype mismatch,ws,long_store,28,Y,true,,/github/workspace/logsheets/filtered/water_sampling.csv,XSDBoolean,False
datatype mismatch,ws,long_store,29,Y,true,,/github/workspace/logsheets/filtered/water_sampling.csv,XSDBoolean,False
datatype mismatch,ws,long_store,30,Y,true,,/github/workspace/logsheets/filtered/water_sampling.csv,XSDBoolean,False
datatype mismatch,ws,long_store,31,Y,true,,/github/workspace/logsheets/filtered/water_sampling.csv,XSDBoolean,False
datatype mismatch,ws,long_store,32,Y,true,,/github/workspace/logsheets/filtered/water_sampling.csv,XSDBoolean,False
datatype mismatch,ws,long_store,33,Y,true,,/github/workspace/logsheets/filtered/water_sampling.csv,XSDBoolean,False
datatype mismatch,ws,long_store,34,Y,true,,/github/workspace/logsheets/filtered/water_sampling.csv,XSDBoolean,False
datatype mismatch,ws,long_store,35,N,false,,/github/workspace/logsheets/filtered/water_sampling.csv,XSDBoolean,False
datatype mismatch,ws,long_store,36,N,false,,/github/workspace/logsheets/filtered/water_sampling.csv,XSDBoolean,False
datatype mismatch,ws,long_store,37,Y,true,,/github/workspace/logsheets/filtered/water_sampling.csv,XSDBoolean,False
datatype mismatch,ws,long_store,38,Y,true,,/github/workspace/logsheets/filtered/water_sampling.csv,XSDBoolean,False
datatype mismatch,ws,long_store,39,N,false,,/github/workspace/logsheets/filtered/water_sampling.csv,XSDBoolean,False
datatype mismatch,ws,long_store,40,N,false,,/github/workspace/logsheets/filtered/water_sampling.csv,XSDBoolean,False
datatype mismatch,ws,long_store,41,Y,true,,/github/workspace/logsheets/filtered/water_sampling.csv,XSDBoolean,False
datatype mismatch,ws,long_store,42,Y,true,,/github/workspace/logsheets/filtered/water_sampling.csv,XSDBoolean,False
datatype mismatch,ws,long_store,43,Y,true,,/github/workspace/logsheets/filtered/water_sampling.csv,XSDBoolean,False
datatype mismatch,ws,long_store,44,Y,true,,/github/workspace/logsheets/filtered/water_sampling.csv,XSDBoolean,False
datatype mismatch,ws,long_store,45,Y,true,,/github/workspace/logsheets/filtered/water_sampling.csv,XSDBoolean,False
datatype mismatch,ws,long_store,46,Y,true,,/github/workspace/logsheets/filtered/water_sampling.csv,XSDBoolean,False
datatype mismatch,ws,long_store,47,Y,true,,/github/workspace/logsheets/filtered/water_sampling.csv,XSDBoolean,False
datatype mismatch,ws,long_store,48,Y,true,,/github/workspace/logsheets/filtered/water_sampling.csv,XSDBoolean,False
datatype mismatch,ws,long_store,49,Y,true,,/github/workspace/logsheets/filtered/water_sampling.csv,XSDBoolean,False
missing value,ws,long_store,350,,,,/github/workspace/logsheets/filtered/water_sampling.csv,XSDBoolean,False
missing value,ws,long_store,351,,,,/github/workspace/logsheets/filtered/water_sampling.csv,XSDBoolean,False
missing value,ws,long_store,352,,,,/github/workspace/logsheets/filtered/water_sampling.csv,XSDBoolean,False
missing value,ws,long_store,353,,,,/github/workspace/logsheets/filtered/water_sampling.csv,XSDBoolean,False
missing value,ws,long_store,354,,,,/github/workspace/logsheets/filtered/water_sampling.csv,XSDBoolean,False
missing value,ws,long_store,355,,,,/github/workspace/logsheets/filtered/water_sampling.csv,XSDBoolean,False
missing value,ws,long_store,356,,,,/github/workspace/logsheets/filtered/water_sampling.csv,XSDBoolean,False
missing value,ws,long_store,357,,,,/github/workspace/logsheets/filtered/water_sampling.csv,XSDBoolean,False
missing value,ws,long_store,358,,,,/github/workspace/logsheets/filtered/water_sampling.csv,XSDBoolean,False
missing value,ws,long_store,359,,,,/github/workspace/logsheets/filtered/water_sampling.csv,XSDBoolean,False
missing value,ws,long_store,360,,,,/github/workspace/logsheets/filtered/water_sampling.csv,XSDBoolean,False
missing value,ws,long_store,361,,,,/github/workspace/logsheets/filtered/water_sampling.csv,XSDBoolean,False
missing value,ws,long_store,362,,,,/github/workspace/logsheets/filtered/water_sampling.csv,XSDBoolean,False
missing value,ws,long_store,363,,,,/github/workspace/logsheets/filtered/water_sampling.csv,XSDBoolean,False
missing value,ws,long_store,364,,,,/github/workspace/logsheets/filtered/water_sampling.csv,XSDBoolean,False
missing value,ws,long_store,365,,,,/github/workspace/logsheets/filtered/water_sampling.csv,XSDBoolean,False
missing value,ws,long_store,366,,,,/github/workspace/logsheets/filtered/water_sampling.csv,XSDBoolean,False
missing value,ws,long_store,367,,,,/github/workspace/logsheets/filtered/water_sampling.csv,XSDBoolean,False
missing value,ws,long_store,368,,,,/github/workspace/logsheets/filtered/water_sampling.csv,XSDBoolean,False
missing value,ws,long_store,369,,,,/github/workspace/logsheets/filtered/water_sampling.csv,XSDBoolean,False
missing value,ws,long_store,370,,,,/github/workspace/logsheets/filtered/water_sampling.csv,XSDBoolean,False
missing value,ws,long_store,371,,,,/github/workspace/logsheets/filtered/water_sampling.csv,XSDBoolean,False
missing value,ws,long_store,372,,,,/github/workspace/logsheets/filtered/water_sampling.csv,XSDBoolean,False
missing value,ws,long_store,373,,,,/github/workspace/logsheets/filtered/water_sampling.csv,XSDBoolean,False
missing value,ws,long_store,374,,,,/github/workspace/logsheets/filtered/water_sampling.csv,XSDBoolean,False
missing value,ws,long_store,375,,,,/github/workspace/logsheets/filtered/water_sampling.csv,XSDBoolean,False
missing value,ws,long_store,376,,,,/github/workspace/logsheets/filtered/water_sampling.csv,XSDBoolean,False
missing value,ws,long_store,377,,,,/github/workspace/logsheets/filtered/water_sampling.csv,XSDBoolean,False
missing value,ws,long_store,378,,,,/github/workspace/logsheets/filtered/water_sampling.csv,XSDBoolean,False
missing value,ws,long_store,379,,,,/github/workspace/logsheets/filtered/water_sampling.csv,XSDBoolean,False
missing value,ws,long_store,380,,,,/github/workspace/logsheets/filtered/water_sampling.csv,XSDBoolean,False
missing value,ws,long_store,381,,,,/github/workspace/logsheets/filtered/water_sampling.csv,XSDBoolean,False
missing value,ws,long_store,382,,,,/github/workspace/logsheets/filtered/water_sampling.csv,XSDBoolean,False
missing value,ws,long_store,383,,,,/github/workspace/logsheets/filtered/water_sampling.csv,XSDBoolean,False
missing value,ws,long_store,384,,,,/github/workspace/logsheets/filtered/water_sampling.csv,XSDBoolean,False
missing value,ws,long_store,385,,,,/github/workspace/logsheets/filtered/water_sampling.csv,XSDBoolean,False
missing value,ws,long_store,386,,,,/github/workspace/logsheets/filtered/water_sampling.csv,XSDBoolean,False
missing value,ws,long_store,387,,,,/github/workspace/logsheets/filtered/water_sampling.csv,XSDBoolean,False
missing value,ws,long_store,388,,,,/github/workspace/logsheets/filtered/water_sampling.csv,XSDBoolean,False
missing value,ws,long_store,389,,,,/github/workspace/logsheets/filtered/water_sampling.csv,XSDBoolean,False
missing value,ws,long_store,390,,,,/github/workspace/logsheets/filtered/water_sampling.csv,XSDBoolean,False
missing value,ws,long_store,391,,,,/github/workspace/logsheets/filtered/water_sampling.csv,XSDBoolean,False
datatype mismatch,ws,membr_cut,1,Y,true,,/github/workspace/logsheets/filtered/water_sampling.csv,XSDBoolean,False
datatype mismatch,ws,membr_cut,2,Y,true,,/github/workspace/logsheets/filtered/water_sampling.csv,XSDBoolean,False
datatype mismatch,ws,membr_cut,3,Y,true,,/github/workspace/logsheets/filtered/water_sampling.csv,XSDBoolean,False
datatype mismatch,ws,membr_cut,4,Y,true,,/github/workspace/logsheets/filtered/water_sampling.csv,XSDBoolean,False
datatype mismatch,ws,membr_cut,5,Y,true,,/github/workspace/logsheets/filtered/water_sampling.csv,XSDBoolean,False
datatype mismatch,ws,membr_cut,6,Y,true,,/github/workspace/logsheets/filtered/water_sampling.csv,XSDBoolean,False
datatype mismatch,ws,membr_cut,7,Y,true,,/github/workspace/logsheets/filtered/water_sampling.csv,XSDBoolean,False
datatype mismatch,ws,membr_cut,8,Y,true,,/github/workspace/logsheets/filtered/water_sampling.csv,XSDBoolean,False
datatype mismatch,ws,membr_cut,9,N,false,,/github/workspace/logsheets/filtered/water_sampling.csv,XSDBoolean,False
datatype mismatch,ws,membr_cut,10,N,false,,/github/workspace/logsheets/filtered/water_sampling.csv,XSDBoolean,False
datatype mismatch,ws,membr_cut,11,N,false,,/github/workspace/logsheets/filtered/water_sampling.csv,XSDBoolean,False
datatype mismatch,ws,membr_cut,12,N,false,,/github/workspace/logsheets/filtered/water_sampling.csv,XSDBoolean,False
datatype mismatch,ws,membr_cut,13,N,false,,/github/workspace/logsheets/filtered/water_sampling.csv,XSDBoolean,False
datatype mismatch,ws,membr_cut,14,N,false,,/github/workspace/logsheets/filtered/water_sampling.csv,XSDBoolean,False
datatype mismatch,ws,membr_cut,15,N,false,,/github/workspace/logsheets/filtered/water_sampling.csv,XSDBoolean,False
datatype mismatch,ws,membr_cut,16,Y,true,,/github/workspace/logsheets/filtered/water_sampling.csv,XSDBoolean,False
datatype mismatch,ws,membr_cut,17,Y,true,,/github/workspace/logsheets/filtered/water_sampling.csv,XSDBoolean,False
datatype mismatch,ws,membr_cut,18,Y,true,,/github/workspace/logsheets/filtered/water_sampling.csv,XSDBoolean,False
datatype mismatch,ws,membr_cut,19,Y,true,,/github/workspace/logsheets/filtered/water_sampling.csv,XSDBoolean,False
datatype mismatch,ws,membr_cut,20,Y,true,,/github/workspace/logsheets/filtered/water_sampling.csv,XSDBoolean,False
datatype mismatch,ws,membr_cut,21,Y,true,,/github/workspace/logsheets/filtered/water_sampling.csv,XSDBoolean,False
datatype mismatch,ws,membr_cut,22,Y,true,,/github/workspace/logsheets/filtered/water_sampling.csv,XSDBoolean,False
datatype mismatch,ws,membr_cut,23,Y,true,,/github/workspace/logsheets/filtered/water_sampling.csv,XSDBoolean,False
datatype mismatch,ws,membr_cut,24,Y,true,,/github/workspace/logsheets/filtered/water_sampling.csv,XSDBoolean,False
datatype mismatch,ws,membr_cut,25,Y,true,,/github/workspace/logsheets/filtered/water_sampling.csv,XSDBoolean,False
datatype mismatch,ws,membr_cut,26,Y,true,,/github/workspace/logsheets/filtered/water_sampling.csv,XSDBoolean,False
datatype mismatch,ws,membr_cut,27,Y,true,,/github/workspace/logsheets/filtered/water_sampling.csv,XSDBoolean,False
datatype mismatch,ws,membr_cut,28,N,false,,/github/workspace/logsheets/filtered/water_sampling.csv,XSDBoolean,False
datatype mismatch,ws,membr_cut,29,N,false,,/github/workspace/logsheets/filtered/water_sampling.csv,XSDBoolean,False
datatype mismatch,ws,membr_cut,30,N,false,,/github/workspace/logsheets/filtered/water_sampling.csv,XSDBoolean,False
datatype mismatch,ws,membr_cut,31,N,false,,/github/workspace/logsheets/filtered/water_sampling.csv,XSDBoolean,False
datatype mismatch,ws,membr_cut,32,N,false,,/github/workspace/logsheets/filtered/water_sampling.csv,XSDBoolean,False
datatype mismatch,ws,membr_cut,33,N,false,,/github/workspace/logsheets/filtered/water_sampling.csv,XSDBoolean,False
datatype mismatch,ws,membr_cut,34,N,false,,/github/workspace/logsheets/filtered/water_sampling.csv,XSDBoolean,False
datatype mismatch,ws,membr_cut,35,Y,true,,/github/workspace/logsheets/filtered/water_sampling.csv,XSDBoolean,False
datatype mismatch,ws,membr_cut,36,Y,true,,/github/workspace/logsheets/filtered/water_sampling.csv,XSDBoolean,False
datatype mismatch,ws,membr_cut,37,Y,true,,/github/workspace/logsheets/filtered/water_sampling.csv,XSDBoolean,False
datatype mismatch,ws,membr_cut,38,Y,true,,/github/workspace/logsheets/filtered/water_sampling.csv,XSDBoolean,False
datatype mismatch,ws,membr_cut,39,Y,true,,/github/workspace/logsheets/filtered/water_sampling.csv,XSDBoolean,False
datatype mismatch,ws,membr_cut,40,Y,true,,/github/workspace/logsheets/filtered/water_sampling.csv,XSDBoolean,False
datatype mismatch,ws,membr_cut,41,Y,true,,/github/workspace/logsheets/filtered/water_sampling.csv,XSDBoolean,False
datatype mismatch,ws,membr_cut,42,Y,true,,/github/workspace/logsheets/filtered/water_sampling.csv,XSDBoolean,False
datatype mismatch,ws,membr_cut,43,N,false,,/github/workspace/logsheets/filtered/water_sampling.csv,XSDBoolean,False
datatype mismatch,ws,membr_cut,44,N,false,,/github/workspace/logsheets/filtered/water_sampling.csv,XSDBoolean,False
datatype mismatch,ws,membr_cut,45,N,false,,/github/workspace/logsheets/filtered/water_sampling.csv,XSDBoolean,False
datatype mismatch,ws,membr_cut,46,N,false,,/github/workspace/logsheets/filtered/water_sampling.csv,XSDBoolean,False
datatype mismatch,ws,membr_cut,47,N,false,,/github/workspace/logsheets/filtered/water_sampling.csv,XSDBoolean,False
datatype mismatch,ws,membr_cut,48,N,false,,/github/workspace/logsheets/filtered/water_sampling.csv,XSDBoolean,False
datatype mismatch,ws,membr_cut,49,N,false,,/github/workspace/logsheets/filtered/water_sampling.csv,XSDBoolean,False
missing value,ws,membr_cut,350,,,,/github/workspace/logsheets/filtered/water_sampling.csv,XSDBoolean,False
missing value,ws,membr_cut,351,,,,/github/workspace/logsheets/filtered/water_sampling.csv,XSDBoolean,False
missing value,ws,membr_cut,352,,,,/github/workspace/logsheets/filtered/water_sampling.csv,XSDBoolean,False
missing value,ws,membr_cut,353,,,,/github/workspace/logsheets/filtered/water_sampling.csv,XSDBoolean,False
missing value,ws,membr_cut,354,,,,/github/workspace/logsheets/filtered/water_sampling.csv,XSDBoolean,False
missing value,ws,membr_cut,355,,,,/github/workspace/logsheets/filtered/water_sampling.csv,XSDBoolean,False
missing value,ws,membr_cut,356,,,,/github/workspace/logsheets/filtered/water_sampling.csv,XSDBoolean,False
missing value,ws,membr_cut,357,,,,/github/workspace/logsheets/filtered/water_sampling.csv,XSDBoolean,False
missing value,ws,membr_cut,358,,,,/github/workspace/logsheets/filtered/water_sampling.csv,XSDBoolean,False
missing value,ws,membr_cut,359,,,,/github/workspace/logsheets/filtered/water_sampling.csv,XSDBoolean,False
missing value,ws,membr_cut,360,,,,/github/workspace/logsheets/filtered/water_sampling.csv,XSDBoolean,False
missing value,ws,membr_cut,361,,,,/github/workspace/logsheets/filtered/water_sampling.csv,XSDBoolean,False
missing value,ws,membr_cut,362,,,,/github/workspace/logsheets/filtered/water_sampling.csv,XSDBoolean,False
missing value,ws,membr_cut,363,,,,/github/workspace/logsheets/filtered/water_sampling.csv,XSDBoolean,False
missing value,ws,membr_cut,364,,,,/github/workspace/logsheets/filtered/water_sampling.csv,XSDBoolean,False
missing value,ws,membr_cut,365,,,,/github/workspace/logsheets/filtered/water_sampling.csv,XSDBoolean,False
missing value,ws,membr_cut,366,,,,/github/workspace/logsheets/filtered/water_sampling.csv,XSDBoolean,False
missing value,ws,membr_cut,367,,,,/github/workspace/logsheets/filtered/water_sampling.csv,XSDBoolean,False
missing value,ws,membr_cut,368,,,,/github/workspace/logsheets/filtered/water_sampling.csv,XSDBoolean,False
missing value,ws,membr_cut,369,,,,/github/workspace/logsheets/filtered/water_sampling.csv,XSDBoolean,False
missing value,ws,membr_cut,370,,,,/github/workspace/logsheets/filtered/water_sampling.csv,XSDBoolean,False
missing value,ws,membr_cut,371,,,,/github/workspace/logsheets/filtered/water_sampling.csv,XSDBoolean,False
missing value,ws,membr_cut,372,,,,/github/workspace/logsheets/filtered/water_sampling.csv,XSDBoolean,False
missing value,ws,membr_cut,373,,,,/github/workspace/logsheets/filtered/water_sampling.csv,XSDBoolean,False
missing value,ws,membr_cut,374,,,,/github/workspace/logsheets/filtered/water_sampling.csv,XSDBoolean,False
missing value,ws,membr_cut,375,,,,/github/workspace/logsheets/filtered/water_sampling.csv,XSDBoolean,False
missing value,ws,membr_cut,376,,,,/github/workspace/logsheets/filtered/water_sampling.csv,XSDBoolean,False
missing value,ws,membr_cut,377,,,,/github/workspace/logsheets/filtered/water_sampling.csv,XSDBoolean,False
missing value,ws,membr_cut,378,,,,/github/workspace/logsheets/filtered/water_sampling.csv,XSDBoolean,False
missing value,ws,membr_cut,379,,,,/github/workspace/logsheets/filtered/water_sampling.csv,XSDBoolean,False
missing value,ws,membr_cut,380,,,,/github/workspace/logsheets/filtered/water_sampling.csv,XSDBoolean,False
missing value,ws,membr_cut,381,,,,/github/workspace/logsheets/filtered/water_sampling.csv,XSDBoolean,False
missing value,ws,membr_cut,382,,,,/github/workspace/logsheets/filtered/water_sampling.csv,XSDBoolean,False
missing value,ws,membr_cut,383,,,,/github/workspace/logsheets/filtered/water_sampling.csv,XSDBoolean,False
missing value,ws,membr_cut,384,,,,/github/workspace/logsheets/filtered/water_sampling.csv,XSDBoolean,False
missing value,ws,membr_cut,385,,,,/github/workspace/logsheets/filtered/water_sampling.csv,XSDBoolean,False
missing value,ws,membr_cut,386,,,,/github/workspace/logsheets/filtered/water_sampling.csv,XSDBoolean,False
missing value,ws,membr_cut,387,,,,/github/workspace/logsheets/filtered/water_sampling.csv,XSDBoolean,False
missing value,ws,membr_cut,388,,,,/github/workspace/logsheets/filtered/water_sampling.csv,XSDBoolean,False
missing value,ws,membr_cut,389,,,,/github/workspace/logsheets/filtered/water_sampling.csv,XSDBoolean,False
missing value,ws,membr_cut,390,,,,/github/workspace/logsheets/filtered/water_sampling.csv,XSDBoolean,False
missing value,ws,membr_cut,391,,,,/github/workspace/logsheets/filtered/water_sampling.csv,XSDBoolean,False
missing value,ws,samp_collect_device,9,,,,/github/workspace/logsheets/filtered/water_sampling.csv,XSDString,False
missing value,ws,samp_collect_device,10,,,,/github/workspace/logsheets/filtered/water_sampling.csv,XSDString,False
missing value,ws,samp_collect_device,28,,,,/github/workspace/logsheets/filtered/water_sampling.csv,XSDString,False
missing value,ws,samp_collect_device,29,,,,/github/workspace/logsheets/filtered/water_sampling.csv,XSDString,False
missing value,ws,samp_collect_device,43,,,,/github/workspace/logsheets/filtered/water_sampling.csv,XSDString,False
missing value,ws,samp_collect_device,44,,,,/github/workspace/logsheets/filtered/water_sampling.csv,XSDString,False
missing value,ws,samp_collect_device,350,,,,/github/workspace/logsheets/filtered/water_sampling.csv,XSDString,False
missing value,ws,samp_collect_device,351,,,,/github/workspace/logsheets/filtered/water_sampling.csv,XSDString,False
missing value,ws,samp_collect_device,352,,,,/github/workspace/logsheets/filtered/water_sampling.csv,XSDString,False
missing value,ws,samp_collect_device,353,,,,/github/workspace/logsheets/filtered/water_sampling.csv,XSDString,False
missing value,ws,samp_collect_device,354,,,,/github/workspace/logsheets/filtered/water_sampling.csv,XSDString,False
missing value,ws,samp_collect_device,355,,,,/github/workspace/logsheets/filtered/water_sampling.csv,XSDString,False
missing value,ws,samp_collect_device,356,,,,/github/workspace/logsheets/filtered/water_sampling.csv,XSDString,False
missing value,ws,samp_collect_device,357,,,,/github/workspace/logsheets/filtered/water_sampling.csv,XSDString,False
missing value,ws,samp_collect_device,358,,,,/github/workspace/logsheets/filtered/water_sampling.csv,XSDString,False
missing value,ws,samp_collect_device,359,,,,/github/workspace/logsheets/filtered/water_sampling.csv,XSDString,False
missing value,ws,samp_collect_device,360,,,,/github/workspace/logsheets/filtered/water_sampling.csv,XSDString,False
missing value,ws,samp_collect_device,361,,,,/github/workspace/logsheets/filtered/water_sampling.csv,XSDString,False
missing value,ws,samp_collect_device,362,,,,/github/workspace/logsheets/filtered/water_sampling.csv,XSDString,False
missing value,ws,samp_collect_device,363,,,,/github/workspace/logsheets/filtered/water_sampling.csv,XSDString,False
missing value,ws,samp_collect_device,364,,,,/github/workspace/logsheets/filtered/water_sampling.csv,XSDString,False
missing value,ws,samp_collect_device,365,,,,/github/workspace/logsheets/filtered/water_sampling.csv,XSDString,False
missing value,ws,samp_collect_device,366,,,,/github/workspace/logsheets/filtered/water_sampling.csv,XSDString,False
missing value,ws,samp_collect_device,367,,,,/github/workspace/logsheets/filtered/water_sampling.csv,XSDString,False
missing value,ws,samp_collect_device,368,,,,/github/workspace/logsheets/filtered/water_sampling.csv,XSDString,False
missing value,ws,samp_collect_device,369,,,,/github/workspace/logsheets/filtered/water_sampling.csv,XSDString,False
missing value,ws,samp_collect_device,370,,,,/github/workspace/logsheets/filtered/water_sampling.csv,XSDString,False
missing value,ws,samp_collect_device,371,,,,/github/workspace/logsheets/filtered/water_sampling.csv,XSDString,False
missing value,ws,samp_collect_device,372,,,,/github/workspace/logsheets/filtered/water_sampling.csv,XSDString,False
missing value,ws,samp_collect_device,373,,,,/github/workspace/logsheets/filtered/water_sampling.csv,XSDString,False
missing value,ws,samp_collect_device,374,,,,/github/workspace/logsheets/filtered/water_sampling.csv,XSDString,False
missing value,ws,samp_collect_device,375,,,,/github/workspace/logsheets/filtered/water_sampling.csv,XSDString,False
missing value,ws,samp_collect_device,376,,,,/github/workspace/logsheets/filtered/water_sampling.csv,XSDString,False
missing value,ws,samp_collect_device,377,,,,/github/workspace/logsheets/filtered/water_sampling.csv,XSDString,False
missing value,ws,samp_collect_device,378,,,,/github/workspace/logsheets/filtered/water_sampling.csv,XSDString,False
missing value,ws,samp_collect_device,379,,,,/github/workspace/logsheets/filtered/water_sampling.csv,XSDString,False
missing value,ws,samp_collect_device,380,,,,/github/workspace/logsheets/filtered/water_sampling.csv,XSDString,False
missing value,ws,samp_collect_device,381,,,,/github/workspace/logsheets/filtered/water_sampling.csv,XSDString,False
missing value,ws,samp_collect_device,382,,,,/github/workspace/logsheets/filtered/water_sampling.csv,XSDString,False
missing value,ws,samp_collect_device,383,,,,/github/workspace/logsheets/filtered/water_sampling.csv,XSDString,False
missing value,ws,samp_collect_device,384,,,,/github/workspace/logsheets/filtered/water_sampling.csv,XSDString,False
missing value,ws,samp_collect_device,385,,,,/github/workspace/logsheets/filtered/water_sampling.csv,XSDString,False
missing value,ws,samp_collect_device,386,,,,/github/workspace/logsheets/filtered/water_sampling.csv,XSDString,False
missing value,ws,samp_collect_device,387,,,,/github/workspace/logsheets/filtered/water_sampling.csv,XSDString,False
missing value,ws,samp_collect_device,388,,,,/github/workspace/logsheets/filtered/water_sampling.csv,XSDString,False
missing value,ws,samp_collect_device,389,,,,/github/workspace/logsheets/filtered/water_sampling.csv,XSDString,False
missing value,ws,samp_collect_device,390,,,,/github/workspace/logsheets/filtered/water_sampling.csv,XSDString,False
missing value,ws,samp_collect_device,391,,,,/github/workspace/logsheets/filtered/water_sampling.csv,XSDString,False
missing value,ws,samp_description,350,,,,/github/workspace/logsheets/filtered/water_sampling.csv,XSDString,False
missing value,ws,samp_description,351,,,,/github/workspace/logsheets/filtered/water_sampling.csv,XSDString,False
missing value,ws,samp_description,352,,,,/github/workspace/logsheets/filtered/water_sampling.csv,XSDString,False
missing value,ws,samp_description,353,,,,/github/workspace/logsheets/filtered/water_sampling.csv,XSDString,False
missing value,ws,samp_description,354,,,,/github/workspace/logsheets/filtered/water_sampling.csv,XSDString,False
missing value,ws,samp_description,355,,,,/github/workspace/logsheets/filtered/water_sampling.csv,XSDString,False
missing value,ws,samp_description,356,,,,/github/workspace/logsheets/filtered/water_sampling.csv,XSDString,False
missing value,ws,samp_description,357,,,,/github/workspace/logsheets/filtered/water_sampling.csv,XSDString,False
missing value,ws,samp_description,358,,,,/github/workspace/logsheets/filtered/water_sampling.csv,XSDString,False
missing value,ws,samp_description,359,,,,/github/workspace/logsheets/filtered/water_sampling.csv,XSDString,False
missing value,ws,samp_description,360,,,,/github/workspace/logsheets/filtered/water_sampling.csv,XSDString,False
missing value,ws,samp_description,361,,,,/github/workspace/logsheets/filtered/water_sampling.csv,XSDString,False
missing value,ws,samp_description,362,,,,/github/workspace/logsheets/filtered/water_sampling.csv,XSDString,False
missing value,ws,samp_description,363,,,,/github/workspace/logsheets/filtered/water_sampling.csv,XSDString,False
missing value,ws,samp_description,364,,,,/github/workspace/logsheets/filtered/water_sampling.csv,XSDString,False
missing value,ws,samp_description,365,,,,/github/workspace/logsheets/filtered/water_sampling.csv,XSDString,False
missing value,ws,samp_description,366,,,,/github/workspace/logsheets/filtered/water_sampling.csv,XSDString,False
missing value,ws,samp_description,367,,,,/github/workspace/logsheets/filtered/water_sampling.csv,XSDString,False
missing value,ws,samp_description,368,,,,/github/workspace/logsheets/filtered/water_sampling.csv,XSDString,False
missing value,ws,samp_description,369,,,,/github/workspace/logsheets/filtered/water_sampling.csv,XSDString,False
missing value,ws,samp_description,370,,,,/github/workspace/logsheets/filtered/water_sampling.csv,XSDString,False
missing value,ws,samp_description,371,,,,/github/workspace/logsheets/filtered/water_sampling.csv,XSDString,False
missing value,ws,samp_description,372,,,,/github/workspace/logsheets/filtered/water_sampling.csv,XSDString,False
missing value,ws,samp_description,373,,,,/github/workspace/logsheets/filtered/water_sampling.csv,XSDString,False
missing value,ws,samp_description,374,,,,/github/workspace/logsheets/filtered/water_sampling.csv,XSDString,False
missing value,ws,samp_description,375,,,,/github/workspace/logsheets/filtered/water_sampling.csv,XSDString,False
missing value,ws,samp_description,376,,,,/github/workspace/logsheets/filtered/water_sampling.csv,XSDString,False
missing value,ws,samp_description,377,,,,/github/workspace/logsheets/filtered/water_sampling.csv,XSDString,False
missing value,ws,samp_description,378,,,,/github/workspace/logsheets/filtered/water_sampling.csv,XSDString,False
missing value,ws,samp_description,379,,,,/github/workspace/logsheets/filtered/water_sampling.csv,XSDString,False
missing value,ws,samp_description,380,,,,/github/workspace/logsheets/filtered/water_sampling.csv,XSDString,False
missing value,ws,samp_description,381,,,,/github/workspace/logsheets/filtered/water_sampling.csv,XSDString,False
missing value,ws,samp_description,382,,,,/github/workspace/logsheets/filtered/water_sampling.csv,XSDString,False
missing value,ws,samp_description,383,,,,/github/workspace/logsheets/filtered/water_sampling.csv,XSDString,False
missing value,ws,samp_description,384,,,,/github/workspace/logsheets/filtered/water_sampling.csv,XSDString,False
missing value,ws,samp_description,385,,,,/github/workspace/logsheets/filtered/water_sampling.csv,XSDString,False
missing value,ws,samp_description,386,,,,/github/workspace/logsheets/filtered/water_sampling.csv,XSDString,False
missing value,ws,samp_description,387,,,,/github/workspace/logsheets/filtered/water_sampling.csv,XSDString,False
missing value,ws,samp_description,388,,,,/github/workspace/logsheets/filtered/water_sampling.csv,XSDString,False
missing value,ws,samp_description,389,,,,/github/workspace/logsheets/filtered/water_sampling.csv,XSDString,False
missing value,ws,samp_description,390,,,,/github/workspace/logsheets/filtered/water_sampling.csv,XSDString,False
missing value,ws,samp_description,391,,,,/github/workspace/logsheets/filtered/water_sampling.csv,XSDString,False
missing value,ws,samp_mat_process,350,,,,/github/workspace/logsheets/filtered/water_sampling.csv,XSDString,False
missing value,ws,samp_mat_process,351,,,,/github/workspace/logsheets/filtered/water_sampling.csv,XSDString,False
missing value,ws,samp_mat_process,352,,,,/github/workspace/logsheets/filtered/water_sampling.csv,XSDString,False
missing value,ws,samp_mat_process,353,,,,/github/workspace/logsheets/filtered/water_sampling.csv,XSDString,False
missing value,ws,samp_mat_process,354,,,,/github/workspace/logsheets/filtered/water_sampling.csv,XSDString,False
missing value,ws,samp_mat_process,355,,,,/github/workspace/logsheets/filtered/water_sampling.csv,XSDString,False
missing value,ws,samp_mat_process,356,,,,/github/workspace/logsheets/filtered/water_sampling.csv,XSDString,False
missing value,ws,samp_mat_process,357,,,,/github/workspace/logsheets/filtered/water_sampling.csv,XSDString,False
missing value,ws,samp_mat_process,358,,,,/github/workspace/logsheets/filtered/water_sampling.csv,XSDString,False
missing value,ws,samp_mat_process,359,,,,/github/workspace/logsheets/filtered/water_sampling.csv,XSDString,False
missing value,ws,samp_mat_process,360,,,,/github/workspace/logsheets/filtered/water_sampling.csv,XSDString,False
missing value,ws,samp_mat_process,361,,,,/github/workspace/logsheets/filtered/water_sampling.csv,XSDString,False
missing value,ws,samp_mat_process,362,,,,/github/workspace/logsheets/filtered/water_sampling.csv,XSDString,False
missing value,ws,samp_mat_process,363,,,,/github/workspace/logsheets/filtered/water_sampling.csv,XSDString,False
missing value,ws,samp_mat_process,364,,,,/github/workspace/logsheets/filtered/water_sampling.csv,XSDString,False
missing value,ws,samp_mat_process,365,,,,/github/workspace/logsheets/filtered/water_sampling.csv,XSDString,False
missing value,ws,samp_mat_process,366,,,,/github/workspace/logsheets/filtered/water_sampling.csv,XSDString,False
missing value,ws,samp_mat_process,367,,,,/github/workspace/logsheets/filtered/water_sampling.csv,XSDString,False
missing value,ws,samp_mat_process,368,,,,/github/workspace/logsheets/filtered/water_sampling.csv,XSDString,False
missing value,ws,samp_mat_process,369,,,,/github/workspace/logsheets/filtered/water_sampling.csv,XSDString,False
missing value,ws,samp_mat_process,370,,,,/github/workspace/logsheets/filtered/water_sampling.csv,XSDString,False
missing value,ws,samp_mat_process,371,,,,/github/workspace/logsheets/filtered/water_sampling.csv,XSDString,False
missing value,ws,samp_mat_process,372,,,,/github/workspace/logsheets/filtered/water_sampling.csv,XSDString,False
missing value,ws,samp_mat_process,373,,,,/github/workspace/logsheets/filtered/water_sampling.csv,XSDString,False
missing value,ws,samp_mat_process,374,,,,/github/workspace/logsheets/filtered/water_sampling.csv,XSDString,False
missing value,ws,samp_mat_process,375,,,,/github/workspace/logsheets/filtered/water_sampling.csv,XSDString,False
missing value,ws,samp_mat_process,376,,,,/github/workspace/logsheets/filtered/water_sampling.csv,XSDString,False
missing value,ws,samp_mat_process,377,,,,/github/workspace/logsheets/filtered/water_sampling.csv,XSDString,False
missing value,ws,samp_mat_process,378,,,,/github/workspace/logsheets/filtered/water_sampling.csv,XSDString,False
missing value,ws,samp_mat_process,379,,,,/github/workspace/logsheets/filtered/water_sampling.csv,XSDString,False
missing value,ws,samp_mat_process,380,,,,/github/workspace/logsheets/filtered/water_sampling.csv,XSDString,False
missing value,ws,samp_mat_process,381,,,,/github/workspace/logsheets/filtered/water_sampling.csv,XSDString,False
missing value,ws,samp_mat_process,382,,,,/github/workspace/logsheets/filtered/water_sampling.csv,XSDString,False
missing value,ws,samp_mat_process,383,,,,/github/workspace/logsheets/filtered/water_sampling.csv,XSDString,False
missing value,ws,samp_mat_process,384,,,,/github/workspace/logsheets/filtered/water_sampling.csv,XSDString,False
missing value,ws,samp_mat_process,385,,,,/github/workspace/logsheets/filtered/water_sampling.csv,XSDString,False
missing value,ws,samp_mat_process,386,,,,/github/workspace/logsheets/filtered/water_sampling.csv,XSDString,False
missing value,ws,samp_mat_process,387,,,,/github/workspace/logsheets/filtered/water_sampling.csv,XSDString,False
missing value,ws,samp_mat_process,388,,,,/github/workspace/logsheets/filtered/water_sampling.csv,XSDString,False
missing value,ws,samp_mat_process,389,,,,/github/workspace/logsheets/filtered/water_sampling.csv,XSDString,False
missing value,ws,samp_mat_process,390,,,,/github/workspace/logsheets/filtered/water_sampling.csv,XSDString,False
missing value,ws,samp_mat_process,391,,,,/github/workspace/logsheets/filtered/water_sampling.csv,XSDString,False
missing value,ws,samp_mat_process_dev,350,,,,/github/workspace/logsheets/filtered/water_sampling.csv,XSDString,False
missing value,ws,samp_mat_process_dev,351,,,,/github/workspace/logsheets/filtered/water_sampling.csv,XSDString,False
missing value,ws,samp_mat_process_dev,352,,,,/github/workspace/logsheets/filtered/water_sampling.csv,XSDString,False
missing value,ws,samp_mat_process_dev,353,,,,/github/workspace/logsheets/filtered/water_sampling.csv,XSDString,False
missing value,ws,samp_mat_process_dev,354,,,,/github/workspace/logsheets/filtered/water_sampling.csv,XSDString,False
missing value,ws,samp_mat_process_dev,355,,,,/github/workspace/logsheets/filtered/water_sampling.csv,XSDString,False
missing value,ws,samp_mat_process_dev,356,,,,/github/workspace/logsheets/filtered/water_sampling.csv,XSDString,False
missing value,ws,samp_mat_process_dev,357,,,,/github/workspace/logsheets/filtered/water_sampling.csv,XSDString,False
missing value,ws,samp_mat_process_dev,358,,,,/github/workspace/logsheets/filtered/water_sampling.csv,XSDString,False
missing value,ws,samp_mat_process_dev,359,,,,/github/workspace/logsheets/filtered/water_sampling.csv,XSDString,False
missing value,ws,samp_mat_process_dev,360,,,,/github/workspace/logsheets/filtered/water_sampling.csv,XSDString,False
missing value,ws,samp_mat_process_dev,361,,,,/github/workspace/logsheets/filtered/water_sampling.csv,XSDString,False
missing value,ws,samp_mat_process_dev,362,,,,/github/workspace/logsheets/filtered/water_sampling.csv,XSDString,False
missing value,ws,samp_mat_process_dev,363,,,,/github/workspace/logsheets/filtered/water_sampling.csv,XSDString,False
missing value,ws,samp_mat_process_dev,364,,,,/github/workspace/logsheets/filtered/water_sampling.csv,XSDString,False
missing value,ws,samp_mat_process_dev,365,,,,/github/workspace/logsheets/filtered/water_sampling.csv,XSDString,False
missing value,ws,samp_mat_process_dev,366,,,,/github/workspace/logsheets/filtered/water_sampling.csv,XSDString,False
missing value,ws,samp_mat_process_dev,367,,,,/github/workspace/logsheets/filtered/water_sampling.csv,XSDString,False
missing value,ws,samp_mat_process_dev,368,,,,/github/workspace/logsheets/filtered/water_sampling.csv,XSDString,False
missing value,ws,samp_mat_process_dev,369,,,,/github/workspace/logsheets/filtered/water_sampling.csv,XSDString,False
missing value,ws,samp_mat_process_dev,370,,,,/github/workspace/logsheets/filtered/water_sampling.csv,XSDString,False
missing value,ws,samp_mat_process_dev,371,,,,/github/workspace/logsheets/filtered/water_sampling.csv,XSDString,False
missing value,ws,samp_mat_process_dev,372,,,,/github/workspace/logsheets/filtered/water_sampling.csv,XSDString,False
missing value,ws,samp_mat_process_dev,373,,,,/github/workspace/logsheets/filtered/water_sampling.csv,XSDString,False
missing value,ws,samp_mat_process_dev,374,,,,/github/workspace/logsheets/filtered/water_sampling.csv,XSDString,False
missing value,ws,samp_mat_process_dev,375,,,,/github/workspace/logsheets/filtered/water_sampling.csv,XSDString,False
missing value,ws,samp_mat_process_dev,376,,,,/github/workspace/logsheets/filtered/water_sampling.csv,XSDString,False
missing value,ws,samp_mat_process_dev,377,,,,/github/workspace/logsheets/filtered/water_sampling.csv,XSDString,False
missing value,ws,samp_mat_process_dev,378,,,,/github/workspace/logsheets/filtered/water_sampling.csv,XSDString,False
missing value,ws,samp_mat_process_dev,379,,,,/github/workspace/logsheets/filtered/water_sampling.csv,XSDString,False
missing value,ws,samp_mat_process_dev,380,,,,/github/workspace/logsheets/filtered/water_sampling.csv,XSDString,False
missing value,ws,samp_mat_process_dev,381,,,,/github/workspace/logsheets/filtered/water_sampling.csv,XSDString,False
missing value,ws,samp_mat_process_dev,382,,,,/github/workspace/logsheets/filtered/water_sampling.csv,XSDString,False
missing value,ws,samp_mat_process_dev,383,,,,/github/workspace/logsheets/filtered/water_sampling.csv,XSDString,False
missing value,ws,samp_mat_process_dev,384,,,,/github/workspace/logsheets/filtered/water_sampling.csv,XSDString,False
missing value,ws,samp_mat_process_dev,385,,,,/github/workspace/logsheets/filtered/water_sampling.csv,XSDString,False
missing value,ws,samp_mat_process_dev,386,,,,/github/workspace/logsheets/filtered/water_sampling.csv,XSDString,False
missing value,ws,samp_mat_process_dev,387,,,,/github/workspace/logsheets/filtered/water_sampling.csv,XSDString,False
missing value,ws,samp_mat_process_dev,388,,,,/github/workspace/logsheets/filtered/water_sampling.csv,XSDString,False
missing value,ws,samp_mat_process_dev,389,,,,/github/workspace/logsheets/filtered/water_sampling.csv,XSDString,False
missing value,ws,samp_mat_process_dev,390,,,,/github/workspace/logsheets/filtered/water_sampling.csv,XSDString,False
missing value,ws,samp_mat_process_dev,391,,,,/github/workspace/logsheets/filtered/water_sampling.csv,XSDString,False
missing value,ws,samp_store_loc,1,,,,/github/workspace/logsheets/filtered/water_sampling.csv,XSDString,False
missing value,ws,samp_store_loc,2,,,,/github/workspace/logsheets/filtered/water_sampling.csv,XSDString,False
missing value,ws,samp_store_loc,5,,,,/github/workspace/logsheets/filtered/water_sampling.csv,XSDString,False
missing value,ws,samp_store_loc,6,,,,/github/workspace/logsheets/filtered/water_sampling.csv,XSDString,False
missing value,ws,samp_store_loc,11,,,,/github/workspace/logsheets/filtered/water_sampling.csv,XSDString,False
missing value,ws,samp_store_loc,12,,,,/github/workspace/logsheets/filtered/water_sampling.csv,XSDString,False
missing value,ws,samp_store_loc,20,,,,/github/workspace/logsheets/filtered/water_sampling.csv,XSDString,False
missing value,ws,samp_store_loc,21,,,,/github/workspace/logsheets/filtered/water_sampling.csv,XSDString,False
missing value,ws,samp_store_loc,24,,,,/github/workspace/logsheets/filtered/water_sampling.csv,XSDString,False
missing value,ws,samp_store_loc,25,,,,/github/workspace/logsheets/filtered/water_sampling.csv,XSDString,False
missing value,ws,samp_store_loc,30,,,,/github/workspace/logsheets/filtered/water_sampling.csv,XSDString,False
missing value,ws,samp_store_loc,31,,,,/github/workspace/logsheets/filtered/water_sampling.csv,XSDString,False
missing value,ws,samp_store_loc,35,,,,/github/workspace/logsheets/filtered/water_sampling.csv,XSDString,False
missing value,ws,samp_store_loc,36,,,,/github/workspace/logsheets/filtered/water_sampling.csv,XSDString,False
missing value,ws,samp_store_loc,39,,,,/github/workspace/logsheets/filtered/water_sampling.csv,XSDString,False
missing value,ws,samp_store_loc,40,,,,/github/workspace/logsheets/filtered/water_sampling.csv,XSDString,False
missing value,ws,samp_store_loc,45,,,,/github/workspace/logsheets/filtered/water_sampling.csv,XSDString,False
missing value,ws,samp_store_loc,46,,,,/github/workspace/logsheets/filtered/water_sampling.csv,XSDString,False
missing value,ws,samp_store_loc,350,,,,/github/workspace/logsheets/filtered/water_sampling.csv,XSDString,False
missing value,ws,samp_store_loc,351,,,,/github/workspace/logsheets/filtered/water_sampling.csv,XSDString,False
missing value,ws,samp_store_loc,352,,,,/github/workspace/logsheets/filtered/water_sampling.csv,XSDString,False
missing value,ws,samp_store_loc,353,,,,/github/workspace/logsheets/filtered/water_sampling.csv,XSDString,False
missing value,ws,samp_store_loc,354,,,,/github/workspace/logsheets/filtered/water_sampling.csv,XSDString,False
missing value,ws,samp_store_loc,355,,,,/github/workspace/logsheets/filtered/water_sampling.csv,XSDString,False
missing value,ws,samp_store_loc,356,,,,/github/workspace/logsheets/filtered/water_sampling.csv,XSDString,False
missing value,ws,samp_store_loc,357,,,,/github/workspace/logsheets/filtered/water_sampling.csv,XSDString,False
missing value,ws,samp_store_loc,358,,,,/github/workspace/logsheets/filtered/water_sampling.csv,XSDString,False
missing value,ws,samp_store_loc,359,,,,/github/workspace/logsheets/filtered/water_sampling.csv,XSDString,False
missing value,ws,samp_store_loc,360,,,,/github/workspace/logsheets/filtered/water_sampling.csv,XSDString,False
missing value,ws,samp_store_loc,361,,,,/github/workspace/logsheets/filtered/water_sampling.csv,XSDString,False
missing value,ws,samp_store_loc,362,,,,/github/workspace/logsheets/filtered/water_sampling.csv,XSDString,False
missing value,ws,samp_store_loc,363,,,,/github/workspace/logsheets/filtered/water_sampling.csv,XSDString,False
missing value,ws,samp_store_loc,364,,,,/github/workspace/logsheets/filtered/water_sampling.csv,XSDString,False
missing value,ws,samp_store_loc,365,,,,/github/workspace/logsheets/filtered/water_sampling.csv,XSDString,False
missing value,ws,samp_store_loc,366,,,,/github/workspace/logsheets/filtered/water_sampling.csv,XSDString,False
missing value,ws,samp_store_loc,367,,,,/github/workspace/logsheets/filtered/water_sampling.csv,XSDString,False
missing value,ws,samp_store_loc,368,,,,/github/workspace/logsheets/filtered/water_sampling.csv,XSDString,False
missing value,ws,samp_store_loc,369,,,,/github/workspace/logsheets/filtered/water_sampling.csv,XSDString,False
missing value,ws,samp_store_loc,370,,,,/github/workspace/logsheets/filtered/water_sampling.csv,XSDString,False
missing value,ws,samp_store_loc,371,,,,/github/workspace/logsheets/filtered/water_sampling.csv,XSDString,False
missing value,ws,samp_store_loc,372,,,,/github/workspace/logsheets/filtered/water_sampling.csv,XSDString,False
missing value,ws,samp_store_loc,373,,,,/github/workspace/logsheets/filtered/water_sampling.csv,XSDString,False
missing value,ws,samp_store_loc,374,,,,/github/workspace/logsheets/filtered/water_sampling.csv,XSDString,False
missing value,ws,samp_store_loc,375,,,,/github/workspace/logsheets/filtered/water_sampling.csv,XSDString,False
missing value,ws,samp_store_loc,376,,,,/github/workspace/logsheets/filtered/water_sampling.csv,XSDString,False
missing value,ws,samp_store_loc,377,,,,/github/workspace/logsheets/filtered/water_sampling.csv,XSDString,False
missing value,ws,samp_store_loc,378,,,,/github/workspace/logsheets/filtered/water_sampling.csv,XSDString,False
missing value,ws,samp_store_loc,379,,,,/github/workspace/logsheets/filtered/water_sampling.csv,XSDString,False
missing value,ws,samp_store_loc,380,,,,/github/workspace/logsheets/filtered/water_sampling.csv,XSDString,False
missing value,ws,samp_store_loc,381,,,,/github/workspace/logsheets/filtered/water_sampling.csv,XSDString,False
missing value,ws,samp_store_loc,382,,,,/github/workspace/logsheets/filtered/water_sampling.csv,XSDString,False
missing value,ws,samp_store_loc,383,,,,/github/workspace/logsheets/filtered/water_sampling.csv,XSDString,False
missing value,ws,samp_store_loc,384,,,,/github/workspace/logsheets/filtered/water_sampling.csv,XSDString,False
missing value,ws,samp_store_loc,385,,,,/github/workspace/logsheets/filtered/water_sampling.csv,XSDString,False
missing value,ws,samp_store_loc,386,,,,/github/workspace/logsheets/filtered/water_sampling.csv,XSDString,False
missing value,ws,samp_store_loc,387,,,,/github/workspace/logsheets/filtered/water_sampling.csv,XSDString,False
missing value,ws,samp_store_loc,388,,,,/github/workspace/logsheets/filtered/water_sampling.csv,XSDString,False
missing value,ws,samp_store_loc,389,,,,/github/workspace/logsheets/filtered/water_sampling.csv,XSDString,False
missing value,ws,samp_store_loc,390,,,,/github/workspace/logsheets/filtered/water_sampling.csv,XSDString,False
missing value,ws,samp_store_loc,391,,,,/github/workspace/logsheets/filtered/water_sampling.csv,XSDString,False
missing value,ws,samp_store_temp,350,,,,/github/workspace/logsheets/filtered/water_sampling.csv,XSDString,False
missing value,ws,samp_store_temp,351,,,,/github/workspace/logsheets/filtered/water_sampling.csv,XSDString,False
missing value,ws,samp_store_temp,352,,,,/github/workspace/logsheets/filtered/water_sampling.csv,XSDString,False
missing value,ws,samp_store_temp,353,,,,/github/workspace/logsheets/filtered/water_sampling.csv,XSDString,False
missing value,ws,samp_store_temp,354,,,,/github/workspace/logsheets/filtered/water_sampling.csv,XSDString,False
missing value,ws,samp_store_temp,355,,,,/github/workspace/logsheets/filtered/water_sampling.csv,XSDString,False
missing value,ws,samp_store_temp,356,,,,/github/workspace/logsheets/filtered/water_sampling.csv,XSDString,False
missing value,ws,samp_store_temp,357,,,,/github/workspace/logsheets/filtered/water_sampling.csv,XSDString,False
missing value,ws,samp_store_temp,358,,,,/github/workspace/logsheets/filtered/water_sampling.csv,XSDString,False
missing value,ws,samp_store_temp,359,,,,/github/workspace/logsheets/filtered/water_sampling.csv,XSDString,False
missing value,ws,samp_store_temp,360,,,,/github/workspace/logsheets/filtered/water_sampling.csv,XSDString,False
missing value,ws,samp_store_temp,361,,,,/github/workspace/logsheets/filtered/water_sampling.csv,XSDString,False
missing value,ws,samp_store_temp,362,,,,/github/workspace/logsheets/filtered/water_sampling.csv,XSDString,False
missing value,ws,samp_store_temp,363,,,,/github/workspace/logsheets/filtered/water_sampling.csv,XSDString,False
missing value,ws,samp_store_temp,364,,,,/github/workspace/logsheets/filtered/water_sampling.csv,XSDString,False
missing value,ws,samp_store_temp,365,,,,/github/workspace/logsheets/filtered/water_sampling.csv,XSDString,False
missing value,ws,samp_store_temp,366,,,,/github/workspace/logsheets/filtered/water_sampling.csv,XSDString,False
missing value,ws,samp_store_temp,367,,,,/github/workspace/logsheets/filtered/water_sampling.csv,XSDString,False
missing value,ws,samp_store_temp,368,,,,/github/workspace/logsheets/filtered/water_sampling.csv,XSDString,False
missing value,ws,samp_store_temp,369,,,,/github/workspace/logsheets/filtered/water_sampling.csv,XSDString,False
missing value,ws,samp_store_temp,370,,,,/github/workspace/logsheets/filtered/water_sampling.csv,XSDString,False
missing value,ws,samp_store_temp,371,,,,/github/workspace/logsheets/filtered/water_sampling.csv,XSDString,False
missing value,ws,samp_store_temp,372,,,,/github/workspace/logsheets/filtered/water_sampling.csv,XSDString,False
missing value,ws,samp_store_temp,373,,,,/github/workspace/logsheets/filtered/water_sampling.csv,XSDString,False
missing value,ws,samp_store_temp,374,,,,/github/workspace/logsheets/filtered/water_sampling.csv,XSDString,False
missing value,ws,samp_store_temp,375,,,,/github/workspace/logsheets/filtered/water_sampling.csv,XSDString,False
missing value,ws,samp_store_temp,376,,,,/github/workspace/logsheets/filtered/water_sampling.csv,XSDString,False
missing value,ws,samp_store_temp,377,,,,/github/workspace/logsheets/filtered/water_sampling.csv,XSDString,False
missing value,ws,samp_store_temp,378,,,,/github/workspace/logsheets/filtered/water_sampling.csv,XSDString,False
missing value,ws,samp_store_temp,379,,,,/github/workspace/logsheets/filtered/water_sampling.csv,XSDString,False
missing value,ws,samp_store_temp,380,,,,/github/workspace/logsheets/filtered/water_sampling.csv,XSDString,False
missing value,ws,samp_store_temp,381,,,,/github/workspace/logsheets/filtered/water_sampling.csv,XSDString,False
missing value,ws,samp_store_temp,382,,,,/github/workspace/logsheets/filtered/water_sampling.csv,XSDString,False
missing value,ws,samp_store_temp,383,,,,/github/workspace/logsheets/filtered/water_sampling.csv,XSDString,False
missing value,ws,samp_store_temp,384,,,,/github/workspace/logsheets/filtered/water_sampling.csv,XSDString,False
missing value,ws,samp_store_temp,385,,,,/github/workspace/logsheets/filtered/water_sampling.csv,XSDString,False
missing value,ws,samp_store_temp,386,,,,/github/workspace/logsheets/filtered/water_sampling.csv,XSDString,False
missing value,ws,samp_store_temp,387,,,,/github/workspace/logsheets/filtered/water_sampling.csv,XSDString,False
missing value,ws,samp_store_temp,388,,,,/github/workspace/logsheets/filtered/water_sampling.csv,XSDString,False
missing value,ws,samp_store_temp,389,,,,/github/workspace/logsheets/filtered/water_sampling.csv,XSDString,False
missing value,ws,samp_store_temp,390,,,,/github/workspace/logsheets/filtered/water_sampling.csv,XSDString,False
missing value,ws,samp_store_temp,391,,,,/github/workspace/logsheets/filtered/water_sampling.csv,XSDString,False
missing value,ws,samp_size_vol,350,,,,/github/workspace/logsheets/filtered/water_sampling.csv,XSDDouble,False
missing value,ws,samp_size_vol,351,,,,/github/workspace/logsheets/filtered/water_sampling.csv,XSDDouble,False
missing value,ws,samp_size_vol,352,,,,/github/workspace/logsheets/filtered/water_sampling.csv,XSDDouble,False
missing value,ws,samp_size_vol,353,,,,/github/workspace/logsheets/filtered/water_sampling.csv,XSDDouble,False
missing value,ws,samp_size_vol,354,,,,/github/workspace/logsheets/filtered/water_sampling.csv,XSDDouble,False
missing value,ws,samp_size_vol,355,,,,/github/workspace/logsheets/filtered/water_sampling.csv,XSDDouble,False
missing value,ws,samp_size_vol,356,,,,/github/workspace/logsheets/filtered/water_sampling.csv,XSDDouble,False
missing value,ws,samp_size_vol,357,,,,/github/workspace/logsheets/filtered/water_sampling.csv,XSDDouble,False
missing value,ws,samp_size_vol,358,,,,/github/workspace/logsheets/filtered/water_sampling.csv,XSDDouble,False
missing value,ws,samp_size_vol,359,,,,/github/workspace/logsheets/filtered/water_sampling.csv,XSDDouble,False
missing value,ws,samp_size_vol,360,,,,/github/workspace/logsheets/filtered/water_sampling.csv,XSDDouble,False
missing value,ws,samp_size_vol,361,,,,/github/workspace/logsheets/filtered/water_sampling.csv,XSDDouble,False
missing value,ws,samp_size_vol,362,,,,/github/workspace/logsheets/filtered/water_sampling.csv,XSDDouble,False
missing value,ws,samp_size_vol,363,,,,/github/workspace/logsheets/filtered/water_sampling.csv,XSDDouble,False
missing value,ws,samp_size_vol,364,,,,/github/workspace/logsheets/filtered/water_sampling.csv,XSDDouble,False
missing value,ws,samp_size_vol,365,,,,/github/workspace/logsheets/filtered/water_sampling.csv,XSDDouble,False
missing value,ws,samp_size_vol,366,,,,/github/workspace/logsheets/filtered/water_sampling.csv,XSDDouble,False
missing value,ws,samp_size_vol,367,,,,/github/workspace/logsheets/filtered/water_sampling.csv,XSDDouble,False
missing value,ws,samp_size_vol,368,,,,/github/workspace/logsheets/filtered/water_sampling.csv,XSDDouble,False
missing value,ws,samp_size_vol,369,,,,/github/workspace/logsheets/filtered/water_sampling.csv,XSDDouble,False
missing value,ws,samp_size_vol,370,,,,/github/workspace/logsheets/filtered/water_sampling.csv,XSDDouble,False
missing value,ws,samp_size_vol,371,,,,/github/workspace/logsheets/filtered/water_sampling.csv,XSDDouble,False
missing value,ws,samp_size_vol,372,,,,/github/workspace/logsheets/filtered/water_sampling.csv,XSDDouble,False
missing value,ws,samp_size_vol,373,,,,/github/workspace/logsheets/filtered/water_sampling.csv,XSDDouble,False
missing value,ws,samp_size_vol,374,,,,/github/workspace/logsheets/filtered/water_sampling.csv,XSDDouble,False
missing value,ws,samp_size_vol,375,,,,/github/workspace/logsheets/filtered/water_sampling.csv,XSDDouble,False
missing value,ws,samp_size_vol,376,,,,/github/workspace/logsheets/filtered/water_sampling.csv,XSDDouble,False
missing value,ws,samp_size_vol,377,,,,/github/workspace/logsheets/filtered/water_sampling.csv,XSDDouble,False
missing value,ws,samp_size_vol,378,,,,/github/workspace/logsheets/filtered/water_sampling.csv,XSDDouble,False
missing value,ws,samp_size_vol,379,,,,/github/workspace/logsheets/filtered/water_sampling.csv,XSDDouble,False
missing value,ws,samp_size_vol,380,,,,/github/workspace/logsheets/filtered/water_sampling.csv,XSDDouble,False
missing value,ws,samp_size_vol,381,,,,/github/workspace/logsheets/filtered/water_sampling.csv,XSDDouble,False
missing value,ws,samp_size_vol,382,,,,/github/workspace/logsheets/filtered/water_sampling.csv,XSDDouble,False
missing value,ws,samp_size_vol,383,,,,/github/workspace/logsheets/filtered/water_sampling.csv,XSDDouble,False
missing value,ws,samp_size_vol,384,,,,/github/workspace/logsheets/filtered/water_sampling.csv,XSDDouble,False
missing value,ws,samp_size_vol,385,,,,/github/workspace/logsheets/filtered/water_sampling.csv,XSDDouble,False
missing value,ws,samp_size_vol,386,,,,/github/workspace/logsheets/filtered/water_sampling.csv,XSDDouble,False
missing value,ws,samp_size_vol,387,,,,/github/workspace/logsheets/filtered/water_sampling.csv,XSDDouble,False
missing value,ws,samp_size_vol,388,,,,/github/workspace/logsheets/filtered/water_sampling.csv,XSDDouble,False
missing value,ws,samp_size_vol,389,,,,/github/workspace/logsheets/filtered/water_sampling.csv,XSDDouble,False
missing value,ws,samp_size_vol,390,,,,/github/workspace/logsheets/filtered/water_sampling.csv,XSDDouble,False
missing value,ws,samp_size_vol,391,,,,/github/workspace/logsheets/filtered/water_sampling.csv,XSDDouble,False
missing value,ws,sampl_person,350,,,,/github/workspace/logsheets/filtered/water_sampling.csv,XSDString,False
missing value,ws,sampl_person,351,,,,/github/workspace/logsheets/filtered/water_sampling.csv,XSDString,False
missing value,ws,sampl_person,352,,,,/github/workspace/logsheets/filtered/water_sampling.csv,XSDString,False
missing value,ws,sampl_person,353,,,,/github/workspace/logsheets/filtered/water_sampling.csv,XSDString,False
missing value,ws,sampl_person,354,,,,/github/workspace/logsheets/filtered/water_sampling.csv,XSDString,False
missing value,ws,sampl_person,355,,,,/github/workspace/logsheets/filtered/water_sampling.csv,XSDString,False
missing value,ws,sampl_person,356,,,,/github/workspace/logsheets/filtered/water_sampling.csv,XSDString,False
missing value,ws,sampl_person,357,,,,/github/workspace/logsheets/filtered/water_sampling.csv,XSDString,False
missing value,ws,sampl_person,358,,,,/github/workspace/logsheets/filtered/water_sampling.csv,XSDString,False
missing value,ws,sampl_person,359,,,,/github/workspace/logsheets/filtered/water_sampling.csv,XSDString,False
missing value,ws,sampl_person,360,,,,/github/workspace/logsheets/filtered/water_sampling.csv,XSDString,False
missing value,ws,sampl_person,361,,,,/github/workspace/logsheets/filtered/water_sampling.csv,XSDString,False
missing value,ws,sampl_person,362,,,,/github/workspace/logsheets/filtered/water_sampling.csv,XSDString,False
missing value,ws,sampl_person,363,,,,/github/workspace/logsheets/filtered/water_sampling.csv,XSDString,False
missing value,ws,sampl_person,364,,,,/github/workspace/logsheets/filtered/water_sampling.csv,XSDString,False
missing value,ws,sampl_person,365,,,,/github/workspace/logsheets/filtered/water_sampling.csv,XSDString,False
missing value,ws,sampl_person,366,,,,/github/workspace/logsheets/filtered/water_sampling.csv,XSDString,False
missing value,ws,sampl_person,367,,,,/github/workspace/logsheets/filtered/water_sampling.csv,XSDString,False
missing value,ws,sampl_person,368,,,,/github/workspace/logsheets/filtered/water_sampling.csv,XSDString,False
missing value,ws,sampl_person,369,,,,/github/workspace/logsheets/filtered/water_sampling.csv,XSDString,False
missing value,ws,sampl_person,370,,,,/github/workspace/logsheets/filtered/water_sampling.csv,XSDString,False
missing value,ws,sampl_person,371,,,,/github/workspace/logsheets/filtered/water_sampling.csv,XSDString,False
missing value,ws,sampl_person,372,,,,/github/workspace/logsheets/filtered/water_sampling.csv,XSDString,False
missing value,ws,sampl_person,373,,,,/github/workspace/logsheets/filtered/water_sampling.csv,XSDString,False
missing value,ws,sampl_person,374,,,,/github/workspace/logsheets/filtered/water_sampling.csv,XSDString,False
missing value,ws,sampl_person,375,,,,/github/workspace/logsheets/filtered/water_sampling.csv,XSDString,False
missing value,ws,sampl_person,376,,,,/github/workspace/logsheets/filtered/water_sampling.csv,XSDString,False
missing value,ws,sampl_person,377,,,,/github/workspace/logsheets/filtered/water_sampling.csv,XSDString,False
missing value,ws,sampl_person,378,,,,/github/workspace/logsheets/filtered/water_sampling.csv,XSDString,False
missing value,ws,sampl_person,379,,,,/github/workspace/logsheets/filtered/water_sampling.csv,XSDString,False
missing value,ws,sampl_person,380,,,,/github/workspace/logsheets/filtered/water_sampling.csv,XSDString,False
missing value,ws,sampl_person,381,,,,/github/workspace/logsheets/filtered/water_sampling.csv,XSDString,False
missing value,ws,sampl_person,382,,,,/github/workspace/logsheets/filtered/water_sampling.csv,XSDString,False
missing value,ws,sampl_person,383,,,,/github/workspace/logsheets/filtered/water_sampling.csv,XSDString,False
missing value,ws,sampl_person,384,,,,/github/workspace/logsheets/filtered/water_sampling.csv,XSDString,False
missing value,ws,sampl_person,385,,,,/github/workspace/logsheets/filtered/water_sampling.csv,XSDString,False
missing value,ws,sampl_person,386,,,,/github/workspace/logsheets/filtered/water_sampling.csv,XSDString,False
missing value,ws,sampl_person,387,,,,/github/workspace/logsheets/filtered/water_sampling.csv,XSDString,False
missing value,ws,sampl_person,388,,,,/github/workspace/logsheets/filtered/water_sampling.csv,XSDString,False
missing value,ws,sampl_person,389,,,,/github/workspace/logsheets/filtered/water_sampling.csv,XSDString,False
missing value,ws,sampl_person,390,,,,/github/workspace/logsheets/filtered/water_sampling.csv,XSDString,False
missing value,ws,sampl_person,391,,,,/github/workspace/logsheets/filtered/water_sampling.csv,XSDString,False
missing value,ws,sampling_event,350,,,,/github/workspace/logsheets/filtered/water_sampling.csv,XSDString,False
missing value,ws,sampling_event,351,,,,/github/workspace/logsheets/filtered/water_sampling.csv,XSDString,False
missing value,ws,sampling_event,352,,,,/github/workspace/logsheets/filtered/water_sampling.csv,XSDString,False
missing value,ws,sampling_event,353,,,,/github/workspace/logsheets/filtered/water_sampling.csv,XSDString,False
missing value,ws,sampling_event,354,,,,/github/workspace/logsheets/filtered/water_sampling.csv,XSDString,False
missing value,ws,sampling_event,355,,,,/github/workspace/logsheets/filtered/water_sampling.csv,XSDString,False
missing value,ws,sampling_event,356,,,,/github/workspace/logsheets/filtered/water_sampling.csv,XSDString,False
missing value,ws,sampling_event,357,,,,/github/workspace/logsheets/filtered/water_sampling.csv,XSDString,False
missing value,ws,sampling_event,358,,,,/github/workspace/logsheets/filtered/water_sampling.csv,XSDString,False
missing value,ws,sampling_event,359,,,,/github/workspace/logsheets/filtered/water_sampling.csv,XSDString,False
missing value,ws,sampling_event,360,,,,/github/workspace/logsheets/filtered/water_sampling.csv,XSDString,False
missing value,ws,sampling_event,361,,,,/github/workspace/logsheets/filtered/water_sampling.csv,XSDString,False
missing value,ws,sampling_event,362,,,,/github/workspace/logsheets/filtered/water_sampling.csv,XSDString,False
missing value,ws,sampling_event,363,,,,/github/workspace/logsheets/filtered/water_sampling.csv,XSDString,False
missing value,ws,sampling_event,364,,,,/github/workspace/logsheets/filtered/water_sampling.csv,XSDString,False
missing value,ws,sampling_event,365,,,,/github/workspace/logsheets/filtered/water_sampling.csv,XSDString,False
missing value,ws,sampling_event,366,,,,/github/workspace/logsheets/filtered/water_sampling.csv,XSDString,False
missing value,ws,sampling_event,367,,,,/github/workspace/logsheets/filtered/water_sampling.csv,XSDString,False
missing value,ws,sampling_event,368,,,,/github/workspace/logsheets/filtered/water_sampling.csv,XSDString,False
missing value,ws,sampling_event,369,,,,/github/workspace/logsheets/filtered/water_sampling.csv,XSDString,False
missing value,ws,sampling_event,370,,,,/github/workspace/logsheets/filtered/water_sampling.csv,XSDString,False
missing value,ws,sampling_event,371,,,,/github/workspace/logsheets/filtered/water_sampling.csv,XSDString,False
missing value,ws,sampling_event,372,,,,/github/workspace/logsheets/filtered/water_sampling.csv,XSDString,False
missing value,ws,sampling_event,373,,,,/github/workspace/logsheets/filtered/water_sampling.csv,XSDString,False
missing value,ws,sampling_event,374,,,,/github/workspace/logsheets/filtered/water_sampling.csv,XSDString,False
missing value,ws,sampling_event,375,,,,/github/workspace/logsheets/filtered/water_sampling.csv,XSDString,False
missing value,ws,sampling_event,376,,,,/github/workspace/logsheets/filtered/water_sampling.csv,XSDString,False
missing value,ws,sampling_event,377,,,,/github/workspace/logsheets/filtered/water_sampling.csv,XSDString,False
missing value,ws,sampling_event,378,,,,/github/workspace/logsheets/filtered/water_sampling.csv,XSDString,False
missing value,ws,sampling_event,379,,,,/github/workspace/logsheets/filtered/water_sampling.csv,XSDString,False
missing value,ws,sampling_event,380,,,,/github/workspace/logsheets/filtered/water_sampling.csv,XSDString,False
missing value,ws,sampling_event,381,,,,/github/workspace/logsheets/filtered/water_sampling.csv,XSDString,False
missing value,ws,sampling_event,382,,,,/github/workspace/logsheets/filtered/water_sampling.csv,XSDString,False
missing value,ws,sampling_event,383,,,,/github/workspace/logsheets/filtered/water_sampling.csv,XSDString,False
missing value,ws,sampling_event,384,,,,/github/workspace/logsheets/filtered/water_sampling.csv,XSDString,False
missing value,ws,sampling_event,385,,,,/github/workspace/logsheets/filtered/water_sampling.csv,XSDString,False
missing value,ws,sampling_event,386,,,,/github/workspace/logsheets/filtered/water_sampling.csv,XSDString,False
missing value,ws,sampling_event,387,,,,/github/workspace/logsheets/filtered/water_sampling.csv,XSDString,False
missing value,ws,sampling_event,388,,,,/github/workspace/logsheets/filtered/water_sampling.csv,XSDString,False
missing value,ws,sampling_event,389,,,,/github/workspace/logsheets/filtered/water_sampling.csv,XSDString,False
missing value,ws,sampling_event,390,,,,/github/workspace/logsheets/filtered/water_sampling.csv,XSDString,False
missing value,ws,sampling_event,391,,,,/github/workspace/logsheets/filtered/water_sampling.csv,XSDString,False
datatype mismatch,ws,ship_date,1,2022-10-10 00:00:00,2022-10-10,,/github/workspace/logsheets/filtered/water_sampling.csv,XSDDate,False
datatype mismatch,ws,ship_date,2,2022-10-10 00:00:00,2022-10-10,,/github/workspace/logsheets/filtered/water_sampling.csv,XSDDate,False
missing value,ws,ship_date,3,,,,/github/workspace/logsheets/filtered/water_sampling.csv,XSDDate,False
missing value,ws,ship_date,4,,,,/github/workspace/logsheets/filtered/water_sampling.csv,XSDDate,False
datatype mismatch,ws,ship_date,5,2022-10-10 00:00:00,2022-10-10,,/github/workspace/logsheets/filtered/water_sampling.csv,XSDDate,False
datatype mismatch,ws,ship_date,6,2022-10-10 00:00:00,2022-10-10,,/github/workspace/logsheets/filtered/water_sampling.csv,XSDDate,False
missing value,ws,ship_date,7,,,,/github/workspace/logsheets/filtered/water_sampling.csv,XSDDate,False
missing value,ws,ship_date,8,,,,/github/workspace/logsheets/filtered/water_sampling.csv,XSDDate,False
missing value,ws,ship_date,9,,,,/github/workspace/logsheets/filtered/water_sampling.csv,XSDDate,False
missing value,ws,ship_date,10,,,,/github/workspace/logsheets/filtered/water_sampling.csv,XSDDate,False
datatype mismatch,ws,ship_date,11,2022-10-10 00:00:00,2022-10-10,,/github/workspace/logsheets/filtered/water_sampling.csv,XSDDate,False
datatype mismatch,ws,ship_date,12,2022-10-10 00:00:00,2022-10-10,,/github/workspace/logsheets/filtered/water_sampling.csv,XSDDate,False
missing value,ws,ship_date,13,,,,/github/workspace/logsheets/filtered/water_sampling.csv,XSDDate,False
missing value,ws,ship_date,14,,,,/github/workspace/logsheets/filtered/water_sampling.csv,XSDDate,False
missing value,ws,ship_date,15,,,,/github/workspace/logsheets/filtered/water_sampling.csv,XSDDate,False
datatype mismatch,ws,ship_date,16,2022-10-10 00:00:00,2022-10-10,,/github/workspace/logsheets/filtered/water_sampling.csv,XSDDate,False
datatype mismatch,ws,ship_date,17,2022-10-10 00:00:00,2022-10-10,,/github/workspace/logsheets/filtered/water_sampling.csv,XSDDate,False
datatype mismatch,ws,ship_date,18,2022-10-10 00:00:00,2022-10-10,,/github/workspace/logsheets/filtered/water_sampling.csv,XSDDate,False
datatype mismatch,ws,ship_date,19,2022-10-10 00:00:00,2022-10-10,,/github/workspace/logsheets/filtered/water_sampling.csv,XSDDate,False
datatype mismatch,ws,ship_date,20,2023-06-12 00:00:00,2023-06-12,,/github/workspace/logsheets/filtered/water_sampling.csv,XSDDate,False
datatype mismatch,ws,ship_date,21,2023-06-12 00:00:00,2023-06-12,,/github/workspace/logsheets/filtered/water_sampling.csv,XSDDate,False
missing value,ws,ship_date,22,,,,/github/workspace/logsheets/filtered/water_sampling.csv,XSDDate,False
missing value,ws,ship_date,23,,,,/github/workspace/logsheets/filtered/water_sampling.csv,XSDDate,False
datatype mismatch,ws,ship_date,24,2023-06-12 00:00:00,2023-06-12,,/github/workspace/logsheets/filtered/water_sampling.csv,XSDDate,False
datatype mismatch,ws,ship_date,25,2023-06-12 00:00:00,2023-06-12,,/github/workspace/logsheets/filtered/water_sampling.csv,XSDDate,False
missing value,ws,ship_date,26,,,,/github/workspace/logsheets/filtered/water_sampling.csv,XSDDate,False
missing value,ws,ship_date,27,,,,/github/workspace/logsheets/filtered/water_sampling.csv,XSDDate,False
missing value,ws,ship_date,28,,,,/github/workspace/logsheets/filtered/water_sampling.csv,XSDDate,False
missing value,ws,ship_date,29,,,,/github/workspace/logsheets/filtered/water_sampling.csv,XSDDate,False
missing value,ws,ship_date,30,,,,/github/workspace/logsheets/filtered/water_sampling.csv,XSDDate,False
missing value,ws,ship_date,31,,,,/github/workspace/logsheets/filtered/water_sampling.csv,XSDDate,False
missing value,ws,ship_date,32,,,,/github/workspace/logsheets/filtered/water_sampling.csv,XSDDate,False
missing value,ws,ship_date,33,,,,/github/workspace/logsheets/filtered/water_sampling.csv,XSDDate,False
missing value,ws,ship_date,34,,,,/github/workspace/logsheets/filtered/water_sampling.csv,XSDDate,False
datatype mismatch,ws,ship_date,35,2023-06-12 00:00:00,2023-06-12,,/github/workspace/logsheets/filtered/water_sampling.csv,XSDDate,False
datatype mismatch,ws,ship_date,36,2023-06-12 00:00:00,2023-06-12,,/github/workspace/logsheets/filtered/water_sampling.csv,XSDDate,False
missing value,ws,ship_date,37,,,,/github/workspace/logsheets/filtered/water_sampling.csv,XSDDate,False
missing value,ws,ship_date,38,,,,/github/workspace/logsheets/filtered/water_sampling.csv,XSDDate,False
datatype mismatch,ws,ship_date,39,2023-06-12 00:00:00,2023-06-12,,/github/workspace/logsheets/filtered/water_sampling.csv,XSDDate,False
datatype mismatch,ws,ship_date,40,2023-06-12 00:00:00,2023-06-12,,/github/workspace/logsheets/filtered/water_sampling.csv,XSDDate,False
missing value,ws,ship_date,41,,,,/github/workspace/logsheets/filtered/water_sampling.csv,XSDDate,False
missing value,ws,ship_date,42,,,,/github/workspace/logsheets/filtered/water_sampling.csv,XSDDate,False
missing value,ws,ship_date,43,,,,/github/workspace/logsheets/filtered/water_sampling.csv,XSDDate,False
missing value,ws,ship_date,44,,,,/github/workspace/logsheets/filtered/water_sampling.csv,XSDDate,False
missing value,ws,ship_date,45,,,,/github/workspace/logsheets/filtered/water_sampling.csv,XSDDate,False
missing value,ws,ship_date,46,,,,/github/workspace/logsheets/filtered/water_sampling.csv,XSDDate,False
missing value,ws,ship_date,47,,,,/github/workspace/logsheets/filtered/water_sampling.csv,XSDDate,False
missing value,ws,ship_date,48,,,,/github/workspace/logsheets/filtered/water_sampling.csv,XSDDate,False
missing value,ws,ship_date,49,,,,/github/workspace/logsheets/filtered/water_sampling.csv,XSDDate,False
missing value,ws,ship_date,350,,,,/github/workspace/logsheets/filtered/water_sampling.csv,XSDDate,False
missing value,ws,ship_date,351,,,,/github/workspace/logsheets/filtered/water_sampling.csv,XSDDate,False
missing value,ws,ship_date,352,,,,/github/workspace/logsheets/filtered/water_sampling.csv,XSDDate,False
missing value,ws,ship_date,353,,,,/github/workspace/logsheets/filtered/water_sampling.csv,XSDDate,False
missing value,ws,ship_date,354,,,,/github/workspace/logsheets/filtered/water_sampling.csv,XSDDate,False
missing value,ws,ship_date,355,,,,/github/workspace/logsheets/filtered/water_sampling.csv,XSDDate,False
missing value,ws,ship_date,356,,,,/github/workspace/logsheets/filtered/water_sampling.csv,XSDDate,False
missing value,ws,ship_date,357,,,,/github/workspace/logsheets/filtered/water_sampling.csv,XSDDate,False
missing value,ws,ship_date,358,,,,/github/workspace/logsheets/filtered/water_sampling.csv,XSDDate,False
missing value,ws,ship_date,359,,,,/github/workspace/logsheets/filtered/water_sampling.csv,XSDDate,False
missing value,ws,ship_date,360,,,,/github/workspace/logsheets/filtered/water_sampling.csv,XSDDate,False
missing value,ws,ship_date,361,,,,/github/workspace/logsheets/filtered/water_sampling.csv,XSDDate,False
missing value,ws,ship_date,362,,,,/github/workspace/logsheets/filtered/water_sampling.csv,XSDDate,False
missing value,ws,ship_date,363,,,,/github/workspace/logsheets/filtered/water_sampling.csv,XSDDate,False
missing value,ws,ship_date,364,,,,/github/workspace/logsheets/filtered/water_sampling.csv,XSDDate,False
missing value,ws,ship_date,365,,,,/github/workspace/logsheets/filtered/water_sampling.csv,XSDDate,False
missing value,ws,ship_date,366,,,,/github/workspace/logsheets/filtered/water_sampling.csv,XSDDate,False
missing value,ws,ship_date,367,,,,/github/workspace/logsheets/filtered/water_sampling.csv,XSDDate,False
missing value,ws,ship_date,368,,,,/github/workspace/logsheets/filtered/water_sampling.csv,XSDDate,False
missing value,ws,ship_date,369,,,,/github/workspace/logsheets/filtered/water_sampling.csv,XSDDate,False
missing value,ws,ship_date,370,,,,/github/workspace/logsheets/filtered/water_sampling.csv,XSDDate,False
missing value,ws,ship_date,371,,,,/github/workspace/logsheets/filtered/water_sampling.csv,XSDDate,False
missing value,ws,ship_date,372,,,,/github/workspace/logsheets/filtered/water_sampling.csv,XSDDate,False
missing value,ws,ship_date,373,,,,/github/workspace/logsheets/filtered/water_sampling.csv,XSDDate,False
missing value,ws,ship_date,374,,,,/github/workspace/logsheets/filtered/water_sampling.csv,XSDDate,False
missing value,ws,ship_date,375,,,,/github/workspace/logsheets/filtered/water_sampling.csv,XSDDate,False
missing value,ws,ship_date,376,,,,/github/workspace/logsheets/filtered/water_sampling.csv,XSDDate,False
missing value,ws,ship_date,377,,,,/github/workspace/logsheets/filtered/water_sampling.csv,XSDDate,False
missing value,ws,ship_date,378,,,,/github/workspace/logsheets/filtered/water_sampling.csv,XSDDate,False
missing value,ws,ship_date,379,,,,/github/workspace/logsheets/filtered/water_sampling.csv,XSDDate,False
missing value,ws,ship_date,380,,,,/github/workspace/logsheets/filtered/water_sampling.csv,XSDDate,False
missing value,ws,ship_date,381,,,,/github/workspace/logsheets/filtered/water_sampling.csv,XSDDate,False
missing value,ws,ship_date,382,,,,/github/workspace/logsheets/filtered/water_sampling.csv,XSDDate,False
missing value,ws,ship_date,383,,,,/github/workspace/logsheets/filtered/water_sampling.csv,XSDDate,False
missing value,ws,ship_date,384,,,,/github/workspace/logsheets/filtered/water_sampling.csv,XSDDate,False
missing value,ws,ship_date,385,,,,/github/workspace/logsheets/filtered/water_sampling.csv,XSDDate,False
missing value,ws,ship_date,386,,,,/github/workspace/logsheets/filtered/water_sampling.csv,XSDDate,False
missing value,ws,ship_date,387,,,,/github/workspace/logsheets/filtered/water_sampling.csv,XSDDate,False
missing value,ws,ship_date,388,,,,/github/workspace/logsheets/filtered/water_sampling.csv,XSDDate,False
missing value,ws,ship_date,389,,,,/github/workspace/logsheets/filtered/water_sampling.csv,XSDDate,False
missing value,ws,ship_date,390,,,,/github/workspace/logsheets/filtered/water_sampling.csv,XSDDate,False
missing value,ws,ship_date,391,,,,/github/workspace/logsheets/filtered/water_sampling.csv,XSDDate,False
datatype mismatch,ws,ship_date_seq,1,2023-06-01 00:00:00,2023-06-01,,/github/workspace/logsheets/filtered/water_sampling.csv,XSDDate,False
datatype mismatch,ws,ship_date_seq,2,2023-06-01 00:00:00,2023-06-01,,/github/workspace/logsheets/filtered/water_sampling.csv,XSDDate,False
missing value,ws,ship_date_seq,3,,,,/github/workspace/logsheets/filtered/water_sampling.csv,XSDDate,False
missing value,ws,ship_date_seq,4,,,,/github/workspace/logsheets/filtered/water_sampling.csv,XSDDate,False
datatype mismatch,ws,ship_date_seq,5,2023-06-01 00:00:00,2023-06-01,,/github/workspace/logsheets/filtered/water_sampling.csv,XSDDate,False
datatype mismatch,ws,ship_date_seq,6,2023-06-01 00:00:00,2023-06-01,,/github/workspace/logsheets/filtered/water_sampling.csv,XSDDate,False
missing value,ws,ship_date_seq,7,,,,/github/workspace/logsheets/filtered/water_sampling.csv,XSDDate,False
missing value,ws,ship_date_seq,8,,,,/github/workspace/logsheets/filtered/water_sampling.csv,XSDDate,False
missing value,ws,ship_date_seq,9,,,,/github/workspace/logsheets/filtered/water_sampling.csv,XSDDate,False
missing value,ws,ship_date_seq,10,,,,/github/workspace/logsheets/filtered/water_sampling.csv,XSDDate,False
datatype mismatch,ws,ship_date_seq,11,2023-06-01 00:00:00,2023-06-01,,/github/workspace/logsheets/filtered/water_sampling.csv,XSDDate,False
datatype mismatch,ws,ship_date_seq,12,2023-06-01 00:00:00,2023-06-01,,/github/workspace/logsheets/filtered/water_sampling.csv,XSDDate,False
missing value,ws,ship_date_seq,13,,,,/github/workspace/logsheets/filtered/water_sampling.csv,XSDDate,False
missing value,ws,ship_date_seq,14,,,,/github/workspace/logsheets/filtered/water_sampling.csv,XSDDate,False
missing value,ws,ship_date_seq,15,,,,/github/workspace/logsheets/filtered/water_sampling.csv,XSDDate,False
datatype mismatch,ws,ship_date_seq,16,2023-06-01 00:00:00,2023-06-01,,/github/workspace/logsheets/filtered/water_sampling.csv,XSDDate,False
datatype mismatch,ws,ship_date_seq,17,2023-06-01 00:00:00,2023-06-01,,/github/workspace/logsheets/filtered/water_sampling.csv,XSDDate,False
datatype mismatch,ws,ship_date_seq,18,2023-06-01 00:00:00,2023-06-01,,/github/workspace/logsheets/filtered/water_sampling.csv,XSDDate,False
datatype mismatch,ws,ship_date_seq,19,2023-06-01 00:00:00,2023-06-01,,/github/workspace/logsheets/filtered/water_sampling.csv,XSDDate,False
datatype mismatch,ws,ship_date_seq,20,2024-04-17 00:00:00,2024-04-17,,/github/workspace/logsheets/filtered/water_sampling.csv,XSDDate,False
datatype mismatch,ws,ship_date_seq,21,2024-04-17 00:00:00,2024-04-17,,/github/workspace/logsheets/filtered/water_sampling.csv,XSDDate,False
missing value,ws,ship_date_seq,22,,,,/github/workspace/logsheets/filtered/water_sampling.csv,XSDDate,False
missing value,ws,ship_date_seq,23,,,,/github/workspace/logsheets/filtered/water_sampling.csv,XSDDate,False
datatype mismatch,ws,ship_date_seq,24,2024-04-17 00:00:00,2024-04-17,,/github/workspace/logsheets/filtered/water_sampling.csv,XSDDate,False
datatype mismatch,ws,ship_date_seq,25,2024-04-17 00:00:00,2024-04-17,,/github/workspace/logsheets/filtered/water_sampling.csv,XSDDate,False
missing value,ws,ship_date_seq,26,,,,/github/workspace/logsheets/filtered/water_sampling.csv,XSDDate,False
missing value,ws,ship_date_seq,27,,,,/github/workspace/logsheets/filtered/water_sampling.csv,XSDDate,False
missing value,ws,ship_date_seq,28,,,,/github/workspace/logsheets/filtered/water_sampling.csv,XSDDate,False
missing value,ws,ship_date_seq,29,,,,/github/workspace/logsheets/filtered/water_sampling.csv,XSDDate,False
missing value,ws,ship_date_seq,30,,,,/github/workspace/logsheets/filtered/water_sampling.csv,XSDDate,False
missing value,ws,ship_date_seq,31,,,,/github/workspace/logsheets/filtered/water_sampling.csv,XSDDate,False
missing value,ws,ship_date_seq,32,,,,/github/workspace/logsheets/filtered/water_sampling.csv,XSDDate,False
missing value,ws,ship_date_seq,33,,,,/github/workspace/logsheets/filtered/water_sampling.csv,XSDDate,False
missing value,ws,ship_date_seq,34,,,,/github/workspace/logsheets/filtered/water_sampling.csv,XSDDate,False
datatype mismatch,ws,ship_date_seq,35,2024-04-17 00:00:00,2024-04-17,,/github/workspace/logsheets/filtered/water_sampling.csv,XSDDate,False
datatype mismatch,ws,ship_date_seq,36,2024-04-17 00:00:00,2024-04-17,,/github/workspace/logsheets/filtered/water_sampling.csv,XSDDate,False
missing value,ws,ship_date_seq,37,,,,/github/workspace/logsheets/filtered/water_sampling.csv,XSDDate,False
missing value,ws,ship_date_seq,38,,,,/github/workspace/logsheets/filtered/water_sampling.csv,XSDDate,False
datatype mismatch,ws,ship_date_seq,39,2024-04-17 00:00:00,2024-04-17,,/github/workspace/logsheets/filtered/water_sampling.csv,XSDDate,False
datatype mismatch,ws,ship_date_seq,40,2024-04-17 00:00:00,2024-04-17,,/github/workspace/logsheets/filtered/water_sampling.csv,XSDDate,False
missing value,ws,ship_date_seq,41,,,,/github/workspace/logsheets/filtered/water_sampling.csv,XSDDate,False
missing value,ws,ship_date_seq,42,,,,/github/workspace/logsheets/filtered/water_sampling.csv,XSDDate,False
missing value,ws,ship_date_seq,43,,,,/github/workspace/logsheets/filtered/water_sampling.csv,XSDDate,False
missing value,ws,ship_date_seq,44,,,,/github/workspace/logsheets/filtered/water_sampling.csv,XSDDate,False
missing value,ws,ship_date_seq,45,,,,/github/workspace/logsheets/filtered/water_sampling.csv,XSDDate,False
missing value,ws,ship_date_seq,46,,,,/github/workspace/logsheets/filtered/water_sampling.csv,XSDDate,False
missing value,ws,ship_date_seq,47,,,,/github/workspace/logsheets/filtered/water_sampling.csv,XSDDate,False
missing value,ws,ship_date_seq,48,,,,/github/workspace/logsheets/filtered/water_sampling.csv,XSDDate,False
missing value,ws,ship_date_seq,49,,,,/github/workspace/logsheets/filtered/water_sampling.csv,XSDDate,False
missing value,ws,ship_date_seq,350,,,,/github/workspace/logsheets/filtered/water_sampling.csv,XSDDate,False
missing value,ws,ship_date_seq,351,,,,/github/workspace/logsheets/filtered/water_sampling.csv,XSDDate,False
missing value,ws,ship_date_seq,352,,,,/github/workspace/logsheets/filtered/water_sampling.csv,XSDDate,False
missing value,ws,ship_date_seq,353,,,,/github/workspace/logsheets/filtered/water_sampling.csv,XSDDate,False
missing value,ws,ship_date_seq,354,,,,/github/workspace/logsheets/filtered/water_sampling.csv,XSDDate,False
missing value,ws,ship_date_seq,355,,,,/github/workspace/logsheets/filtered/water_sampling.csv,XSDDate,False
missing value,ws,ship_date_seq,356,,,,/github/workspace/logsheets/filtered/water_sampling.csv,XSDDate,False
missing value,ws,ship_date_seq,357,,,,/github/workspace/logsheets/filtered/water_sampling.csv,XSDDate,False
missing value,ws,ship_date_seq,358,,,,/github/workspace/logsheets/filtered/water_sampling.csv,XSDDate,False
missing value,ws,ship_date_seq,359,,,,/github/workspace/logsheets/filtered/water_sampling.csv,XSDDate,False
missing value,ws,ship_date_seq,360,,,,/github/workspace/logsheets/filtered/water_sampling.csv,XSDDate,False
missing value,ws,ship_date_seq,361,,,,/github/workspace/logsheets/filtered/water_sampling.csv,XSDDate,False
missing value,ws,ship_date_seq,362,,,,/github/workspace/logsheets/filtered/water_sampling.csv,XSDDate,False
missing value,ws,ship_date_seq,363,,,,/github/workspace/logsheets/filtered/water_sampling.csv,XSDDate,False
missing value,ws,ship_date_seq,364,,,,/github/workspace/logsheets/filtered/water_sampling.csv,XSDDate,False
missing value,ws,ship_date_seq,365,,,,/github/workspace/logsheets/filtered/water_sampling.csv,XSDDate,False
missing value,ws,ship_date_seq,366,,,,/github/workspace/logsheets/filtered/water_sampling.csv,XSDDate,False
missing value,ws,ship_date_seq,367,,,,/github/workspace/logsheets/filtered/water_sampling.csv,XSDDate,False
missing value,ws,ship_date_seq,368,,,,/github/workspace/logsheets/filtered/water_sampling.csv,XSDDate,False
missing value,ws,ship_date_seq,369,,,,/github/workspace/logsheets/filtered/water_sampling.csv,XSDDate,False
missing value,ws,ship_date_seq,370,,,,/github/workspace/logsheets/filtered/water_sampling.csv,XSDDate,False
missing value,ws,ship_date_seq,371,,,,/github/workspace/logsheets/filtered/water_sampling.csv,XSDDate,False
missing value,ws,ship_date_seq,372,,,,/github/workspace/logsheets/filtered/water_sampling.csv,XSDDate,False
missing value,ws,ship_date_seq,373,,,,/github/workspace/logsheets/filtered/water_sampling.csv,XSDDate,False
missing value,ws,ship_date_seq,374,,,,/github/workspace/logsheets/filtered/water_sampling.csv,XSDDate,False
missing value,ws,ship_date_seq,375,,,,/github/workspace/logsheets/filtered/water_sampling.csv,XSDDate,False
missing value,ws,ship_date_seq,376,,,,/github/workspace/logsheets/filtered/water_sampling.csv,XSDDate,False
missing value,ws,ship_date_seq,377,,,,/github/workspace/logsheets/filtered/water_sampling.csv,XSDDate,False
missing value,ws,ship_date_seq,378,,,,/github/workspace/logsheets/filtered/water_sampling.csv,XSDDate,False
missing value,ws,ship_date_seq,379,,,,/github/workspace/logsheets/filtered/water_sampling.csv,XSDDate,False
missing value,ws,ship_date_seq,380,,,,/github/workspace/logsheets/filtered/water_sampling.csv,XSDDate,False
missing value,ws,ship_date_seq,381,,,,/github/workspace/logsheets/filtered/water_sampling.csv,XSDDate,False
missing value,ws,ship_date_seq,382,,,,/github/workspace/logsheets/filtered/water_sampling.csv,XSDDate,False
missing value,ws,ship_date_seq,383,,,,/github/workspace/logsheets/filtered/water_sampling.csv,XSDDate,False
missing value,ws,ship_date_seq,384,,,,/github/workspace/logsheets/filtered/water_sampling.csv,XSDDate,False
missing value,ws,ship_date_seq,385,,,,/github/workspace/logsheets/filtered/water_sampling.csv,XSDDate,False
missing value,ws,ship_date_seq,386,,,,/github/workspace/logsheets/filtered/water_sampling.csv,XSDDate,False
missing value,ws,ship_date_seq,387,,,,/github/workspace/logsheets/filtered/water_sampling.csv,XSDDate,False
missing value,ws,ship_date_seq,388,,,,/github/workspace/logsheets/filtered/water_sampling.csv,XSDDate,False
missing value,ws,ship_date_seq,389,,,,/github/workspace/logsheets/filtered/water_sampling.csv,XSDDate,False
missing value,ws,ship_date_seq,390,,,,/github/workspace/logsheets/filtered/water_sampling.csv,XSDDate,False
missing value,ws,ship_date_seq,391,,,,/github/workspace/logsheets/filtered/water_sampling.csv,XSDDate,False
missing value,ws,size_frac_low,350,,,,/github/workspace/logsheets/filtered/water_sampling.csv,XSDDouble,False
missing value,ws,size_frac_low,351,,,,/github/workspace/logsheets/filtered/water_sampling.csv,XSDDouble,False
missing value,ws,size_frac_low,352,,,,/github/workspace/logsheets/filtered/water_sampling.csv,XSDDouble,False
missing value,ws,size_frac_low,353,,,,/github/workspace/logsheets/filtered/water_sampling.csv,XSDDouble,False
missing value,ws,size_frac_low,354,,,,/github/workspace/logsheets/filtered/water_sampling.csv,XSDDouble,False
missing value,ws,size_frac_low,355,,,,/github/workspace/logsheets/filtered/water_sampling.csv,XSDDouble,False
missing value,ws,size_frac_low,356,,,,/github/workspace/logsheets/filtered/water_sampling.csv,XSDDouble,False
missing value,ws,size_frac_low,357,,,,/github/workspace/logsheets/filtered/water_sampling.csv,XSDDouble,False
missing value,ws,size_frac_low,358,,,,/github/workspace/logsheets/filtered/water_sampling.csv,XSDDouble,False
missing value,ws,size_frac_low,359,,,,/github/workspace/logsheets/filtered/water_sampling.csv,XSDDouble,False
missing value,ws,size_frac_low,360,,,,/github/workspace/logsheets/filtered/water_sampling.csv,XSDDouble,False
missing value,ws,size_frac_low,361,,,,/github/workspace/logsheets/filtered/water_sampling.csv,XSDDouble,False
missing value,ws,size_frac_low,362,,,,/github/workspace/logsheets/filtered/water_sampling.csv,XSDDouble,False
missing value,ws,size_frac_low,363,,,,/github/workspace/logsheets/filtered/water_sampling.csv,XSDDouble,False
missing value,ws,size_frac_low,364,,,,/github/workspace/logsheets/filtered/water_sampling.csv,XSDDouble,False
missing value,ws,size_frac_low,365,,,,/github/workspace/logsheets/filtered/water_sampling.csv,XSDDouble,False
missing value,ws,size_frac_low,366,,,,/github/workspace/logsheets/filtered/water_sampling.csv,XSDDouble,False
missing value,ws,size_frac_low,367,,,,/github/workspace/logsheets/filtered/water_sampling.csv,XSDDouble,False
missing value,ws,size_frac_low,368,,,,/github/workspace/logsheets/filtered/water_sampling.csv,XSDDouble,False
missing value,ws,size_frac_low,369,,,,/github/workspace/logsheets/filtered/water_sampling.csv,XSDDouble,False
missing value,ws,size_frac_low,370,,,,/github/workspace/logsheets/filtered/water_sampling.csv,XSDDouble,False
missing value,ws,size_frac_low,371,,,,/github/workspace/logsheets/filtered/water_sampling.csv,XSDDouble,False
missing value,ws,size_frac_low,372,,,,/github/workspace/logsheets/filtered/water_sampling.csv,XSDDouble,False
missing value,ws,size_frac_low,373,,,,/github/workspace/logsheets/filtered/water_sampling.csv,XSDDouble,False
missing value,ws,size_frac_low,374,,,,/github/workspace/logsheets/filtered/water_sampling.csv,XSDDouble,False
missing value,ws,size_frac_low,375,,,,/github/workspace/logsheets/filtered/water_sampling.csv,XSDDouble,False
missing value,ws,size_frac_low,376,,,,/github/workspace/logsheets/filtered/water_sampling.csv,XSDDouble,False
missing value,ws,size_frac_low,377,,,,/github/workspace/logsheets/filtered/water_sampling.csv,XSDDouble,False
missing value,ws,size_frac_low,378,,,,/github/workspace/logsheets/filtered/water_sampling.csv,XSDDouble,False
missing value,ws,size_frac_low,379,,,,/github/workspace/logsheets/filtered/water_sampling.csv,XSDDouble,False
missing value,ws,size_frac_low,380,,,,/github/workspace/logsheets/filtered/water_sampling.csv,XSDDouble,False
missing value,ws,size_frac_low,381,,,,/github/workspace/logsheets/filtered/water_sampling.csv,XSDDouble,False
missing value,ws,size_frac_low,382,,,,/github/workspace/logsheets/filtered/water_sampling.csv,XSDDouble,False
missing value,ws,size_frac_low,383,,,,/github/workspace/logsheets/filtered/water_sampling.csv,XSDDouble,False
missing value,ws,size_frac_low,384,,,,/github/workspace/logsheets/filtered/water_sampling.csv,XSDDouble,False
missing value,ws,size_frac_low,385,,,,/github/workspace/logsheets/filtered/water_sampling.csv,XSDDouble,False
missing value,ws,size_frac_low,386,,,,/github/workspace/logsheets/filtered/water_sampling.csv,XSDDouble,False
missing value,ws,size_frac_low,387,,,,/github/workspace/logsheets/filtered/water_sampling.csv,XSDDouble,False
missing value,ws,size_frac_low,388,,,,/github/workspace/logsheets/filtered/water_sampling.csv,XSDDouble,False
missing value,ws,size_frac_low,389,,,,/github/workspace/logsheets/filtered/water_sampling.csv,XSDDouble,False
missing value,ws,size_frac_low,390,,,,/github/workspace/logsheets/filtered/water_sampling.csv,XSDDouble,False
missing value,ws,size_frac_low,391,,,,/github/workspace/logsheets/filtered/water_sampling.csv,XSDDouble,False
missing value,ws,size_frac_up,350,,,,/github/workspace/logsheets/filtered/water_sampling.csv,XSDDouble,False
missing value,ws,size_frac_up,351,,,,/github/workspace/logsheets/filtered/water_sampling.csv,XSDDouble,False
missing value,ws,size_frac_up,352,,,,/github/workspace/logsheets/filtered/water_sampling.csv,XSDDouble,False
missing value,ws,size_frac_up,353,,,,/github/workspace/logsheets/filtered/water_sampling.csv,XSDDouble,False
missing value,ws,size_frac_up,354,,,,/github/workspace/logsheets/filtered/water_sampling.csv,XSDDouble,False
missing value,ws,size_frac_up,355,,,,/github/workspace/logsheets/filtered/water_sampling.csv,XSDDouble,False
missing value,ws,size_frac_up,356,,,,/github/workspace/logsheets/filtered/water_sampling.csv,XSDDouble,False
missing value,ws,size_frac_up,357,,,,/github/workspace/logsheets/filtered/water_sampling.csv,XSDDouble,False
missing value,ws,size_frac_up,358,,,,/github/workspace/logsheets/filtered/water_sampling.csv,XSDDouble,False
missing value,ws,size_frac_up,359,,,,/github/workspace/logsheets/filtered/water_sampling.csv,XSDDouble,False
missing value,ws,size_frac_up,360,,,,/github/workspace/logsheets/filtered/water_sampling.csv,XSDDouble,False
missing value,ws,size_frac_up,361,,,,/github/workspace/logsheets/filtered/water_sampling.csv,XSDDouble,False
missing value,ws,size_frac_up,362,,,,/github/workspace/logsheets/filtered/water_sampling.csv,XSDDouble,False
missing value,ws,size_frac_up,363,,,,/github/workspace/logsheets/filtered/water_sampling.csv,XSDDouble,False
missing value,ws,size_frac_up,364,,,,/github/workspace/logsheets/filtered/water_sampling.csv,XSDDouble,False
missing value,ws,size_frac_up,365,,,,/github/workspace/logsheets/filtered/water_sampling.csv,XSDDouble,False
missing value,ws,size_frac_up,366,,,,/github/workspace/logsheets/filtered/water_sampling.csv,XSDDouble,False
missing value,ws,size_frac_up,367,,,,/github/workspace/logsheets/filtered/water_sampling.csv,XSDDouble,False
missing value,ws,size_frac_up,368,,,,/github/workspace/logsheets/filtered/water_sampling.csv,XSDDouble,False
missing value,ws,size_frac_up,369,,,,/github/workspace/logsheets/filtered/water_sampling.csv,XSDDouble,False
missing value,ws,size_frac_up,370,,,,/github/workspace/logsheets/filtered/water_sampling.csv,XSDDouble,False
missing value,ws,size_frac_up,371,,,,/github/workspace/logsheets/filtered/water_sampling.csv,XSDDouble,False
missing value,ws,size_frac_up,372,,,,/github/workspace/logsheets/filtered/water_sampling.csv,XSDDouble,False
missing value,ws,size_frac_up,373,,,,/github/workspace/logsheets/filtered/water_sampling.csv,XSDDouble,False
missing value,ws,size_frac_up,374,,,,/github/workspace/logsheets/filtered/water_sampling.csv,XSDDouble,False
missing value,ws,size_frac_up,375,,,,/github/workspace/logsheets/filtered/water_sampling.csv,XSDDouble,False
missing value,ws,size_frac_up,376,,,,/github/workspace/logsheets/filtered/water_sampling.csv,XSDDouble,False
missing value,ws,size_frac_up,377,,,,/github/workspace/logsheets/filtered/water_sampling.csv,XSDDouble,False
missing value,ws,size_frac_up,378,,,,/github/workspace/logsheets/filtered/water_sampling.csv,XSDDouble,False
missing value,ws,size_frac_up,379,,,,/github/workspace/logsheets/filtered/water_sampling.csv,XSDDouble,False
missing value,ws,size_frac_up,380,,,,/github/workspace/logsheets/filtered/water_sampling.csv,XSDDouble,False
missing value,ws,size_frac_up,381,,,,/github/workspace/logsheets/filtered/water_sampling.csv,XSDDouble,False
missing value,ws,size_frac_up,382,,,,/github/workspace/logsheets/filtered/water_sampling.csv,XSDDouble,False
missing value,ws,size_frac_up,383,,,,/github/workspace/logsheets/filtered/water_sampling.csv,XSDDouble,False
missing value,ws,size_frac_up,384,,,,/github/workspace/logsheets/filtered/water_sampling.csv,XSDDouble,False
missing value,ws,size_frac_up,385,,,,/github/workspace/logsheets/filtered/water_sampling.csv,XSDDouble,False
missing value,ws,size_frac_up,386,,,,/github/workspace/logsheets/filtered/water_sampling.csv,XSDDouble,False
missing value,ws,size_frac_up,387,,,,/github/workspace/logsheets/filtered/water_sampling.csv,XSDDouble,False
missing value,ws,size_frac_up,388,,,,/github/workspace/logsheets/filtered/water_sampling.csv,XSDDouble,False
missing value,ws,size_frac_up,389,,,,/github/workspace/logsheets/filtered/water_sampling.csv,XSDDouble,False
missing value,ws,size_frac_up,390,,,,/github/workspace/logsheets/filtered/water_sampling.csv,XSDDouble,False
missing value,ws,size_frac_up,391,,,,/github/workspace/logsheets/filtered/water_sampling.csv,XSDDouble,False
missing value,ws,size_frac,350,,,,/github/workspace/logsheets/filtered/water_sampling.csv,XSDString,False
missing value,ws,size_frac,351,,,,/github/workspace/logsheets/filtered/water_sampling.csv,XSDString,False
missing value,ws,size_frac,352,,,,/github/workspace/logsheets/filtered/water_sampling.csv,XSDString,False
missing value,ws,size_frac,353,,,,/github/workspace/logsheets/filtered/water_sampling.csv,XSDString,False
missing value,ws,size_frac,354,,,,/github/workspace/logsheets/filtered/water_sampling.csv,XSDString,False
missing value,ws,size_frac,355,,,,/github/workspace/logsheets/filtered/water_sampling.csv,XSDString,False
missing value,ws,size_frac,356,,,,/github/workspace/logsheets/filtered/water_sampling.csv,XSDString,False
missing value,ws,size_frac,357,,,,/github/workspace/logsheets/filtered/water_sampling.csv,XSDString,False
missing value,ws,size_frac,358,,,,/github/workspace/logsheets/filtered/water_sampling.csv,XSDString,False
missing value,ws,size_frac,359,,,,/github/workspace/logsheets/filtered/water_sampling.csv,XSDString,False
missing value,ws,size_frac,360,,,,/github/workspace/logsheets/filtered/water_sampling.csv,XSDString,False
missing value,ws,size_frac,361,,,,/github/workspace/logsheets/filtered/water_sampling.csv,XSDString,False
missing value,ws,size_frac,362,,,,/github/workspace/logsheets/filtered/water_sampling.csv,XSDString,False
missing value,ws,size_frac,363,,,,/github/workspace/logsheets/filtered/water_sampling.csv,XSDString,False
missing value,ws,size_frac,364,,,,/github/workspace/logsheets/filtered/water_sampling.csv,XSDString,False
missing value,ws,size_frac,365,,,,/github/workspace/logsheets/filtered/water_sampling.csv,XSDString,False
missing value,ws,size_frac,366,,,,/github/workspace/logsheets/filtered/water_sampling.csv,XSDString,False
missing value,ws,size_frac,367,,,,/github/workspace/logsheets/filtered/water_sampling.csv,XSDString,False
missing value,ws,size_frac,368,,,,/github/workspace/logsheets/filtered/water_sampling.csv,XSDString,False
missing value,ws,size_frac,369,,,,/github/workspace/logsheets/filtered/water_sampling.csv,XSDString,False
missing value,ws,size_frac,370,,,,/github/workspace/logsheets/filtered/water_sampling.csv,XSDString,False
missing value,ws,size_frac,371,,,,/github/workspace/logsheets/filtered/water_sampling.csv,XSDString,False
missing value,ws,size_frac,372,,,,/github/workspace/logsheets/filtered/water_sampling.csv,XSDString,False
missing value,ws,size_frac,373,,,,/github/workspace/logsheets/filtered/water_sampling.csv,XSDString,False
missing value,ws,size_frac,374,,,,/github/workspace/logsheets/filtered/water_sampling.csv,XSDString,False
missing value,ws,size_frac,375,,,,/github/workspace/logsheets/filtered/water_sampling.csv,XSDString,False
missing value,ws,size_frac,376,,,,/github/workspace/logsheets/filtered/water_sampling.csv,XSDString,False
missing value,ws,size_frac,377,,,,/github/workspace/logsheets/filtered/water_sampling.csv,XSDString,False
missing value,ws,size_frac,378,,,,/github/workspace/logsheets/filtered/water_sampling.csv,XSDString,False
missing value,ws,size_frac,379,,,,/github/workspace/logsheets/filtered/water_sampling.csv,XSDString,False
missing value,ws,size_frac,380,,,,/github/workspace/logsheets/filtered/water_sampling.csv,XSDString,False
missing value,ws,size_frac,381,,,,/github/workspace/logsheets/filtered/water_sampling.csv,XSDString,False
missing value,ws,size_frac,382,,,,/github/workspace/logsheets/filtered/water_sampling.csv,XSDString,False
missing value,ws,size_frac,383,,,,/github/workspace/logsheets/filtered/water_sampling.csv,XSDString,False
missing value,ws,size_frac,384,,,,/github/workspace/logsheets/filtered/water_sampling.csv,XSDString,False
missing value,ws,size_frac,385,,,,/github/workspace/logsheets/filtered/water_sampling.csv,XSDString,False
missing value,ws,size_frac,386,,,,/github/workspace/logsheets/filtered/water_sampling.csv,XSDString,False
missing value,ws,size_frac,387,,,,/github/workspace/logsheets/filtered/water_sampling.csv,XSDString,False
missing value,ws,size_frac,388,,,,/github/workspace/logsheets/filtered/water_sampling.csv,XSDString,False
missing value,ws,size_frac,389,,,,/github/workspace/logsheets/filtered/water_sampling.csv,XSDString,False
missing value,ws,size_frac,390,,,,/github/workspace/logsheets/filtered/water_sampling.csv,XSDString,False
missing value,ws,size_frac,391,,,,/github/workspace/logsheets/filtered/water_sampling.csv,XSDString,False
missing value,ws,store_person,350,,,,/github/workspace/logsheets/filtered/water_sampling.csv,XSDString,False
missing value,ws,store_person,351,,,,/github/workspace/logsheets/filtered/water_sampling.csv,XSDString,False
missing value,ws,store_person,352,,,,/github/workspace/logsheets/filtered/water_sampling.csv,XSDString,False
missing value,ws,store_person,353,,,,/github/workspace/logsheets/filtered/water_sampling.csv,XSDString,False
missing value,ws,store_person,354,,,,/github/workspace/logsheets/filtered/water_sampling.csv,XSDString,False
missing value,ws,store_person,355,,,,/github/workspace/logsheets/filtered/water_sampling.csv,XSDString,False
missing value,ws,store_person,356,,,,/github/workspace/logsheets/filtered/water_sampling.csv,XSDString,False
missing value,ws,store_person,357,,,,/github/workspace/logsheets/filtered/water_sampling.csv,XSDString,False
missing value,ws,store_person,358,,,,/github/workspace/logsheets/filtered/water_sampling.csv,XSDString,False
missing value,ws,store_person,359,,,,/github/workspace/logsheets/filtered/water_sampling.csv,XSDString,False
missing value,ws,store_person,360,,,,/github/workspace/logsheets/filtered/water_sampling.csv,XSDString,False
missing value,ws,store_person,361,,,,/github/workspace/logsheets/filtered/water_sampling.csv,XSDString,False
missing value,ws,store_person,362,,,,/github/workspace/logsheets/filtered/water_sampling.csv,XSDString,False
missing value,ws,store_person,363,,,,/github/workspace/logsheets/filtered/water_sampling.csv,XSDString,False
missing value,ws,store_person,364,,,,/github/workspace/logsheets/filtered/water_sampling.csv,XSDString,False
missing value,ws,store_person,365,,,,/github/workspace/logsheets/filtered/water_sampling.csv,XSDString,False
missing value,ws,store_person,366,,,,/github/workspace/logsheets/filtered/water_sampling.csv,XSDString,False
missing value,ws,store_person,367,,,,/github/workspace/logsheets/filtered/water_sampling.csv,XSDString,False
missing value,ws,store_person,368,,,,/github/workspace/logsheets/filtered/water_sampling.csv,XSDString,False
missing value,ws,store_person,369,,,,/github/workspace/logsheets/filtered/water_sampling.csv,XSDString,False
missing value,ws,store_person,370,,,,/github/workspace/logsheets/filtered/water_sampling.csv,XSDString,False
missing value,ws,store_person,371,,,,/github/workspace/logsheets/filtered/water_sampling.csv,XSDString,False
missing value,ws,store_person,372,,,,/github/workspace/logsheets/filtered/water_sampling.csv,XSDString,False
missing value,ws,store_person,373,,,,/github/workspace/logsheets/filtered/water_sampling.csv,XSDString,False
missing value,ws,store_person,374,,,,/github/workspace/logsheets/filtered/water_sampling.csv,XSDString,False
missing value,ws,store_person,375,,,,/github/workspace/logsheets/filtered/water_sampling.csv,XSDString,False
missing value,ws,store_person,376,,,,/github/workspace/logsheets/filtered/water_sampling.csv,XSDString,False
missing value,ws,store_person,377,,,,/github/workspace/logsheets/filtered/water_sampling.csv,XSDString,False
missing value,ws,store_person,378,,,,/github/workspace/logsheets/filtered/water_sampling.csv,XSDString,False
missing value,ws,store_person,379,,,,/github/workspace/logsheets/filtered/water_sampling.csv,XSDString,False
missing value,ws,store_person,380,,,,/github/workspace/logsheets/filtered/water_sampling.csv,XSDString,False
missing value,ws,store_person,381,,,,/github/workspace/logsheets/filtered/water_sampling.csv,XSDString,False
missing value,ws,store_person,382,,,,/github/workspace/logsheets/filtered/water_sampling.csv,XSDString,False
missing value,ws,store_person,383,,,,/github/workspace/logsheets/filtered/water_sampling.csv,XSDString,False
missing value,ws,store_person,384,,,,/github/workspace/logsheets/filtered/water_sampling.csv,XSDString,False
missing value,ws,store_person,385,,,,/github/workspace/logsheets/filtered/water_sampling.csv,XSDString,False
missing value,ws,store_person,386,,,,/github/workspace/logsheets/filtered/water_sampling.csv,XSDString,False
missing value,ws,store_person,387,,,,/github/workspace/logsheets/filtered/water_sampling.csv,XSDString,False
missing value,ws,store_person,388,,,,/github/workspace/logsheets/filtered/water_sampling.csv,XSDString,False
missing value,ws,store_person,389,,,,/github/workspace/logsheets/filtered/water_sampling.csv,XSDString,False
missing value,ws,store_person,390,,,,/github/workspace/logsheets/filtered/water_sampling.csv,XSDString,False
missing value,ws,store_person,391,,,,/github/workspace/logsheets/filtered/water_sampling.csv,XSDString,False
missing value,ws,store_temp_hq,3,,,,/github/workspace/logsheets/filtered/water_sampling.csv,XSDDouble,False
missing value,ws,store_temp_hq,4,,,,/github/workspace/logsheets/filtered/water_sampling.csv,XSDDouble,False
missing value,ws,store_temp_hq,7,,,,/github/workspace/logsheets/filtered/water_sampling.csv,XSDDouble,False
missing value,ws,store_temp_hq,8,,,,/github/workspace/logsheets/filtered/water_sampling.csv,XSDDouble,False
missing value,ws,store_temp_hq,9,,,,/github/workspace/logsheets/filtered/water_sampling.csv,XSDDouble,False
missing value,ws,store_temp_hq,10,,,,/github/workspace/logsheets/filtered/water_sampling.csv,XSDDouble,False
missing value,ws,store_temp_hq,13,,,,/github/workspace/logsheets/filtered/water_sampling.csv,XSDDouble,False
missing value,ws,store_temp_hq,14,,,,/github/workspace/logsheets/filtered/water_sampling.csv,XSDDouble,False
missing value,ws,store_temp_hq,15,,,,/github/workspace/logsheets/filtered/water_sampling.csv,XSDDouble,False
missing value,ws,store_temp_hq,22,,,,/github/workspace/logsheets/filtered/water_sampling.csv,XSDDouble,False
missing value,ws,store_temp_hq,23,,,,/github/workspace/logsheets/filtered/water_sampling.csv,XSDDouble,False
missing value,ws,store_temp_hq,26,,,,/github/workspace/logsheets/filtered/water_sampling.csv,XSDDouble,False
missing value,ws,store_temp_hq,27,,,,/github/workspace/logsheets/filtered/water_sampling.csv,XSDDouble,False
missing value,ws,store_temp_hq,28,,,,/github/workspace/logsheets/filtered/water_sampling.csv,XSDDouble,False
missing value,ws,store_temp_hq,29,,,,/github/workspace/logsheets/filtered/water_sampling.csv,XSDDouble,False
missing value,ws,store_temp_hq,30,,,,/github/workspace/logsheets/filtered/water_sampling.csv,XSDDouble,False
missing value,ws,store_temp_hq,31,,,,/github/workspace/logsheets/filtered/water_sampling.csv,XSDDouble,False
missing value,ws,store_temp_hq,32,,,,/github/workspace/logsheets/filtered/water_sampling.csv,XSDDouble,False
missing value,ws,store_temp_hq,33,,,,/github/workspace/logsheets/filtered/water_sampling.csv,XSDDouble,False
missing value,ws,store_temp_hq,34,,,,/github/workspace/logsheets/filtered/water_sampling.csv,XSDDouble,False
missing value,ws,store_temp_hq,37,,,,/github/workspace/logsheets/filtered/water_sampling.csv,XSDDouble,False
missing value,ws,store_temp_hq,38,,,,/github/workspace/logsheets/filtered/water_sampling.csv,XSDDouble,False
missing value,ws,store_temp_hq,41,,,,/github/workspace/logsheets/filtered/water_sampling.csv,XSDDouble,False
missing value,ws,store_temp_hq,42,,,,/github/workspace/logsheets/filtered/water_sampling.csv,XSDDouble,False
missing value,ws,store_temp_hq,43,,,,/github/workspace/logsheets/filtered/water_sampling.csv,XSDDouble,False
missing value,ws,store_temp_hq,44,,,,/github/workspace/logsheets/filtered/water_sampling.csv,XSDDouble,False
missing value,ws,store_temp_hq,45,,,,/github/workspace/logsheets/filtered/water_sampling.csv,XSDDouble,False
missing value,ws,store_temp_hq,46,,,,/github/workspace/logsheets/filtered/water_sampling.csv,XSDDouble,False
missing value,ws,store_temp_hq,47,,,,/github/workspace/logsheets/filtered/water_sampling.csv,XSDDouble,False
missing value,ws,store_temp_hq,48,,,,/github/workspace/logsheets/filtered/water_sampling.csv,XSDDouble,False
missing value,ws,store_temp_hq,49,,,,/github/workspace/logsheets/filtered/water_sampling.csv,XSDDouble,False
missing value,ws,store_temp_hq,350,,,,/github/workspace/logsheets/filtered/water_sampling.csv,XSDDouble,False
missing value,ws,store_temp_hq,351,,,,/github/workspace/logsheets/filtered/water_sampling.csv,XSDDouble,False
missing value,ws,store_temp_hq,352,,,,/github/workspace/logsheets/filtered/water_sampling.csv,XSDDouble,False
missing value,ws,store_temp_hq,353,,,,/github/workspace/logsheets/filtered/water_sampling.csv,XSDDouble,False
missing value,ws,store_temp_hq,354,,,,/github/workspace/logsheets/filtered/water_sampling.csv,XSDDouble,False
missing value,ws,store_temp_hq,355,,,,/github/workspace/logsheets/filtered/water_sampling.csv,XSDDouble,False
missing value,ws,store_temp_hq,356,,,,/github/workspace/logsheets/filtered/water_sampling.csv,XSDDouble,False
missing value,ws,store_temp_hq,357,,,,/github/workspace/logsheets/filtered/water_sampling.csv,XSDDouble,False
missing value,ws,store_temp_hq,358,,,,/github/workspace/logsheets/filtered/water_sampling.csv,XSDDouble,False
missing value,ws,store_temp_hq,359,,,,/github/workspace/logsheets/filtered/water_sampling.csv,XSDDouble,False
missing value,ws,store_temp_hq,360,,,,/github/workspace/logsheets/filtered/water_sampling.csv,XSDDouble,False
missing value,ws,store_temp_hq,361,,,,/github/workspace/logsheets/filtered/water_sampling.csv,XSDDouble,False
missing value,ws,store_temp_hq,362,,,,/github/workspace/logsheets/filtered/water_sampling.csv,XSDDouble,False
missing value,ws,store_temp_hq,363,,,,/github/workspace/logsheets/filtered/water_sampling.csv,XSDDouble,False
missing value,ws,store_temp_hq,364,,,,/github/workspace/logsheets/filtered/water_sampling.csv,XSDDouble,False
missing value,ws,store_temp_hq,365,,,,/github/workspace/logsheets/filtered/water_sampling.csv,XSDDouble,False
missing value,ws,store_temp_hq,366,,,,/github/workspace/logsheets/filtered/water_sampling.csv,XSDDouble,False
missing value,ws,store_temp_hq,367,,,,/github/workspace/logsheets/filtered/water_sampling.csv,XSDDouble,False
missing value,ws,store_temp_hq,368,,,,/github/workspace/logsheets/filtered/water_sampling.csv,XSDDouble,False
missing value,ws,store_temp_hq,369,,,,/github/workspace/logsheets/filtered/water_sampling.csv,XSDDouble,False
missing value,ws,store_temp_hq,370,,,,/github/workspace/logsheets/filtered/water_sampling.csv,XSDDouble,False
missing value,ws,store_temp_hq,371,,,,/github/workspace/logsheets/filtered/water_sampling.csv,XSDDouble,False
missing value,ws,store_temp_hq,372,,,,/github/workspace/logsheets/filtered/water_sampling.csv,XSDDouble,False
missing value,ws,store_temp_hq,373,,,,/github/workspace/logsheets/filtered/water_sampling.csv,XSDDouble,False
missing value,ws,store_temp_hq,374,,,,/github/workspace/logsheets/filtered/water_sampling.csv,XSDDouble,False
missing value,ws,store_temp_hq,375,,,,/github/workspace/logsheets/filtered/water_sampling.csv,XSDDouble,False
missing value,ws,store_temp_hq,376,,,,/github/workspace/logsheets/filtered/water_sampling.csv,XSDDouble,False
missing value,ws,store_temp_hq,377,,,,/github/workspace/logsheets/filtered/water_sampling.csv,XSDDouble,False
missing value,ws,store_temp_hq,378,,,,/github/workspace/logsheets/filtered/water_sampling.csv,XSDDouble,False
missing value,ws,store_temp_hq,379,,,,/github/workspace/logsheets/filtered/water_sampling.csv,XSDDouble,False
missing value,ws,store_temp_hq,380,,,,/github/workspace/logsheets/filtered/water_sampling.csv,XSDDouble,False
missing value,ws,store_temp_hq,381,,,,/github/workspace/logsheets/filtered/water_sampling.csv,XSDDouble,False
missing value,ws,store_temp_hq,382,,,,/github/workspace/logsheets/filtered/water_sampling.csv,XSDDouble,False
missing value,ws,store_temp_hq,383,,,,/github/workspace/logsheets/filtered/water_sampling.csv,XSDDouble,False
missing value,ws,store_temp_hq,384,,,,/github/workspace/logsheets/filtered/water_sampling.csv,XSDDouble,False
missing value,ws,store_temp_hq,385,,,,/github/workspace/logsheets/filtered/water_sampling.csv,XSDDouble,False
missing value,ws,store_temp_hq,386,,,,/github/workspace/logsheets/filtered/water_sampling.csv,XSDDouble,False
missing value,ws,store_temp_hq,387,,,,/github/workspace/logsheets/filtered/water_sampling.csv,XSDDouble,False
missing value,ws,store_temp_hq,388,,,,/github/workspace/logsheets/filtered/water_sampling.csv,XSDDouble,False
missing value,ws,store_temp_hq,389,,,,/github/workspace/logsheets/filtered/water_sampling.csv,XSDDouble,False
missing value,ws,store_temp_hq,390,,,,/github/workspace/logsheets/filtered/water_sampling.csv,XSDDouble,False
missing value,ws,store_temp_hq,391,,,,/github/workspace/logsheets/filtered/water_sampling.csv,XSDDouble,False
datatype mismatch,ws,tax_id,1,1874687,https://www.ncbi.nlm.nih.gov/taxonomy/browser/wwwtax.cgi?id=1874687,,/github/workspace/logsheets/filtered/water_sampling.csv,XSDAnyURI,False
datatype mismatch,ws,tax_id,2,1874687,https://www.ncbi.nlm.nih.gov/taxonomy/browser/wwwtax.cgi?id=1874687,,/github/workspace/logsheets/filtered/water_sampling.csv,XSDAnyURI,False
datatype mismatch,ws,tax_id,3,1874687,https://www.ncbi.nlm.nih.gov/taxonomy/browser/wwwtax.cgi?id=1874687,,/github/workspace/logsheets/filtered/water_sampling.csv,XSDAnyURI,False
datatype mismatch,ws,tax_id,4,1874687,https://www.ncbi.nlm.nih.gov/taxonomy/browser/wwwtax.cgi?id=1874687,,/github/workspace/logsheets/filtered/water_sampling.csv,XSDAnyURI,False
datatype mismatch,ws,tax_id,5,1874687,https://www.ncbi.nlm.nih.gov/taxonomy/browser/wwwtax.cgi?id=1874687,,/github/workspace/logsheets/filtered/water_sampling.csv,XSDAnyURI,False
datatype mismatch,ws,tax_id,6,1874687,https://www.ncbi.nlm.nih.gov/taxonomy/browser/wwwtax.cgi?id=1874687,,/github/workspace/logsheets/filtered/water_sampling.csv,XSDAnyURI,False
datatype mismatch,ws,tax_id,7,1874687,https://www.ncbi.nlm.nih.gov/taxonomy/browser/wwwtax.cgi?id=1874687,,/github/workspace/logsheets/filtered/water_sampling.csv,XSDAnyURI,False
datatype mismatch,ws,tax_id,8,1874687,https://www.ncbi.nlm.nih.gov/taxonomy/browser/wwwtax.cgi?id=1874687,,/github/workspace/logsheets/filtered/water_sampling.csv,XSDAnyURI,False
datatype mismatch,ws,tax_id,9,256318,https://www.ncbi.nlm.nih.gov/taxonomy/browser/wwwtax.cgi?id=256318,,/github/workspace/logsheets/filtered/water_sampling.csv,XSDAnyURI,False
datatype mismatch,ws,tax_id,10,256318,https://www.ncbi.nlm.nih.gov/taxonomy/browser/wwwtax.cgi?id=256318,,/github/workspace/logsheets/filtered/water_sampling.csv,XSDAnyURI,False
datatype mismatch,ws,tax_id,11,1874687,https://www.ncbi.nlm.nih.gov/taxonomy/browser/wwwtax.cgi?id=1874687,,/github/workspace/logsheets/filtered/water_sampling.csv,XSDAnyURI,False
datatype mismatch,ws,tax_id,12,1874687,https://www.ncbi.nlm.nih.gov/taxonomy/browser/wwwtax.cgi?id=1874687,,/github/workspace/logsheets/filtered/water_sampling.csv,XSDAnyURI,False
datatype mismatch,ws,tax_id,13,1874687,https://www.ncbi.nlm.nih.gov/taxonomy/browser/wwwtax.cgi?id=1874687,,/github/workspace/logsheets/filtered/water_sampling.csv,XSDAnyURI,False
datatype mismatch,ws,tax_id,14,1874687,https://www.ncbi.nlm.nih.gov/taxonomy/browser/wwwtax.cgi?id=1874687,,/github/workspace/logsheets/filtered/water_sampling.csv,XSDAnyURI,False
datatype mismatch,ws,tax_id,15,256318,https://www.ncbi.nlm.nih.gov/taxonomy/browser/wwwtax.cgi?id=256318,,/github/workspace/logsheets/filtered/water_sampling.csv,XSDAnyURI,False
datatype mismatch,ws,tax_id,16,1874687,https://www.ncbi.nlm.nih.gov/taxonomy/browser/wwwtax.cgi?id=1874687,,/github/workspace/logsheets/filtered/water_sampling.csv,XSDAnyURI,False
datatype mismatch,ws,tax_id,17,1874687,https://www.ncbi.nlm.nih.gov/taxonomy/browser/wwwtax.cgi?id=1874687,,/github/workspace/logsheets/filtered/water_sampling.csv,XSDAnyURI,False
datatype mismatch,ws,tax_id,18,1874687,https://www.ncbi.nlm.nih.gov/taxonomy/browser/wwwtax.cgi?id=1874687,,/github/workspace/logsheets/filtered/water_sampling.csv,XSDAnyURI,False
datatype mismatch,ws,tax_id,19,1874687,https://www.ncbi.nlm.nih.gov/taxonomy/browser/wwwtax.cgi?id=1874687,,/github/workspace/logsheets/filtered/water_sampling.csv,XSDAnyURI,False
datatype mismatch,ws,tax_id,20,1874687,https://www.ncbi.nlm.nih.gov/taxonomy/browser/wwwtax.cgi?id=1874687,,/github/workspace/logsheets/filtered/water_sampling.csv,XSDAnyURI,False
datatype mismatch,ws,tax_id,21,1874687,https://www.ncbi.nlm.nih.gov/taxonomy/browser/wwwtax.cgi?id=1874687,,/github/workspace/logsheets/filtered/water_sampling.csv,XSDAnyURI,False
datatype mismatch,ws,tax_id,22,1874687,https://www.ncbi.nlm.nih.gov/taxonomy/browser/wwwtax.cgi?id=1874687,,/github/workspace/logsheets/filtered/water_sampling.csv,XSDAnyURI,False
datatype mismatch,ws,tax_id,23,1874687,https://www.ncbi.nlm.nih.gov/taxonomy/browser/wwwtax.cgi?id=1874687,,/github/workspace/logsheets/filtered/water_sampling.csv,XSDAnyURI,False
datatype mismatch,ws,tax_id,24,1874687,https://www.ncbi.nlm.nih.gov/taxonomy/browser/wwwtax.cgi?id=1874687,,/github/workspace/logsheets/filtered/water_sampling.csv,XSDAnyURI,False
datatype mismatch,ws,tax_id,25,1874687,https://www.ncbi.nlm.nih.gov/taxonomy/browser/wwwtax.cgi?id=1874687,,/github/workspace/logsheets/filtered/water_sampling.csv,XSDAnyURI,False
datatype mismatch,ws,tax_id,26,1874687,https://www.ncbi.nlm.nih.gov/taxonomy/browser/wwwtax.cgi?id=1874687,,/github/workspace/logsheets/filtered/water_sampling.csv,XSDAnyURI,False
datatype mismatch,ws,tax_id,27,1874687,https://www.ncbi.nlm.nih.gov/taxonomy/browser/wwwtax.cgi?id=1874687,,/github/workspace/logsheets/filtered/water_sampling.csv,XSDAnyURI,False
datatype mismatch,ws,tax_id,28,256318,https://www.ncbi.nlm.nih.gov/taxonomy/browser/wwwtax.cgi?id=256318,,/github/workspace/logsheets/filtered/water_sampling.csv,XSDAnyURI,False
datatype mismatch,ws,tax_id,29,256318,https://www.ncbi.nlm.nih.gov/taxonomy/browser/wwwtax.cgi?id=256318,,/github/workspace/logsheets/filtered/water_sampling.csv,XSDAnyURI,False
datatype mismatch,ws,tax_id,30,1874687,https://www.ncbi.nlm.nih.gov/taxonomy/browser/wwwtax.cgi?id=1874687,,/github/workspace/logsheets/filtered/water_sampling.csv,XSDAnyURI,False
datatype mismatch,ws,tax_id,31,1874687,https://www.ncbi.nlm.nih.gov/taxonomy/browser/wwwtax.cgi?id=1874687,,/github/workspace/logsheets/filtered/water_sampling.csv,XSDAnyURI,False
datatype mismatch,ws,tax_id,32,1874687,https://www.ncbi.nlm.nih.gov/taxonomy/browser/wwwtax.cgi?id=1874687,,/github/workspace/logsheets/filtered/water_sampling.csv,XSDAnyURI,False
datatype mismatch,ws,tax_id,33,1874687,https://www.ncbi.nlm.nih.gov/taxonomy/browser/wwwtax.cgi?id=1874687,,/github/workspace/logsheets/filtered/water_sampling.csv,XSDAnyURI,False
datatype mismatch,ws,tax_id,34,256318,https://www.ncbi.nlm.nih.gov/taxonomy/browser/wwwtax.cgi?id=256318,,/github/workspace/logsheets/filtered/water_sampling.csv,XSDAnyURI,False
datatype mismatch,ws,tax_id,35,1874687,https://www.ncbi.nlm.nih.gov/taxonomy/browser/wwwtax.cgi?id=1874687,,/github/workspace/logsheets/filtered/water_sampling.csv,XSDAnyURI,False
datatype mismatch,ws,tax_id,36,1874687,https://www.ncbi.nlm.nih.gov/taxonomy/browser/wwwtax.cgi?id=1874687,,/github/workspace/logsheets/filtered/water_sampling.csv,XSDAnyURI,False
datatype mismatch,ws,tax_id,37,1874687,https://www.ncbi.nlm.nih.gov/taxonomy/browser/wwwtax.cgi?id=1874687,,/github/workspace/logsheets/filtered/water_sampling.csv,XSDAnyURI,False
datatype mismatch,ws,tax_id,38,1874687,https://www.ncbi.nlm.nih.gov/taxonomy/browser/wwwtax.cgi?id=1874687,,/github/workspace/logsheets/filtered/water_sampling.csv,XSDAnyURI,False
datatype mismatch,ws,tax_id,39,1874687,https://www.ncbi.nlm.nih.gov/taxonomy/browser/wwwtax.cgi?id=1874687,,/github/workspace/logsheets/filtered/water_sampling.csv,XSDAnyURI,False
datatype mismatch,ws,tax_id,40,1874687,https://www.ncbi.nlm.nih.gov/taxonomy/browser/wwwtax.cgi?id=1874687,,/github/workspace/logsheets/filtered/water_sampling.csv,XSDAnyURI,False
datatype mismatch,ws,tax_id,41,1874687,https://www.ncbi.nlm.nih.gov/taxonomy/browser/wwwtax.cgi?id=1874687,,/github/workspace/logsheets/filtered/water_sampling.csv,XSDAnyURI,False
datatype mismatch,ws,tax_id,42,1874687,https://www.ncbi.nlm.nih.gov/taxonomy/browser/wwwtax.cgi?id=1874687,,/github/workspace/logsheets/filtered/water_sampling.csv,XSDAnyURI,False
datatype mismatch,ws,tax_id,43,256318,https://www.ncbi.nlm.nih.gov/taxonomy/browser/wwwtax.cgi?id=256318,,/github/workspace/logsheets/filtered/water_sampling.csv,XSDAnyURI,False
datatype mismatch,ws,tax_id,44,256318,https://www.ncbi.nlm.nih.gov/taxonomy/browser/wwwtax.cgi?id=256318,,/github/workspace/logsheets/filtered/water_sampling.csv,XSDAnyURI,False
datatype mismatch,ws,tax_id,45,1874687,https://www.ncbi.nlm.nih.gov/taxonomy/browser/wwwtax.cgi?id=1874687,,/github/workspace/logsheets/filtered/water_sampling.csv,XSDAnyURI,False
datatype mismatch,ws,tax_id,46,1874687,https://www.ncbi.nlm.nih.gov/taxonomy/browser/wwwtax.cgi?id=1874687,,/github/workspace/logsheets/filtered/water_sampling.csv,XSDAnyURI,False
datatype mismatch,ws,tax_id,47,1874687,https://www.ncbi.nlm.nih.gov/taxonomy/browser/wwwtax.cgi?id=1874687,,/github/workspace/logsheets/filtered/water_sampling.csv,XSDAnyURI,False
datatype mismatch,ws,tax_id,48,1874687,https://www.ncbi.nlm.nih.gov/taxonomy/browser/wwwtax.cgi?id=1874687,,/github/workspace/logsheets/filtered/water_sampling.csv,XSDAnyURI,False
datatype mismatch,ws,tax_id,49,256318,https://www.ncbi.nlm.nih.gov/taxonomy/browser/wwwtax.cgi?id=256318,,/github/workspace/logsheets/filtered/water_sampling.csv,XSDAnyURI,False
missing value,ws,tax_id,350,,,,/github/workspace/logsheets/filtered/water_sampling.csv,XSDAnyURI,False
missing value,ws,tax_id,351,,,,/github/workspace/logsheets/filtered/water_sampling.csv,XSDAnyURI,False
missing value,ws,tax_id,352,,,,/github/workspace/logsheets/filtered/water_sampling.csv,XSDAnyURI,False
missing value,ws,tax_id,353,,,,/github/workspace/logsheets/filtered/water_sampling.csv,XSDAnyURI,False
missing value,ws,tax_id,354,,,,/github/workspace/logsheets/filtered/water_sampling.csv,XSDAnyURI,False
missing value,ws,tax_id,355,,,,/github/workspace/logsheets/filtered/water_sampling.csv,XSDAnyURI,False
missing value,ws,tax_id,356,,,,/github/workspace/logsheets/filtered/water_sampling.csv,XSDAnyURI,False
missing value,ws,tax_id,357,,,,/github/workspace/logsheets/filtered/water_sampling.csv,XSDAnyURI,False
missing value,ws,tax_id,358,,,,/github/workspace/logsheets/filtered/water_sampling.csv,XSDAnyURI,False
missing value,ws,tax_id,359,,,,/github/workspace/logsheets/filtered/water_sampling.csv,XSDAnyURI,False
missing value,ws,tax_id,360,,,,/github/workspace/logsheets/filtered/water_sampling.csv,XSDAnyURI,False
missing value,ws,tax_id,361,,,,/github/workspace/logsheets/filtered/water_sampling.csv,XSDAnyURI,False
missing value,ws,tax_id,362,,,,/github/workspace/logsheets/filtered/water_sampling.csv,XSDAnyURI,False
missing value,ws,tax_id,363,,,,/github/workspace/logsheets/filtered/water_sampling.csv,XSDAnyURI,False
missing value,ws,tax_id,364,,,,/github/workspace/logsheets/filtered/water_sampling.csv,XSDAnyURI,False
missing value,ws,tax_id,365,,,,/github/workspace/logsheets/filtered/water_sampling.csv,XSDAnyURI,False
missing value,ws,tax_id,366,,,,/github/workspace/logsheets/filtered/water_sampling.csv,XSDAnyURI,False
missing value,ws,tax_id,367,,,,/github/workspace/logsheets/filtered/water_sampling.csv,XSDAnyURI,False
missing value,ws,tax_id,368,,,,/github/workspace/logsheets/filtered/water_sampling.csv,XSDAnyURI,False
missing value,ws,tax_id,369,,,,/github/workspace/logsheets/filtered/water_sampling.csv,XSDAnyURI,False
missing value,ws,tax_id,370,,,,/github/workspace/logsheets/filtered/water_sampling.csv,XSDAnyURI,False
missing value,ws,tax_id,371,,,,/github/workspace/logsheets/filtered/water_sampling.csv,XSDAnyURI,False
missing value,ws,tax_id,372,,,,/github/workspace/logsheets/filtered/water_sampling.csv,XSDAnyURI,False
missing value,ws,tax_id,373,,,,/github/workspace/logsheets/filtered/water_sampling.csv,XSDAnyURI,False
missing value,ws,tax_id,374,,,,/github/workspace/logsheets/filtered/water_sampling.csv,XSDAnyURI,False
missing value,ws,tax_id,375,,,,/github/workspace/logsheets/filtered/water_sampling.csv,XSDAnyURI,False
missing value,ws,tax_id,376,,,,/github/workspace/logsheets/filtered/water_sampling.csv,XSDAnyURI,False
missing value,ws,tax_id,377,,,,/github/workspace/logsheets/filtered/water_sampling.csv,XSDAnyURI,False
missing value,ws,tax_id,378,,,,/github/workspace/logsheets/filtered/water_sampling.csv,XSDAnyURI,False
missing value,ws,tax_id,379,,,,/github/workspace/logsheets/filtered/water_sampling.csv,XSDAnyURI,False
missing value,ws,tax_id,380,,,,/github/workspace/logsheets/filtered/water_sampling.csv,XSDAnyURI,False
missing value,ws,tax_id,381,,,,/github/workspace/logsheets/filtered/water_sampling.csv,XSDAnyURI,False
missing value,ws,tax_id,382,,,,/github/workspace/logsheets/filtered/water_sampling.csv,XSDAnyURI,False
missing value,ws,tax_id,383,,,,/github/workspace/logsheets/filtered/water_sampling.csv,XSDAnyURI,False
missing value,ws,tax_id,384,,,,/github/workspace/logsheets/filtered/water_sampling.csv,XSDAnyURI,False
missing value,ws,tax_id,385,,,,/github/workspace/logsheets/filtered/water_sampling.csv,XSDAnyURI,False
missing value,ws,tax_id,386,,,,/github/workspace/logsheets/filtered/water_sampling.csv,XSDAnyURI,False
missing value,ws,tax_id,387,,,,/github/workspace/logsheets/filtered/water_sampling.csv,XSDAnyURI,False
missing value,ws,tax_id,388,,,,/github/workspace/logsheets/filtered/water_sampling.csv,XSDAnyURI,False
missing value,ws,tax_id,389,,,,/github/workspace/logsheets/filtered/water_sampling.csv,XSDAnyURI,False
missing value,ws,tax_id,390,,,,/github/workspace/logsheets/filtered/water_sampling.csv,XSDAnyURI,False
missing value,ws,tax_id,391,,,,/github/workspace/logsheets/filtered/water_sampling.csv,XSDAnyURI,False
missing value,ws,time_fi,350,,,,/github/workspace/logsheets/filtered/water_sampling.csv,XSDString,False
missing value,ws,time_fi,351,,,,/github/workspace/logsheets/filtered/water_sampling.csv,XSDString,False
missing value,ws,time_fi,352,,,,/github/workspace/logsheets/filtered/water_sampling.csv,XSDString,False
missing value,ws,time_fi,353,,,,/github/workspace/logsheets/filtered/water_sampling.csv,XSDString,False
missing value,ws,time_fi,354,,,,/github/workspace/logsheets/filtered/water_sampling.csv,XSDString,False
missing value,ws,time_fi,355,,,,/github/workspace/logsheets/filtered/water_sampling.csv,XSDString,False
missing value,ws,time_fi,356,,,,/github/workspace/logsheets/filtered/water_sampling.csv,XSDString,False
missing value,ws,time_fi,357,,,,/github/workspace/logsheets/filtered/water_sampling.csv,XSDString,False
missing value,ws,time_fi,358,,,,/github/workspace/logsheets/filtered/water_sampling.csv,XSDString,False
missing value,ws,time_fi,359,,,,/github/workspace/logsheets/filtered/water_sampling.csv,XSDString,False
missing value,ws,time_fi,360,,,,/github/workspace/logsheets/filtered/water_sampling.csv,XSDString,False
missing value,ws,time_fi,361,,,,/github/workspace/logsheets/filtered/water_sampling.csv,XSDString,False
missing value,ws,time_fi,362,,,,/github/workspace/logsheets/filtered/water_sampling.csv,XSDString,False
missing value,ws,time_fi,363,,,,/github/workspace/logsheets/filtered/water_sampling.csv,XSDString,False
missing value,ws,time_fi,364,,,,/github/workspace/logsheets/filtered/water_sampling.csv,XSDString,False
missing value,ws,time_fi,365,,,,/github/workspace/logsheets/filtered/water_sampling.csv,XSDString,False
missing value,ws,time_fi,366,,,,/github/workspace/logsheets/filtered/water_sampling.csv,XSDString,False
missing value,ws,time_fi,367,,,,/github/workspace/logsheets/filtered/water_sampling.csv,XSDString,False
missing value,ws,time_fi,368,,,,/github/workspace/logsheets/filtered/water_sampling.csv,XSDString,False
missing value,ws,time_fi,369,,,,/github/workspace/logsheets/filtered/water_sampling.csv,XSDString,False
missing value,ws,time_fi,370,,,,/github/workspace/logsheets/filtered/water_sampling.csv,XSDString,False
missing value,ws,time_fi,371,,,,/github/workspace/logsheets/filtered/water_sampling.csv,XSDString,False
missing value,ws,time_fi,372,,,,/github/workspace/logsheets/filtered/water_sampling.csv,XSDString,False
missing value,ws,time_fi,373,,,,/github/workspace/logsheets/filtered/water_sampling.csv,XSDString,False
missing value,ws,time_fi,374,,,,/github/workspace/logsheets/filtered/water_sampling.csv,XSDString,False
missing value,ws,time_fi,375,,,,/github/workspace/logsheets/filtered/water_sampling.csv,XSDString,False
missing value,ws,time_fi,376,,,,/github/workspace/logsheets/filtered/water_sampling.csv,XSDString,False
missing value,ws,time_fi,377,,,,/github/workspace/logsheets/filtered/water_sampling.csv,XSDString,False
missing value,ws,time_fi,378,,,,/github/workspace/logsheets/filtered/water_sampling.csv,XSDString,False
missing value,ws,time_fi,379,,,,/github/workspace/logsheets/filtered/water_sampling.csv,XSDString,False
missing value,ws,time_fi,380,,,,/github/workspace/logsheets/filtered/water_sampling.csv,XSDString,False
missing value,ws,time_fi,381,,,,/github/workspace/logsheets/filtered/water_sampling.csv,XSDString,False
missing value,ws,time_fi,382,,,,/github/workspace/logsheets/filtered/water_sampling.csv,XSDString,False
missing value,ws,time_fi,383,,,,/github/workspace/logsheets/filtered/water_sampling.csv,XSDString,False
missing value,ws,time_fi,384,,,,/github/workspace/logsheets/filtered/water_sampling.csv,XSDString,False
missing value,ws,time_fi,385,,,,/github/workspace/logsheets/filtered/water_sampling.csv,XSDString,False
missing value,ws,time_fi,386,,,,/github/workspace/logsheets/filtered/water_sampling.csv,XSDString,False
missing value,ws,time_fi,387,,,,/github/workspace/logsheets/filtered/water_sampling.csv,XSDString,False
missing value,ws,time_fi,388,,,,/github/workspace/logsheets/filtered/water_sampling.csv,XSDString,False
missing value,ws,time_fi,389,,,,/github/workspace/logsheets/filtered/water_sampling.csv,XSDString,False
missing value,ws,time_fi,390,,,,/github/workspace/logsheets/filtered/water_sampling.csv,XSDString,False
missing value,ws,time_fi,391,,,,/github/workspace/logsheets/filtered/water_sampling.csv,XSDString,False
missing value,ws,failure,1,,,,/github/workspace/logsheets/filtered/water_sampling.csv,XSDBoolean,False
missing value,ws,failure,2,,,,/github/workspace/logsheets/filtered/water_sampling.csv,XSDBoolean,False
missing value,ws,failure,3,,,,/github/workspace/logsheets/filtered/water_sampling.csv,XSDBoolean,False
missing value,ws,failure,4,,,,/github/workspace/logsheets/filtered/water_sampling.csv,XSDBoolean,False
missing value,ws,failure,5,,,,/github/workspace/logsheets/filtered/water_sampling.csv,XSDBoolean,False
missing value,ws,failure,6,,,,/github/workspace/logsheets/filtered/water_sampling.csv,XSDBoolean,False
missing value,ws,failure,7,,,,/github/workspace/logsheets/filtered/water_sampling.csv,XSDBoolean,False
missing value,ws,failure,8,,,,/github/workspace/logsheets/filtered/water_sampling.csv,XSDBoolean,False
missing value,ws,failure,9,,,,/github/workspace/logsheets/filtered/water_sampling.csv,XSDBoolean,False
missing value,ws,failure,10,,,,/github/workspace/logsheets/filtered/water_sampling.csv,XSDBoolean,False
missing value,ws,failure,11,,,,/github/workspace/logsheets/filtered/water_sampling.csv,XSDBoolean,False
missing value,ws,failure,12,,,,/github/workspace/logsheets/filtered/water_sampling.csv,XSDBoolean,False
missing value,ws,failure,13,,,,/github/workspace/logsheets/filtered/water_sampling.csv,XSDBoolean,False
missing value,ws,failure,14,,,,/github/workspace/logsheets/filtered/water_sampling.csv,XSDBoolean,False
missing value,ws,failure,15,,,,/github/workspace/logsheets/filtered/water_sampling.csv,XSDBoolean,False
missing value,ws,failure,16,,,,/github/workspace/logsheets/filtered/water_sampling.csv,XSDBoolean,False
missing value,ws,failure,17,,,,/github/workspace/logsheets/filtered/water_sampling.csv,XSDBoolean,False
missing value,ws,failure,18,,,,/github/workspace/logsheets/filtered/water_sampling.csv,XSDBoolean,False
missing value,ws,failure,19,,,,/github/workspace/logsheets/filtered/water_sampling.csv,XSDBoolean,False
datatype mismatch,ws,failure,20,F,false,,/github/workspace/logsheets/filtered/water_sampling.csv,XSDBoolean,False
datatype mismatch,ws,failure,21,F,false,,/github/workspace/logsheets/filtered/water_sampling.csv,XSDBoolean,False
missing value,ws,failure,22,,,,/github/workspace/logsheets/filtered/water_sampling.csv,XSDBoolean,False
missing value,ws,failure,23,,,,/github/workspace/logsheets/filtered/water_sampling.csv,XSDBoolean,False
datatype mismatch,ws,failure,24,F,false,,/github/workspace/logsheets/filtered/water_sampling.csv,XSDBoolean,False
datatype mismatch,ws,failure,25,F,false,,/github/workspace/logsheets/filtered/water_sampling.csv,XSDBoolean,False
missing value,ws,failure,26,,,,/github/workspace/logsheets/filtered/water_sampling.csv,XSDBoolean,False
missing value,ws,failure,27,,,,/github/workspace/logsheets/filtered/water_sampling.csv,XSDBoolean,False
missing value,ws,failure,28,,,,/github/workspace/logsheets/filtered/water_sampling.csv,XSDBoolean,False
missing value,ws,failure,29,,,,/github/workspace/logsheets/filtered/water_sampling.csv,XSDBoolean,False
missing value,ws,failure,30,,,,/github/workspace/logsheets/filtered/water_sampling.csv,XSDBoolean,False
missing value,ws,failure,31,,,,/github/workspace/logsheets/filtered/water_sampling.csv,XSDBoolean,False
missing value,ws,failure,32,,,,/github/workspace/logsheets/filtered/water_sampling.csv,XSDBoolean,False
missing value,ws,failure,33,,,,/github/workspace/logsheets/filtered/water_sampling.csv,XSDBoolean,False
missing value,ws,failure,34,,,,/github/workspace/logsheets/filtered/water_sampling.csv,XSDBoolean,False
datatype mismatch,ws,failure,35,F,false,,/github/workspace/logsheets/filtered/water_sampling.csv,XSDBoolean,False
datatype mismatch,ws,failure,36,F,false,,/github/workspace/logsheets/filtered/water_sampling.csv,XSDBoolean,False
missing value,ws,failure,37,,,,/github/workspace/logsheets/filtered/water_sampling.csv,XSDBoolean,False
missing value,ws,failure,38,,,,/github/workspace/logsheets/filtered/water_sampling.csv,XSDBoolean,False
datatype mismatch,ws,failure,39,F,false,,/github/workspace/logsheets/filtered/water_sampling.csv,XSDBoolean,False
datatype mismatch,ws,failure,40,F,false,,/github/workspace/logsheets/filtered/water_sampling.csv,XSDBoolean,False
missing value,ws,failure,41,,,,/github/workspace/logsheets/filtered/water_sampling.csv,XSDBoolean,False
missing value,ws,failure,42,,,,/github/workspace/logsheets/filtered/water_sampling.csv,XSDBoolean,False
missing value,ws,failure,43,,,,/github/workspace/logsheets/filtered/water_sampling.csv,XSDBoolean,False
missing value,ws,failure,44,,,,/github/workspace/logsheets/filtered/water_sampling.csv,XSDBoolean,False
missing value,ws,failure,45,,,,/github/workspace/logsheets/filtered/water_sampling.csv,XSDBoolean,False
missing value,ws,failure,46,,,,/github/workspace/logsheets/filtered/water_sampling.csv,XSDBoolean,False
missing value,ws,failure,47,,,,/github/workspace/logsheets/filtered/water_sampling.csv,XSDBoolean,False
missing value,ws,failure,48,,,,/github/workspace/logsheets/filtered/water_sampling.csv,XSDBoolean,False
missing value,ws,failure,49,,,,/github/workspace/logsheets/filtered/water_sampling.csv,XSDBoolean,False
missing value,ws,failure,350,,,,/github/workspace/logsheets/filtered/water_sampling.csv,XSDBoolean,False
missing value,ws,failure,351,,,,/github/workspace/logsheets/filtered/water_sampling.csv,XSDBoolean,False
missing value,ws,failure,352,,,,/github/workspace/logsheets/filtered/water_sampling.csv,XSDBoolean,False
missing value,ws,failure,353,,,,/github/workspace/logsheets/filtered/water_sampling.csv,XSDBoolean,False
missing value,ws,failure,354,,,,/github/workspace/logsheets/filtered/water_sampling.csv,XSDBoolean,False
missing value,ws,failure,355,,,,/github/workspace/logsheets/filtered/water_sampling.csv,XSDBoolean,False
missing value,ws,failure,356,,,,/github/workspace/logsheets/filtered/water_sampling.csv,XSDBoolean,False
missing value,ws,failure,357,,,,/github/workspace/logsheets/filtered/water_sampling.csv,XSDBoolean,False
missing value,ws,failure,358,,,,/github/workspace/logsheets/filtered/water_sampling.csv,XSDBoolean,False
missing value,ws,failure,359,,,,/github/workspace/logsheets/filtered/water_sampling.csv,XSDBoolean,False
missing value,ws,failure,360,,,,/github/workspace/logsheets/filtered/water_sampling.csv,XSDBoolean,False
missing value,ws,failure,361,,,,/github/workspace/logsheets/filtered/water_sampling.csv,XSDBoolean,False
missing value,ws,failure,362,,,,/github/workspace/logsheets/filtered/water_sampling.csv,XSDBoolean,False
missing value,ws,failure,363,,,,/github/workspace/logsheets/filtered/water_sampling.csv,XSDBoolean,False
missing value,ws,failure,364,,,,/github/workspace/logsheets/filtered/water_sampling.csv,XSDBoolean,False
missing value,ws,failure,365,,,,/github/workspace/logsheets/filtered/water_sampling.csv,XSDBoolean,False
missing value,ws,failure,366,,,,/github/workspace/logsheets/filtered/water_sampling.csv,XSDBoolean,False
missing value,ws,failure,367,,,,/github/workspace/logsheets/filtered/water_sampling.csv,XSDBoolean,False
missing value,ws,failure,368,,,,/github/workspace/logsheets/filtered/water_sampling.csv,XSDBoolean,False
missing value,ws,failure,369,,,,/github/workspace/logsheets/filtered/water_sampling.csv,XSDBoolean,False
missing value,ws,failure,370,,,,/github/workspace/logsheets/filtered/water_sampling.csv,XSDBoolean,False
missing value,ws,failure,371,,,,/github/workspace/logsheets/filtered/water_sampling.csv,XSDBoolean,False
missing value,ws,failure,372,,,,/github/workspace/logsheets/filtered/water_sampling.csv,XSDBoolean,False
missing value,ws,failure,373,,,,/github/workspace/logsheets/filtered/water_sampling.csv,XSDBoolean,False
missing value,ws,failure,374,,,,/github/workspace/logsheets/filtered/water_sampling.csv,XSDBoolean,False
missing value,ws,failure,375,,,,/github/workspace/logsheets/filtered/water_sampling.csv,XSDBoolean,False
missing value,ws,failure,376,,,,/github/workspace/logsheets/filtered/water_sampling.csv,XSDBoolean,False
missing value,ws,failure,377,,,,/github/workspace/logsheets/filtered/water_sampling.csv,XSDBoolean,False
missing value,ws,failure,378,,,,/github/workspace/logsheets/filtered/water_sampling.csv,XSDBoolean,False
missing value,ws,failure,379,,,,/github/workspace/logsheets/filtered/water_sampling.csv,XSDBoolean,False
missing value,ws,failure,380,,,,/github/workspace/logsheets/filtered/water_sampling.csv,XSDBoolean,False
missing value,ws,failure,381,,,,/github/workspace/logsheets/filtered/water_sampling.csv,XSDBoolean,False
missing value,ws,failure,382,,,,/github/workspace/logsheets/filtered/water_sampling.csv,XSDBoolean,False
missing value,ws,failure,383,,,,/github/workspace/logsheets/filtered/water_sampling.csv,XSDBoolean,False
missing value,ws,failure,384,,,,/github/workspace/logsheets/filtered/water_sampling.csv,XSDBoolean,False
missing value,ws,failure,385,,,,/github/workspace/logsheets/filtered/water_sampling.csv,XSDBoolean,False
missing value,ws,failure,386,,,,/github/workspace/logsheets/filtered/water_sampling.csv,XSDBoolean,False
missing value,ws,failure,387,,,,/github/workspace/logsheets/filtered/water_sampling.csv,XSDBoolean,False
missing value,ws,failure,388,,,,/github/workspace/logsheets/filtered/water_sampling.csv,XSDBoolean,False
missing value,ws,failure,389,,,,/github/workspace/logsheets/filtered/water_sampling.csv,XSDBoolean,False
missing value,ws,failure,390,,,,/github/workspace/logsheets/filtered/water_sampling.csv,XSDBoolean,False
missing value,ws,failure,391,,,,/github/workspace/logsheets/filtered/water_sampling.csv,XSDBoolean,False
missing value,ws,scientific_name,350,,,,/github/workspace/logsheets/filtered/water_sampling.csv,XSDString,False
missing value,ws,scientific_name,351,,,,/github/workspace/logsheets/filtered/water_sampling.csv,XSDString,False
missing value,ws,scientific_name,352,,,,/github/workspace/logsheets/filtered/water_sampling.csv,XSDString,False
missing value,ws,scientific_name,353,,,,/github/workspace/logsheets/filtered/water_sampling.csv,XSDString,False
missing value,ws,scientific_name,354,,,,/github/workspace/logsheets/filtered/water_sampling.csv,XSDString,False
missing value,ws,scientific_name,355,,,,/github/workspace/logsheets/filtered/water_sampling.csv,XSDString,False
missing value,ws,scientific_name,356,,,,/github/workspace/logsheets/filtered/water_sampling.csv,XSDString,False
missing value,ws,scientific_name,357,,,,/github/workspace/logsheets/filtered/water_sampling.csv,XSDString,False
missing value,ws,scientific_name,358,,,,/github/workspace/logsheets/filtered/water_sampling.csv,XSDString,False
missing value,ws,scientific_name,359,,,,/github/workspace/logsheets/filtered/water_sampling.csv,XSDString,False
missing value,ws,scientific_name,360,,,,/github/workspace/logsheets/filtered/water_sampling.csv,XSDString,False
missing value,ws,scientific_name,361,,,,/github/workspace/logsheets/filtered/water_sampling.csv,XSDString,False
missing value,ws,scientific_name,362,,,,/github/workspace/logsheets/filtered/water_sampling.csv,XSDString,False
missing value,ws,scientific_name,363,,,,/github/workspace/logsheets/filtered/water_sampling.csv,XSDString,False
missing value,ws,scientific_name,364,,,,/github/workspace/logsheets/filtered/water_sampling.csv,XSDString,False
missing value,ws,scientific_name,365,,,,/github/workspace/logsheets/filtered/water_sampling.csv,XSDString,False
missing value,ws,scientific_name,366,,,,/github/workspace/logsheets/filtered/water_sampling.csv,XSDString,False
missing value,ws,scientific_name,367,,,,/github/workspace/logsheets/filtered/water_sampling.csv,XSDString,False
missing value,ws,scientific_name,368,,,,/github/workspace/logsheets/filtered/water_sampling.csv,XSDString,False
missing value,ws,scientific_name,369,,,,/github/workspace/logsheets/filtered/water_sampling.csv,XSDString,False
missing value,ws,scientific_name,370,,,,/github/workspace/logsheets/filtered/water_sampling.csv,XSDString,False
missing value,ws,scientific_name,371,,,,/github/workspace/logsheets/filtered/water_sampling.csv,XSDString,False
missing value,ws,scientific_name,372,,,,/github/workspace/logsheets/filtered/water_sampling.csv,XSDString,False
missing value,ws,scientific_name,373,,,,/github/workspace/logsheets/filtered/water_sampling.csv,XSDString,False
missing value,ws,scientific_name,374,,,,/github/workspace/logsheets/filtered/water_sampling.csv,XSDString,False
missing value,ws,scientific_name,375,,,,/github/workspace/logsheets/filtered/water_sampling.csv,XSDString,False
missing value,ws,scientific_name,376,,,,/github/workspace/logsheets/filtered/water_sampling.csv,XSDString,False
missing value,ws,scientific_name,377,,,,/github/workspace/logsheets/filtered/water_sampling.csv,XSDString,False
missing value,ws,scientific_name,378,,,,/github/workspace/logsheets/filtered/water_sampling.csv,XSDString,False
missing value,ws,scientific_name,379,,,,/github/workspace/logsheets/filtered/water_sampling.csv,XSDString,False
missing value,ws,scientific_name,380,,,,/github/workspace/logsheets/filtered/water_sampling.csv,XSDString,False
missing value,ws,scientific_name,381,,,,/github/workspace/logsheets/filtered/water_sampling.csv,XSDString,False
missing value,ws,scientific_name,382,,,,/github/workspace/logsheets/filtered/water_sampling.csv,XSDString,False
missing value,ws,scientific_name,383,,,,/github/workspace/logsheets/filtered/water_sampling.csv,XSDString,False
missing value,ws,scientific_name,384,,,,/github/workspace/logsheets/filtered/water_sampling.csv,XSDString,False
missing value,ws,scientific_name,385,,,,/github/workspace/logsheets/filtered/water_sampling.csv,XSDString,False
missing value,ws,scientific_name,386,,,,/github/workspace/logsheets/filtered/water_sampling.csv,XSDString,False
missing value,ws,scientific_name,387,,,,/github/workspace/logsheets/filtered/water_sampling.csv,XSDString,False
missing value,ws,scientific_name,388,,,,/github/workspace/logsheets/filtered/water_sampling.csv,XSDString,False
missing value,ws,scientific_name,389,,,,/github/workspace/logsheets/filtered/water_sampling.csv,XSDString,False
missing value,ws,scientific_name,390,,,,/github/workspace/logsheets/filtered/water_sampling.csv,XSDString,False
missing value,ws,scientific_name,391,,,,/github/workspace/logsheets/filtered/water_sampling.csv,XSDString,False
missing value,ws,source_mat_id_orig,350,,,,/github/workspace/logsheets/filtered/water_sampling.csv,XSDString,False
missing value,ws,source_mat_id_orig,351,,,,/github/workspace/logsheets/filtered/water_sampling.csv,XSDString,False
missing value,ws,source_mat_id_orig,352,,,,/github/workspace/logsheets/filtered/water_sampling.csv,XSDString,False
missing value,ws,source_mat_id_orig,353,,,,/github/workspace/logsheets/filtered/water_sampling.csv,XSDString,False
missing value,ws,source_mat_id_orig,354,,,,/github/workspace/logsheets/filtered/water_sampling.csv,XSDString,False
missing value,ws,source_mat_id_orig,355,,,,/github/workspace/logsheets/filtered/water_sampling.csv,XSDString,False
missing value,ws,source_mat_id_orig,356,,,,/github/workspace/logsheets/filtered/water_sampling.csv,XSDString,False
missing value,ws,source_mat_id_orig,357,,,,/github/workspace/logsheets/filtered/water_sampling.csv,XSDString,False
missing value,ws,source_mat_id_orig,358,,,,/github/workspace/logsheets/filtered/water_sampling.csv,XSDString,False
missing value,ws,source_mat_id_orig,359,,,,/github/workspace/logsheets/filtered/water_sampling.csv,XSDString,False
missing value,ws,source_mat_id_orig,360,,,,/github/workspace/logsheets/filtered/water_sampling.csv,XSDString,False
missing value,ws,source_mat_id_orig,361,,,,/github/workspace/logsheets/filtered/water_sampling.csv,XSDString,False
missing value,ws,source_mat_id_orig,362,,,,/github/workspace/logsheets/filtered/water_sampling.csv,XSDString,False
missing value,ws,source_mat_id_orig,363,,,,/github/workspace/logsheets/filtered/water_sampling.csv,XSDString,False
missing value,ws,source_mat_id_orig,364,,,,/github/workspace/logsheets/filtered/water_sampling.csv,XSDString,False
missing value,ws,source_mat_id_orig,365,,,,/github/workspace/logsheets/filtered/water_sampling.csv,XSDString,False
missing value,ws,source_mat_id_orig,366,,,,/github/workspace/logsheets/filtered/water_sampling.csv,XSDString,False
missing value,ws,source_mat_id_orig,367,,,,/github/workspace/logsheets/filtered/water_sampling.csv,XSDString,False
missing value,ws,source_mat_id_orig,368,,,,/github/workspace/logsheets/filtered/water_sampling.csv,XSDString,False
missing value,ws,source_mat_id_orig,369,,,,/github/workspace/logsheets/filtered/water_sampling.csv,XSDString,False
missing value,ws,source_mat_id_orig,370,,,,/github/workspace/logsheets/filtered/water_sampling.csv,XSDString,False
missing value,ws,source_mat_id_orig,371,,,,/github/workspace/logsheets/filtered/water_sampling.csv,XSDString,False
missing value,ws,source_mat_id_orig,372,,,,/github/workspace/logsheets/filtered/water_sampling.csv,XSDString,False
missing value,ws,source_mat_id_orig,373,,,,/github/workspace/logsheets/filtered/water_sampling.csv,XSDString,False
missing value,ws,source_mat_id_orig,374,,,,/github/workspace/logsheets/filtered/water_sampling.csv,XSDString,False
missing value,ws,source_mat_id_orig,375,,,,/github/workspace/logsheets/filtered/water_sampling.csv,XSDString,False
missing value,ws,source_mat_id_orig,376,,,,/github/workspace/logsheets/filtered/water_sampling.csv,XSDString,False
missing value,ws,source_mat_id_orig,377,,,,/github/workspace/logsheets/filtered/water_sampling.csv,XSDString,False
missing value,ws,source_mat_id_orig,378,,,,/github/workspace/logsheets/filtered/water_sampling.csv,XSDString,False
missing value,ws,source_mat_id_orig,379,,,,/github/workspace/logsheets/filtered/water_sampling.csv,XSDString,False
missing value,ws,source_mat_id_orig,380,,,,/github/workspace/logsheets/filtered/water_sampling.csv,XSDString,False
missing value,ws,source_mat_id_orig,381,,,,/github/workspace/logsheets/filtered/water_sampling.csv,XSDString,False
missing value,ws,source_mat_id_orig,382,,,,/github/workspace/logsheets/filtered/water_sampling.csv,XSDString,False
missing value,ws,source_mat_id_orig,383,,,,/github/workspace/logsheets/filtered/water_sampling.csv,XSDString,False
missing value,ws,source_mat_id_orig,384,,,,/github/workspace/logsheets/filtered/water_sampling.csv,XSDString,False
missing value,ws,source_mat_id_orig,385,,,,/github/workspace/logsheets/filtered/water_sampling.csv,XSDString,False
missing value,ws,source_mat_id_orig,386,,,,/github/workspace/logsheets/filtered/water_sampling.csv,XSDString,False
missing value,ws,source_mat_id_orig,387,,,,/github/workspace/logsheets/filtered/water_sampling.csv,XSDString,False
missing value,ws,source_mat_id_orig,388,,,,/github/workspace/logsheets/filtered/water_sampling.csv,XSDString,False
missing value,ws,source_mat_id_orig,389,,,,/github/workspace/logsheets/filtered/water_sampling.csv,XSDString,False
missing value,ws,source_mat_id_orig,390,,,,/github/workspace/logsheets/filtered/water_sampling.csv,XSDString,False
missing value,ws,source_mat_id_orig,391,,,,/github/workspace/logsheets/filtered/water_sampling.csv,XSDString,False
datatype mismatch,ws,samp_store_date,1,2022-08-30 00:00:00,2022-08-30,,/github/workspace/logsheets/filtered/water_sampling.csv,XSDDate,False
datatype mismatch,ws,samp_store_date,2,2022-08-30 00:00:00,2022-08-30,,/github/workspace/logsheets/filtered/water_sampling.csv,XSDDate,False
datatype mismatch,ws,samp_store_date,3,2022-08-30 00:00:00,2022-08-30,,/github/workspace/logsheets/filtered/water_sampling.csv,XSDDate,False
datatype mismatch,ws,samp_store_date,4,2022-08-30 00:00:00,2022-08-30,,/github/workspace/logsheets/filtered/water_sampling.csv,XSDDate,False
datatype mismatch,ws,samp_store_date,5,2022-08-30 00:00:00,2022-08-30,,/github/workspace/logsheets/filtered/water_sampling.csv,XSDDate,False
datatype mismatch,ws,samp_store_date,6,2022-08-30 00:00:00,2022-08-30,,/github/workspace/logsheets/filtered/water_sampling.csv,XSDDate,False
datatype mismatch,ws,samp_store_date,7,2022-08-30 00:00:00,2022-08-30,,/github/workspace/logsheets/filtered/water_sampling.csv,XSDDate,False
datatype mismatch,ws,samp_store_date,8,2022-08-30 00:00:00,2022-08-30,,/github/workspace/logsheets/filtered/water_sampling.csv,XSDDate,False
datatype mismatch,ws,samp_store_date,9,2022-08-30 00:00:00,2022-08-30,,/github/workspace/logsheets/filtered/water_sampling.csv,XSDDate,False
datatype mismatch,ws,samp_store_date,10,2022-08-30 00:00:00,2022-08-30,,/github/workspace/logsheets/filtered/water_sampling.csv,XSDDate,False
datatype mismatch,ws,samp_store_date,11,2022-08-30 00:00:00,2022-08-30,,/github/workspace/logsheets/filtered/water_sampling.csv,XSDDate,False
datatype mismatch,ws,samp_store_date,12,2022-08-30 00:00:00,2022-08-30,,/github/workspace/logsheets/filtered/water_sampling.csv,XSDDate,False
datatype mismatch,ws,samp_store_date,13,2022-08-30 00:00:00,2022-08-30,,/github/workspace/logsheets/filtered/water_sampling.csv,XSDDate,False
datatype mismatch,ws,samp_store_date,14,2022-08-30 00:00:00,2022-08-30,,/github/workspace/logsheets/filtered/water_sampling.csv,XSDDate,False
datatype mismatch,ws,samp_store_date,15,2022-08-30 00:00:00,2022-08-30,,/github/workspace/logsheets/filtered/water_sampling.csv,XSDDate,False
datatype mismatch,ws,samp_store_date,16,2022-08-30 00:00:00,2022-08-30,,/github/workspace/logsheets/filtered/water_sampling.csv,XSDDate,False
datatype mismatch,ws,samp_store_date,17,2022-08-30 00:00:00,2022-08-30,,/github/workspace/logsheets/filtered/water_sampling.csv,XSDDate,False
datatype mismatch,ws,samp_store_date,18,2022-08-30 00:00:00,2022-08-30,,/github/workspace/logsheets/filtered/water_sampling.csv,XSDDate,False
datatype mismatch,ws,samp_store_date,19,2022-08-30 00:00:00,2022-08-30,,/github/workspace/logsheets/filtered/water_sampling.csv,XSDDate,False
datatype mismatch,ws,samp_store_date,20,2022-10-25 00:00:00,2022-10-25,,/github/workspace/logsheets/filtered/water_sampling.csv,XSDDate,False
datatype mismatch,ws,samp_store_date,21,2022-10-25 00:00:00,2022-10-25,,/github/workspace/logsheets/filtered/water_sampling.csv,XSDDate,False
datatype mismatch,ws,samp_store_date,22,2022-10-25 00:00:00,2022-10-25,,/github/workspace/logsheets/filtered/water_sampling.csv,XSDDate,False
datatype mismatch,ws,samp_store_date,23,2022-10-25 00:00:00,2022-10-25,,/github/workspace/logsheets/filtered/water_sampling.csv,XSDDate,False
datatype mismatch,ws,samp_store_date,24,2022-10-25 00:00:00,2022-10-25,,/github/workspace/logsheets/filtered/water_sampling.csv,XSDDate,False
datatype mismatch,ws,samp_store_date,25,2022-10-25 00:00:00,2022-10-25,,/github/workspace/logsheets/filtered/water_sampling.csv,XSDDate,False
datatype mismatch,ws,samp_store_date,26,2022-10-25 00:00:00,2022-10-25,,/github/workspace/logsheets/filtered/water_sampling.csv,XSDDate,False
datatype mismatch,ws,samp_store_date,27,2022-10-25 00:00:00,2022-10-25,,/github/workspace/logsheets/filtered/water_sampling.csv,XSDDate,False
datatype mismatch,ws,samp_store_date,28,2022-10-25 00:00:00,2022-10-25,,/github/workspace/logsheets/filtered/water_sampling.csv,XSDDate,False
datatype mismatch,ws,samp_store_date,29,2022-10-25 00:00:00,2022-10-25,,/github/workspace/logsheets/filtered/water_sampling.csv,XSDDate,False
datatype mismatch,ws,samp_store_date,30,2022-10-25 00:00:00,2022-10-25,,/github/workspace/logsheets/filtered/water_sampling.csv,XSDDate,False
datatype mismatch,ws,samp_store_date,31,2022-10-25 00:00:00,2022-10-25,,/github/workspace/logsheets/filtered/water_sampling.csv,XSDDate,False
datatype mismatch,ws,samp_store_date,32,2022-10-25 00:00:00,2022-10-25,,/github/workspace/logsheets/filtered/water_sampling.csv,XSDDate,False
datatype mismatch,ws,samp_store_date,33,2022-10-25 00:00:00,2022-10-25,,/github/workspace/logsheets/filtered/water_sampling.csv,XSDDate,False
datatype mismatch,ws,samp_store_date,34,2022-10-25 00:00:00,2022-10-25,,/github/workspace/logsheets/filtered/water_sampling.csv,XSDDate,False
datatype mismatch,ws,samp_store_date,35,2022-12-01 00:00:00,2022-12-01,,/github/workspace/logsheets/filtered/water_sampling.csv,XSDDate,False
datatype mismatch,ws,samp_store_date,36,2022-12-01 00:00:00,2022-12-01,,/github/workspace/logsheets/filtered/water_sampling.csv,XSDDate,False
datatype mismatch,ws,samp_store_date,37,2022-12-01 00:00:00,2022-12-01,,/github/workspace/logsheets/filtered/water_sampling.csv,XSDDate,False
datatype mismatch,ws,samp_store_date,38,2022-12-01 00:00:00,2022-12-01,,/github/workspace/logsheets/filtered/water_sampling.csv,XSDDate,False
datatype mismatch,ws,samp_store_date,39,2022-12-01 00:00:00,2022-12-01,,/github/workspace/logsheets/filtered/water_sampling.csv,XSDDate,False
datatype mismatch,ws,samp_store_date,40,2022-12-01 00:00:00,2022-12-01,,/github/workspace/logsheets/filtered/water_sampling.csv,XSDDate,False
datatype mismatch,ws,samp_store_date,41,2022-12-01 00:00:00,2022-12-01,,/github/workspace/logsheets/filtered/water_sampling.csv,XSDDate,False
datatype mismatch,ws,samp_store_date,42,2022-12-01 00:00:00,2022-12-01,,/github/workspace/logsheets/filtered/water_sampling.csv,XSDDate,False
datatype mismatch,ws,samp_store_date,43,2022-12-01 00:00:00,2022-12-01,,/github/workspace/logsheets/filtered/water_sampling.csv,XSDDate,False
datatype mismatch,ws,samp_store_date,44,2022-12-01 00:00:00,2022-12-01,,/github/workspace/logsheets/filtered/water_sampling.csv,XSDDate,False
datatype mismatch,ws,samp_store_date,45,2022-12-01 00:00:00,2022-12-01,,/github/workspace/logsheets/filtered/water_sampling.csv,XSDDate,False
datatype mismatch,ws,samp_store_date,46,2022-12-01 00:00:00,2022-12-01,,/github/workspace/logsheets/filtered/water_sampling.csv,XSDDate,False
datatype mismatch,ws,samp_store_date,47,2022-12-01 00:00:00,2022-12-01,,/github/workspace/logsheets/filtered/water_sampling.csv,XSDDate,False
datatype mismatch,ws,samp_store_date,48,2022-12-01 00:00:00,2022-12-01,,/github/workspace/logsheets/filtered/water_sampling.csv,XSDDate,False
datatype mismatch,ws,samp_store_date,49,2022-12-01 00:00:00,2022-12-01,,/github/workspace/logsheets/filtered/water_sampling.csv,XSDDate,False
missing value,ws,samp_store_date,350,,,,/github/workspace/logsheets/filtered/water_sampling.csv,XSDDate,False
missing value,ws,samp_store_date,351,,,,/github/workspace/logsheets/filtered/water_sampling.csv,XSDDate,False
missing value,ws,samp_store_date,352,,,,/github/workspace/logsheets/filtered/water_sampling.csv,XSDDate,False
missing value,ws,samp_store_date,353,,,,/github/workspace/logsheets/filtered/water_sampling.csv,XSDDate,False
missing value,ws,samp_store_date,354,,,,/github/workspace/logsheets/filtered/water_sampling.csv,XSDDate,False
missing value,ws,samp_store_date,355,,,,/github/workspace/logsheets/filtered/water_sampling.csv,XSDDate,False
missing value,ws,samp_store_date,356,,,,/github/workspace/logsheets/filtered/water_sampling.csv,XSDDate,False
missing value,ws,samp_store_date,357,,,,/github/workspace/logsheets/filtered/water_sampling.csv,XSDDate,False
missing value,ws,samp_store_date,358,,,,/github/workspace/logsheets/filtered/water_sampling.csv,XSDDate,False
missing value,ws,samp_store_date,359,,,,/github/workspace/logsheets/filtered/water_sampling.csv,XSDDate,False
missing value,ws,samp_store_date,360,,,,/github/workspace/logsheets/filtered/water_sampling.csv,XSDDate,False
missing value,ws,samp_store_date,361,,,,/github/workspace/logsheets/filtered/water_sampling.csv,XSDDate,False
missing value,ws,samp_store_date,362,,,,/github/workspace/logsheets/filtered/water_sampling.csv,XSDDate,False
missing value,ws,samp_store_date,363,,,,/github/workspace/logsheets/filtered/water_sampling.csv,XSDDate,False
missing value,ws,samp_store_date,364,,,,/github/workspace/logsheets/filtered/water_sampling.csv,XSDDate,False
missing value,ws,samp_store_date,365,,,,/github/workspace/logsheets/filtered/water_sampling.csv,XSDDate,False
missing value,ws,samp_store_date,366,,,,/github/workspace/logsheets/filtered/water_sampling.csv,XSDDate,False
missing value,ws,samp_store_date,367,,,,/github/workspace/logsheets/filtered/water_sampling.csv,XSDDate,False
missing value,ws,samp_store_date,368,,,,/github/workspace/logsheets/filtered/water_sampling.csv,XSDDate,False
missing value,ws,samp_store_date,369,,,,/github/workspace/logsheets/filtered/water_sampling.csv,XSDDate,False
missing value,ws,samp_store_date,370,,,,/github/workspace/logsheets/filtered/water_sampling.csv,XSDDate,False
missing value,ws,samp_store_date,371,,,,/github/workspace/logsheets/filtered/water_sampling.csv,XSDDate,False
missing value,ws,samp_store_date,372,,,,/github/workspace/logsheets/filtered/water_sampling.csv,XSDDate,False
missing value,ws,samp_store_date,373,,,,/github/workspace/logsheets/filtered/water_sampling.csv,XSDDate,False
missing value,ws,samp_store_date,374,,,,/github/workspace/logsheets/filtered/water_sampling.csv,XSDDate,False
missing value,ws,samp_store_date,375,,,,/github/workspace/logsheets/filtered/water_sampling.csv,XSDDate,False
missing value,ws,samp_store_date,376,,,,/github/workspace/logsheets/filtered/water_sampling.csv,XSDDate,False
missing value,ws,samp_store_date,377,,,,/github/workspace/logsheets/filtered/water_sampling.csv,XSDDate,False
missing value,ws,samp_store_date,378,,,,/github/workspace/logsheets/filtered/water_sampling.csv,XSDDate,False
missing value,ws,samp_store_date,379,,,,/github/workspace/logsheets/filtered/water_sampling.csv,XSDDate,False
missing value,ws,samp_store_date,380,,,,/github/workspace/logsheets/filtered/water_sampling.csv,XSDDate,False
missing value,ws,samp_store_date,381,,,,/github/workspace/logsheets/filtered/water_sampling.csv,XSDDate,False
missing value,ws,samp_store_date,382,,,,/github/workspace/logsheets/filtered/water_sampling.csv,XSDDate,False
missing value,ws,samp_store_date,383,,,,/github/workspace/logsheets/filtered/water_sampling.csv,XSDDate,False
missing value,ws,samp_store_date,384,,,,/github/workspace/logsheets/filtered/water_sampling.csv,XSDDate,False
missing value,ws,samp_store_date,385,,,,/github/workspace/logsheets/filtered/water_sampling.csv,XSDDate,False
missing value,ws,samp_store_date,386,,,,/github/workspace/logsheets/filtered/water_sampling.csv,XSDDate,False
missing value,ws,samp_store_date,387,,,,/github/workspace/logsheets/filtered/water_sampling.csv,XSDDate,False
missing value,ws,samp_store_date,388,,,,/github/workspace/logsheets/filtered/water_sampling.csv,XSDDate,False
missing value,ws,samp_store_date,389,,,,/github/workspace/logsheets/filtered/water_sampling.csv,XSDDate,False
missing value,ws,samp_store_date,390,,,,/github/workspace/logsheets/filtered/water_sampling.csv,XSDDate,False
missing value,ws,samp_store_date,391,,,,/github/workspace/logsheets/filtered/water_sampling.csv,XSDDate,False
missing value,ws,replicate,350,,,,/github/workspace/logsheets/filtered/water_sampling.csv,XSDString,False
missing value,ws,replicate,351,,,,/github/workspace/logsheets/filtered/water_sampling.csv,XSDString,False
missing value,ws,replicate,352,,,,/github/workspace/logsheets/filtered/water_sampling.csv,XSDString,False
missing value,ws,replicate,353,,,,/github/workspace/logsheets/filtered/water_sampling.csv,XSDString,False
missing value,ws,replicate,354,,,,/github/workspace/logsheets/filtered/water_sampling.csv,XSDString,False
missing value,ws,replicate,355,,,,/github/workspace/logsheets/filtered/water_sampling.csv,XSDString,False
missing value,ws,replicate,356,,,,/github/workspace/logsheets/filtered/water_sampling.csv,XSDString,False
missing value,ws,replicate,357,,,,/github/workspace/logsheets/filtered/water_sampling.csv,XSDString,False
missing value,ws,replicate,358,,,,/github/workspace/logsheets/filtered/water_sampling.csv,XSDString,False
missing value,ws,replicate,359,,,,/github/workspace/logsheets/filtered/water_sampling.csv,XSDString,False
missing value,ws,replicate,360,,,,/github/workspace/logsheets/filtered/water_sampling.csv,XSDString,False
missing value,ws,replicate,361,,,,/github/workspace/logsheets/filtered/water_sampling.csv,XSDString,False
missing value,ws,replicate,362,,,,/github/workspace/logsheets/filtered/water_sampling.csv,XSDString,False
missing value,ws,replicate,363,,,,/github/workspace/logsheets/filtered/water_sampling.csv,XSDString,False
missing value,ws,replicate,364,,,,/github/workspace/logsheets/filtered/water_sampling.csv,XSDString,False
missing value,ws,replicate,365,,,,/github/workspace/logsheets/filtered/water_sampling.csv,XSDString,False
missing value,ws,replicate,366,,,,/github/workspace/logsheets/filtered/water_sampling.csv,XSDString,False
missing value,ws,replicate,367,,,,/github/workspace/logsheets/filtered/water_sampling.csv,XSDString,False
missing value,ws,replicate,368,,,,/github/workspace/logsheets/filtered/water_sampling.csv,XSDString,False
missing value,ws,replicate,369,,,,/github/workspace/logsheets/filtered/water_sampling.csv,XSDString,False
missing value,ws,replicate,370,,,,/github/workspace/logsheets/filtered/water_sampling.csv,XSDString,False
missing value,ws,replicate,371,,,,/github/workspace/logsheets/filtered/water_sampling.csv,XSDString,False
missing value,ws,replicate,372,,,,/github/workspace/logsheets/filtered/water_sampling.csv,XSDString,False
missing value,ws,replicate,373,,,,/github/workspace/logsheets/filtered/water_sampling.csv,XSDString,False
missing value,ws,replicate,374,,,,/github/workspace/logsheets/filtered/water_sampling.csv,XSDString,False
missing value,ws,replicate,375,,,,/github/workspace/logsheets/filtered/water_sampling.csv,XSDString,False
missing value,ws,replicate,376,,,,/github/workspace/logsheets/filtered/water_sampling.csv,XSDString,False
missing value,ws,replicate,377,,,,/github/workspace/logsheets/filtered/water_sampling.csv,XSDString,False
missing value,ws,replicate,378,,,,/github/workspace/logsheets/filtered/water_sampling.csv,XSDString,False
missing value,ws,replicate,379,,,,/github/workspace/logsheets/filtered/water_sampling.csv,XSDString,False
missing value,ws,replicate,380,,,,/github/workspace/logsheets/filtered/water_sampling.csv,XSDString,False
missing value,ws,replicate,381,,,,/github/workspace/logsheets/filtered/water_sampling.csv,XSDString,False
missing value,ws,replicate,382,,,,/github/workspace/logsheets/filtered/water_sampling.csv,XSDString,False
missing value,ws,replicate,383,,,,/github/workspace/logsheets/filtered/water_sampling.csv,XSDString,False
missing value,ws,replicate,384,,,,/github/workspace/logsheets/filtered/water_sampling.csv,XSDString,False
missing value,ws,replicate,385,,,,/github/workspace/logsheets/filtered/water_sampling.csv,XSDString,False
missing value,ws,replicate,386,,,,/github/workspace/logsheets/filtered/water_sampling.csv,XSDString,False
missing value,ws,replicate,387,,,,/github/workspace/logsheets/filtered/water_sampling.csv,XSDString,False
missing value,ws,replicate,388,,,,/github/workspace/logsheets/filtered/water_sampling.csv,XSDString,False
missing value,ws,replicate,389,,,,/github/workspace/logsheets/filtered/water_sampling.csv,XSDString,False
missing value,ws,replicate,390,,,,/github/workspace/logsheets/filtered/water_sampling.csv,XSDString,False
missing value,ws,replicate,391,,,,/github/workspace/logsheets/filtered/water_sampling.csv,XSDString,False
missing value,ws,failure_comment,1,,,,/github/workspace/logsheets/filtered/water_sampling.csv,XSDString,False
missing value,ws,failure_comment,2,,,,/github/workspace/logsheets/filtered/water_sampling.csv,XSDString,False
missing value,ws,failure_comment,3,,,,/github/workspace/logsheets/filtered/water_sampling.csv,XSDString,False
missing value,ws,failure_comment,4,,,,/github/workspace/logsheets/filtered/water_sampling.csv,XSDString,False
missing value,ws,failure_comment,5,,,,/github/workspace/logsheets/filtered/water_sampling.csv,XSDString,False
missing value,ws,failure_comment,6,,,,/github/workspace/logsheets/filtered/water_sampling.csv,XSDString,False
missing value,ws,failure_comment,7,,,,/github/workspace/logsheets/filtered/water_sampling.csv,XSDString,False
missing value,ws,failure_comment,8,,,,/github/workspace/logsheets/filtered/water_sampling.csv,XSDString,False
missing value,ws,failure_comment,9,,,,/github/workspace/logsheets/filtered/water_sampling.csv,XSDString,False
missing value,ws,failure_comment,10,,,,/github/workspace/logsheets/filtered/water_sampling.csv,XSDString,False
missing value,ws,failure_comment,11,,,,/github/workspace/logsheets/filtered/water_sampling.csv,XSDString,False
missing value,ws,failure_comment,12,,,,/github/workspace/logsheets/filtered/water_sampling.csv,XSDString,False
missing value,ws,failure_comment,13,,,,/github/workspace/logsheets/filtered/water_sampling.csv,XSDString,False
missing value,ws,failure_comment,14,,,,/github/workspace/logsheets/filtered/water_sampling.csv,XSDString,False
missing value,ws,failure_comment,15,,,,/github/workspace/logsheets/filtered/water_sampling.csv,XSDString,False
missing value,ws,failure_comment,16,,,,/github/workspace/logsheets/filtered/water_sampling.csv,XSDString,False
missing value,ws,failure_comment,17,,,,/github/workspace/logsheets/filtered/water_sampling.csv,XSDString,False
missing value,ws,failure_comment,18,,,,/github/workspace/logsheets/filtered/water_sampling.csv,XSDString,False
missing value,ws,failure_comment,19,,,,/github/workspace/logsheets/filtered/water_sampling.csv,XSDString,False
missing value,ws,failure_comment,20,,,,/github/workspace/logsheets/filtered/water_sampling.csv,XSDString,False
missing value,ws,failure_comment,21,,,,/github/workspace/logsheets/filtered/water_sampling.csv,XSDString,False
missing value,ws,failure_comment,22,,,,/github/workspace/logsheets/filtered/water_sampling.csv,XSDString,False
missing value,ws,failure_comment,23,,,,/github/workspace/logsheets/filtered/water_sampling.csv,XSDString,False
missing value,ws,failure_comment,24,,,,/github/workspace/logsheets/filtered/water_sampling.csv,XSDString,False
missing value,ws,failure_comment,25,,,,/github/workspace/logsheets/filtered/water_sampling.csv,XSDString,False
missing value,ws,failure_comment,26,,,,/github/workspace/logsheets/filtered/water_sampling.csv,XSDString,False
missing value,ws,failure_comment,27,,,,/github/workspace/logsheets/filtered/water_sampling.csv,XSDString,False
missing value,ws,failure_comment,28,,,,/github/workspace/logsheets/filtered/water_sampling.csv,XSDString,False
missing value,ws,failure_comment,29,,,,/github/workspace/logsheets/filtered/water_sampling.csv,XSDString,False
missing value,ws,failure_comment,30,,,,/github/workspace/logsheets/filtered/water_sampling.csv,XSDString,False
missing value,ws,failure_comment,31,,,,/github/workspace/logsheets/filtered/water_sampling.csv,XSDString,False
missing value,ws,failure_comment,32,,,,/github/workspace/logsheets/filtered/water_sampling.csv,XSDString,False
missing value,ws,failure_comment,33,,,,/github/workspace/logsheets/filtered/water_sampling.csv,XSDString,False
missing value,ws,failure_comment,34,,,,/github/workspace/logsheets/filtered/water_sampling.csv,XSDString,False
missing value,ws,failure_comment,35,,,,/github/workspace/logsheets/filtered/water_sampling.csv,XSDString,False
missing value,ws,failure_comment,36,,,,/github/workspace/logsheets/filtered/water_sampling.csv,XSDString,False
missing value,ws,failure_comment,37,,,,/github/workspace/logsheets/filtered/water_sampling.csv,XSDString,False
missing value,ws,failure_comment,38,,,,/github/workspace/logsheets/filtered/water_sampling.csv,XSDString,False
missing value,ws,failure_comment,39,,,,/github/workspace/logsheets/filtered/water_sampling.csv,XSDString,False
missing value,ws,failure_comment,40,,,,/github/workspace/logsheets/filtered/water_sampling.csv,XSDString,False
missing value,ws,failure_comment,41,,,,/github/workspace/logsheets/filtered/water_sampling.csv,XSDString,False
missing value,ws,failure_comment,42,,,,/github/workspace/logsheets/filtered/water_sampling.csv,XSDString,False
missing value,ws,failure_comment,43,,,,/github/workspace/logsheets/filtered/water_sampling.csv,XSDString,False
missing value,ws,failure_comment,44,,,,/github/workspace/logsheets/filtered/water_sampling.csv,XSDString,False
missing value,ws,failure_comment,45,,,,/github/workspace/logsheets/filtered/water_sampling.csv,XSDString,False
missing value,ws,failure_comment,46,,,,/github/workspace/logsheets/filtered/water_sampling.csv,XSDString,False
missing value,ws,failure_comment,47,,,,/github/workspace/logsheets/filtered/water_sampling.csv,XSDString,False
missing value,ws,failure_comment,48,,,,/github/workspace/logsheets/filtered/water_sampling.csv,XSDString,False
missing value,ws,failure_comment,49,,,,/github/workspace/logsheets/filtered/water_sampling.csv,XSDString,False
missing value,ws,failure_comment,350,,,,/github/workspace/logsheets/filtered/water_sampling.csv,XSDString,False
missing value,ws,failure_comment,351,,,,/github/workspace/logsheets/filtered/water_sampling.csv,XSDString,False
missing value,ws,failure_comment,352,,,,/github/workspace/logsheets/filtered/water_sampling.csv,XSDString,False
missing value,ws,failure_comment,353,,,,/github/workspace/logsheets/filtered/water_sampling.csv,XSDString,False
missing value,ws,failure_comment,354,,,,/github/workspace/logsheets/filtered/water_sampling.csv,XSDString,False
missing value,ws,failure_comment,355,,,,/github/workspace/logsheets/filtered/water_sampling.csv,XSDString,False
missing value,ws,failure_comment,356,,,,/github/workspace/logsheets/filtered/water_sampling.csv,XSDString,False
missing value,ws,failure_comment,357,,,,/github/workspace/logsheets/filtered/water_sampling.csv,XSDString,False
missing value,ws,failure_comment,358,,,,/github/workspace/logsheets/filtered/water_sampling.csv,XSDString,False
missing value,ws,failure_comment,359,,,,/github/workspace/logsheets/filtered/water_sampling.csv,XSDString,False
missing value,ws,failure_comment,360,,,,/github/workspace/logsheets/filtered/water_sampling.csv,XSDString,False
missing value,ws,failure_comment,361,,,,/github/workspace/logsheets/filtered/water_sampling.csv,XSDString,False
missing value,ws,failure_comment,362,,,,/github/workspace/logsheets/filtered/water_sampling.csv,XSDString,False
missing value,ws,failure_comment,363,,,,/github/workspace/logsheets/filtered/water_sampling.csv,XSDString,False
missing value,ws,failure_comment,364,,,,/github/workspace/logsheets/filtered/water_sampling.csv,XSDString,False
missing value,ws,failure_comment,365,,,,/github/workspace/logsheets/filtered/water_sampling.csv,XSDString,False
missing value,ws,failure_comment,366,,,,/github/workspace/logsheets/filtered/water_sampling.csv,XSDString,False
missing value,ws,failure_comment,367,,,,/github/workspace/logsheets/filtered/water_sampling.csv,XSDString,False
missing value,ws,failure_comment,368,,,,/github/workspace/logsheets/filtered/water_sampling.csv,XSDString,False
missing value,ws,failure_comment,369,,,,/github/workspace/logsheets/filtered/water_sampling.csv,XSDString,False
missing value,ws,failure_comment,370,,,,/github/workspace/logsheets/filtered/water_sampling.csv,XSDString,False
missing value,ws,failure_comment,371,,,,/github/workspace/logsheets/filtered/water_sampling.csv,XSDString,False
missing value,ws,failure_comment,372,,,,/github/workspace/logsheets/filtered/water_sampling.csv,XSDString,False
missing value,ws,failure_comment,373,,,,/github/workspace/logsheets/filtered/water_sampling.csv,XSDString,False
missing value,ws,failure_comment,374,,,,/github/workspace/logsheets/filtered/water_sampling.csv,XSDString,False
missing value,ws,failure_comment,375,,,,/github/workspace/logsheets/filtered/water_sampling.csv,XSDString,False
missing value,ws,failure_comment,376,,,,/github/workspace/logsheets/filtered/water_sampling.csv,XSDString,False
missing value,ws,failure_comment,377,,,,/github/workspace/logsheets/filtered/water_sampling.csv,XSDString,False
missing value,ws,failure_comment,378,,,,/github/workspace/logsheets/filtered/water_sampling.csv,XSDString,False
missing value,ws,failure_comment,379,,,,/github/workspace/logsheets/filtered/water_sampling.csv,XSDString,False
missing value,ws,failure_comment,380,,,,/github/workspace/logsheets/filtered/water_sampling.csv,XSDString,False
missing value,ws,failure_comment,381,,,,/github/workspace/logsheets/filtered/water_sampling.csv,XSDString,False
missing value,ws,failure_comment,382,,,,/github/workspace/logsheets/filtered/water_sampling.csv,XSDString,False
missing value,ws,failure_comment,383,,,,/github/workspace/logsheets/filtered/water_sampling.csv,XSDString,False
missing value,ws,failure_comment,384,,,,/github/workspace/logsheets/filtered/water_sampling.csv,XSDString,False
missing value,ws,failure_comment,385,,,,/github/workspace/logsheets/filtered/water_sampling.csv,XSDString,False
missing value,ws,failure_comment,386,,,,/github/workspace/logsheets/filtered/water_sampling.csv,XSDString,False
missing value,ws,failure_comment,387,,,,/github/workspace/logsheets/filtered/water_sampling.csv,XSDString,False
missing value,ws,failure_comment,388,,,,/github/workspace/logsheets/filtered/water_sampling.csv,XSDString,False
missing value,ws,failure_comment,389,,,,/github/workspace/logsheets/filtered/water_sampling.csv,XSDString,False
missing value,ws,failure_comment,390,,,,/github/workspace/logsheets/filtered/water_sampling.csv,XSDString,False
missing value,ws,failure_comment,391,,,,/github/workspace/logsheets/filtered/water_sampling.csv,XSDString,False
