Diagnosis,LogsheetType,LogsheetTab,Column,Row,Value,ExtendedDiagnosis,FilePath,DataType,Requirement
source_mat_id error,sediment,sampling,source_mat_id,1,EMOBON_UMF_So_1,source_mat_id should match ^EMOBON_UMF_So_221026_meio_1$,/github/workspace/logsheets/filtered/sediment_sampling.csv,XSDString,mandatory
source_mat_id error,sediment,sampling,source_mat_id,2,EMOBON_UMF_So_2,source_mat_id should match ^EMOBON_UMF_So_221026_meio_2$,/github/workspace/logsheets/filtered/sediment_sampling.csv,XSDString,mandatory
source_mat_id error,sediment,sampling,source_mat_id,3,EMOBON_UMF_So_3,source_mat_id should match ^EMOBON_UMF_So_221026_meio_3$,/github/workspace/logsheets/filtered/sediment_sampling.csv,XSDString,mandatory
source_mat_id error,sediment,sampling,source_mat_id,4,EMOBON_UMF_So_4,source_mat_id should match ^EMOBON_UMF_So_221026_meio_4$,/github/workspace/logsheets/filtered/sediment_sampling.csv,XSDString,mandatory
source_mat_id error,sediment,sampling,source_mat_id,5,EMOBON_UMF_So_5,source_mat_id should match ^EMOBON_UMF_So_221026_micro_1$,/github/workspace/logsheets/filtered/sediment_sampling.csv,XSDString,mandatory
source_mat_id error,sediment,sampling,source_mat_id,6,EMOBON_UMF_So_6,source_mat_id should match ^EMOBON_UMF_So_221026_micro_2$,/github/workspace/logsheets/filtered/sediment_sampling.csv,XSDString,mandatory
source_mat_id error,sediment,sampling,source_mat_id,7,EMOBON_UMF_So_7,source_mat_id should match ^EMOBON_UMF_So_221026_micro_3$,/github/workspace/logsheets/filtered/sediment_sampling.csv,XSDString,mandatory
source_mat_id error,sediment,sampling,source_mat_id,8,EMOBON_UMF_So_8,source_mat_id should match ^EMOBON_UMF_So_221026_micro_4$,/github/workspace/logsheets/filtered/sediment_sampling.csv,XSDString,mandatory
source_mat_id error,sediment,sampling,source_mat_id,9,EMOBON_UMF_So_9,source_mat_id should match ^EMOBON_UMF_So_221026_micro_blank_1$,/github/workspace/logsheets/filtered/sediment_sampling.csv,XSDString,mandatory
source_mat_id error,sediment,sampling,source_mat_id,10,EMOBON_UMF_So_10,source_mat_id should match ^EMOBON_UMF_So_221026_macro_1$,/github/workspace/logsheets/filtered/sediment_sampling.csv,XSDString,mandatory
source_mat_id error,sediment,sampling,source_mat_id,11,EMOBON_UMF_So_11,source_mat_id should match ^EMOBON_UMF_So_221026_macro_2$,/github/workspace/logsheets/filtered/sediment_sampling.csv,XSDString,mandatory
source_mat_id error,sediment,sampling,source_mat_id,12,EMOBON_UMF_So_12,source_mat_id should match ^EMOBON_UMF_So_221026_macro_3$,/github/workspace/logsheets/filtered/sediment_sampling.csv,XSDString,mandatory
source_mat_id error,sediment,sampling,source_mat_id,13,EMOBON_UMF_So_13,source_mat_id should match ^EMOBON_UMF_So_221026_macro_4$,/github/workspace/logsheets/filtered/sediment_sampling.csv,XSDString,mandatory
source_mat_id error,sediment,sampling,source_mat_id,14,EMOBON_UMF_So_14,source_mat_id should match ^EMOBON_UMF_So_221201_micro_1$,/github/workspace/logsheets/filtered/sediment_sampling.csv,XSDString,mandatory
source_mat_id error,sediment,sampling,source_mat_id,15,EMOBON_UMF_So_15,source_mat_id should match ^EMOBON_UMF_So_221201_micro_2$,/github/workspace/logsheets/filtered/sediment_sampling.csv,XSDString,mandatory
source_mat_id error,sediment,sampling,source_mat_id,16,EMOBON_UMF_So_16,source_mat_id should match ^EMOBON_UMF_So_221201_micro_3$,/github/workspace/logsheets/filtered/sediment_sampling.csv,XSDString,mandatory
source_mat_id error,sediment,sampling,source_mat_id,17,EMOBON_UMF_So_17,source_mat_id should match ^EMOBON_UMF_So_221201_micro_4$,/github/workspace/logsheets/filtered/sediment_sampling.csv,XSDString,mandatory
source_mat_id error,sediment,sampling,source_mat_id,18,EMOBON_UMF_So_18,source_mat_id should match ^EMOBON_UMF_So_221201_micro_blank_1$,/github/workspace/logsheets/filtered/sediment_sampling.csv,XSDString,mandatory
source_mat_id error,sediment,sampling,source_mat_id,212,EMOBON_UMF_So_212,source_mat_id should match ^EMOBON_UMF_So__macro_$,/github/workspace/logsheets/filtered/sediment_sampling.csv,XSDString,mandatory
source_mat_id error,sediment,sampling,source_mat_id,213,EMOBON_UMF_So_213,source_mat_id should match ^EMOBON_UMF_So__macro_$,/github/workspace/logsheets/filtered/sediment_sampling.csv,XSDString,mandatory
source_mat_id error,sediment,sampling,source_mat_id,214,EMOBON_UMF_So_214,source_mat_id should match ^EMOBON_UMF_So___$,/github/workspace/logsheets/filtered/sediment_sampling.csv,XSDString,mandatory
source_mat_id error,sediment,sampling,source_mat_id,215,EMOBON_UMF_So_215,source_mat_id should match ^EMOBON_UMF_So___$,/github/workspace/logsheets/filtered/sediment_sampling.csv,XSDString,mandatory
source_mat_id error,sediment,sampling,source_mat_id,216,EMOBON_UMF_So_216,source_mat_id should match ^EMOBON_UMF_So___$,/github/workspace/logsheets/filtered/sediment_sampling.csv,XSDString,mandatory
source_mat_id error,sediment,sampling,source_mat_id,217,EMOBON_UMF_So_217,source_mat_id should match ^EMOBON_UMF_So___$,/github/workspace/logsheets/filtered/sediment_sampling.csv,XSDString,mandatory
source_mat_id error,sediment,sampling,source_mat_id,218,EMOBON_UMF_So_218,source_mat_id should match ^EMOBON_UMF_So___$,/github/workspace/logsheets/filtered/sediment_sampling.csv,XSDString,mandatory
source_mat_id error,sediment,sampling,source_mat_id,219,EMOBON_UMF_So_219,source_mat_id should match ^EMOBON_UMF_So___$,/github/workspace/logsheets/filtered/sediment_sampling.csv,XSDString,mandatory
source_mat_id error,sediment,sampling,source_mat_id,220,EMOBON_UMF_So_220,source_mat_id should match ^EMOBON_UMF_So___$,/github/workspace/logsheets/filtered/sediment_sampling.csv,XSDString,mandatory
source_mat_id error,sediment,sampling,source_mat_id,221,EMOBON_UMF_So_221,source_mat_id should match ^EMOBON_UMF_So___$,/github/workspace/logsheets/filtered/sediment_sampling.csv,XSDString,mandatory
source_mat_id error,sediment,sampling,source_mat_id,222,EMOBON_UMF_So_222,source_mat_id should match ^EMOBON_UMF_So___$,/github/workspace/logsheets/filtered/sediment_sampling.csv,XSDString,mandatory
source_mat_id error,sediment,sampling,source_mat_id,223,EMOBON_UMF_So_223,source_mat_id should match ^EMOBON_UMF_So___$,/github/workspace/logsheets/filtered/sediment_sampling.csv,XSDString,mandatory
source_mat_id error,sediment,sampling,source_mat_id,224,EMOBON_UMF_So_224,source_mat_id should match ^EMOBON_UMF_So___$,/github/workspace/logsheets/filtered/sediment_sampling.csv,XSDString,mandatory
source_mat_id error,sediment,sampling,source_mat_id,225,EMOBON_UMF_So_225,source_mat_id should match ^EMOBON_UMF_So___$,/github/workspace/logsheets/filtered/sediment_sampling.csv,XSDString,mandatory
source_mat_id error,sediment,sampling,source_mat_id,226,EMOBON_UMF_So_226,source_mat_id should match ^EMOBON_UMF_So___$,/github/workspace/logsheets/filtered/sediment_sampling.csv,XSDString,mandatory
source_mat_id error,sediment,sampling,source_mat_id,227,EMOBON_UMF_So_227,source_mat_id should match ^EMOBON_UMF_So___$,/github/workspace/logsheets/filtered/sediment_sampling.csv,XSDString,mandatory
source_mat_id error,sediment,sampling,source_mat_id,228,EMOBON_UMF_So_228,source_mat_id should match ^EMOBON_UMF_So___$,/github/workspace/logsheets/filtered/sediment_sampling.csv,XSDString,mandatory
source_mat_id error,sediment,sampling,source_mat_id,229,EMOBON_UMF_So_229,source_mat_id should match ^EMOBON_UMF_So___$,/github/workspace/logsheets/filtered/sediment_sampling.csv,XSDString,mandatory
source_mat_id error,sediment,sampling,source_mat_id,230,EMOBON_UMF_So_230,source_mat_id should match ^EMOBON_UMF_So___$,/github/workspace/logsheets/filtered/sediment_sampling.csv,XSDString,mandatory
source_mat_id error,sediment,sampling,source_mat_id,231,EMOBON_UMF_So_231,source_mat_id should match ^EMOBON_UMF_So___$,/github/workspace/logsheets/filtered/sediment_sampling.csv,XSDString,mandatory
source_mat_id error,sediment,sampling,source_mat_id,232,EMOBON_UMF_So_232,source_mat_id should match ^EMOBON_UMF_So___$,/github/workspace/logsheets/filtered/sediment_sampling.csv,XSDString,mandatory
source_mat_id error,sediment,sampling,source_mat_id,233,EMOBON_UMF_So_233,source_mat_id should match ^EMOBON_UMF_So___$,/github/workspace/logsheets/filtered/sediment_sampling.csv,XSDString,mandatory
source_mat_id error,sediment,sampling,source_mat_id,234,EMOBON_UMF_So_234,source_mat_id should match ^EMOBON_UMF_So___$,/github/workspace/logsheets/filtered/sediment_sampling.csv,XSDString,mandatory
source_mat_id error,sediment,sampling,source_mat_id,235,EMOBON_UMF_So_235,source_mat_id should match ^EMOBON_UMF_So___$,/github/workspace/logsheets/filtered/sediment_sampling.csv,XSDString,mandatory
source_mat_id error,sediment,sampling,source_mat_id,236,EMOBON_UMF_So_236,source_mat_id should match ^EMOBON_UMF_So___$,/github/workspace/logsheets/filtered/sediment_sampling.csv,XSDString,mandatory
source_mat_id error,sediment,sampling,source_mat_id,237,EMOBON_UMF_So_237,source_mat_id should match ^EMOBON_UMF_So___$,/github/workspace/logsheets/filtered/sediment_sampling.csv,XSDString,mandatory
source_mat_id error,sediment,sampling,source_mat_id,238,EMOBON_UMF_So_238,source_mat_id should match ^EMOBON_UMF_So___$,/github/workspace/logsheets/filtered/sediment_sampling.csv,XSDString,mandatory
source_mat_id error,sediment,sampling,source_mat_id,239,EMOBON_UMF_So_239,source_mat_id should match ^EMOBON_UMF_So___$,/github/workspace/logsheets/filtered/sediment_sampling.csv,XSDString,mandatory
source_mat_id error,sediment,sampling,source_mat_id,240,EMOBON_UMF_So_240,source_mat_id should match ^EMOBON_UMF_So___$,/github/workspace/logsheets/filtered/sediment_sampling.csv,XSDString,mandatory
source_mat_id error,sediment,sampling,source_mat_id,241,EMOBON_UMF_So_241,source_mat_id should match ^EMOBON_UMF_So___$,/github/workspace/logsheets/filtered/sediment_sampling.csv,XSDString,mandatory
source_mat_id error,sediment,sampling,source_mat_id,242,EMOBON_UMF_So_242,source_mat_id should match ^EMOBON_UMF_So___$,/github/workspace/logsheets/filtered/sediment_sampling.csv,XSDString,mandatory
source_mat_id error,sediment,sampling,source_mat_id,243,EMOBON_UMF_So_243,source_mat_id should match ^EMOBON_UMF_So___$,/github/workspace/logsheets/filtered/sediment_sampling.csv,XSDString,mandatory
source_mat_id error,sediment,sampling,source_mat_id,244,EMOBON_UMF_So_244,source_mat_id should match ^EMOBON_UMF_So___$,/github/workspace/logsheets/filtered/sediment_sampling.csv,XSDString,mandatory
source_mat_id error,sediment,sampling,source_mat_id,245,EMOBON_UMF_So_245,source_mat_id should match ^EMOBON_UMF_So___$,/github/workspace/logsheets/filtered/sediment_sampling.csv,XSDString,mandatory
source_mat_id error,sediment,sampling,source_mat_id,246,EMOBON_UMF_So_246,source_mat_id should match ^EMOBON_UMF_So___$,/github/workspace/logsheets/filtered/sediment_sampling.csv,XSDString,mandatory
source_mat_id error,sediment,sampling,source_mat_id,247,EMOBON_UMF_So_247,source_mat_id should match ^EMOBON_UMF_So___$,/github/workspace/logsheets/filtered/sediment_sampling.csv,XSDString,mandatory
source_mat_id error,sediment,sampling,source_mat_id,248,EMOBON_UMF_So_248,source_mat_id should match ^EMOBON_UMF_So___$,/github/workspace/logsheets/filtered/sediment_sampling.csv,XSDString,mandatory
source_mat_id error,sediment,sampling,source_mat_id,249,EMOBON_UMF_So_249,source_mat_id should match ^EMOBON_UMF_So___$,/github/workspace/logsheets/filtered/sediment_sampling.csv,XSDString,mandatory
source_mat_id error,sediment,sampling,source_mat_id,250,EMOBON_UMF_So_250,source_mat_id should match ^EMOBON_UMF_So___$,/github/workspace/logsheets/filtered/sediment_sampling.csv,XSDString,mandatory
source_mat_id error,sediment,sampling,source_mat_id,251,EMOBON_UMF_So_251,source_mat_id should match ^EMOBON_UMF_So___$,/github/workspace/logsheets/filtered/sediment_sampling.csv,XSDString,mandatory
source_mat_id error,sediment,sampling,source_mat_id,252,EMOBON_UMF_So_252,source_mat_id should match ^EMOBON_UMF_So___$,/github/workspace/logsheets/filtered/sediment_sampling.csv,XSDString,mandatory
source_mat_id error,sediment,sampling,source_mat_id,253,EMOBON_UMF_So_253,source_mat_id should match ^EMOBON_UMF_So___$,/github/workspace/logsheets/filtered/sediment_sampling.csv,XSDString,mandatory
source_mat_id error,sediment,sampling,source_mat_id,254,EMOBON_UMF_So_254,source_mat_id should match ^EMOBON_UMF_So___$,/github/workspace/logsheets/filtered/sediment_sampling.csv,XSDString,mandatory
source_mat_id error,sediment,sampling,source_mat_id,255,EMOBON_UMF_So_255,source_mat_id should match ^EMOBON_UMF_So___$,/github/workspace/logsheets/filtered/sediment_sampling.csv,XSDString,mandatory
source_mat_id error,sediment,sampling,source_mat_id,256,EMOBON_UMF_So_256,source_mat_id should match ^EMOBON_UMF_So___$,/github/workspace/logsheets/filtered/sediment_sampling.csv,XSDString,mandatory
source_mat_id error,sediment,sampling,source_mat_id,257,EMOBON_UMF_So_257,source_mat_id should match ^EMOBON_UMF_So___$,/github/workspace/logsheets/filtered/sediment_sampling.csv,XSDString,mandatory
source_mat_id error,sediment,sampling,source_mat_id,258,EMOBON_UMF_So_258,source_mat_id should match ^EMOBON_UMF_So___$,/github/workspace/logsheets/filtered/sediment_sampling.csv,XSDString,mandatory
source_mat_id error,sediment,sampling,source_mat_id,259,EMOBON_UMF_So_259,source_mat_id should match ^EMOBON_UMF_So___$,/github/workspace/logsheets/filtered/sediment_sampling.csv,XSDString,mandatory
source_mat_id error,sediment,sampling,source_mat_id,260,EMOBON_UMF_So_260,source_mat_id should match ^EMOBON_UMF_So___$,/github/workspace/logsheets/filtered/sediment_sampling.csv,XSDString,mandatory
source_mat_id error,sediment,sampling,source_mat_id,261,EMOBON_UMF_So_261,source_mat_id should match ^EMOBON_UMF_So___$,/github/workspace/logsheets/filtered/sediment_sampling.csv,XSDString,mandatory
source_mat_id error,sediment,sampling,source_mat_id,262,EMOBON_UMF_So_262,source_mat_id should match ^EMOBON_UMF_So___$,/github/workspace/logsheets/filtered/sediment_sampling.csv,XSDString,mandatory
source_mat_id error,water,sampling,source_mat_id,1,EMOBON_UMF_Wa_1,source_mat_id should match ^EMOBON_UMF_Wa_220830_200um_1$,/github/workspace/logsheets/filtered/water_sampling.csv,XSDString,mandatory
source_mat_id error,water,sampling,source_mat_id,2,EMOBON_UMF_Wa_2,source_mat_id should match ^EMOBON_UMF_Wa_220830_200um_2$,/github/workspace/logsheets/filtered/water_sampling.csv,XSDString,mandatory
source_mat_id error,water,sampling,source_mat_id,3,EMOBON_UMF_Wa_3,source_mat_id should match ^EMOBON_UMF_Wa_220830_200um_3$,/github/workspace/logsheets/filtered/water_sampling.csv,XSDString,mandatory
source_mat_id error,water,sampling,source_mat_id,4,EMOBON_UMF_Wa_4,source_mat_id should match ^EMOBON_UMF_Wa_220830_200um_4$,/github/workspace/logsheets/filtered/water_sampling.csv,XSDString,mandatory
source_mat_id error,water,sampling,source_mat_id,5,EMOBON_UMF_Wa_5,source_mat_id should match ^EMOBON_UMF_Wa_220830_3um_1$,/github/workspace/logsheets/filtered/water_sampling.csv,XSDString,mandatory
source_mat_id error,water,sampling,source_mat_id,6,EMOBON_UMF_Wa_6,source_mat_id should match ^EMOBON_UMF_Wa_220830_3um_2$,/github/workspace/logsheets/filtered/water_sampling.csv,XSDString,mandatory
source_mat_id error,water,sampling,source_mat_id,7,EMOBON_UMF_Wa_7,source_mat_id should match ^EMOBON_UMF_Wa_220830_3um_3$,/github/workspace/logsheets/filtered/water_sampling.csv,XSDString,mandatory
source_mat_id error,water,sampling,source_mat_id,8,EMOBON_UMF_Wa_8,source_mat_id should match ^EMOBON_UMF_Wa_220830_3um_4$,/github/workspace/logsheets/filtered/water_sampling.csv,XSDString,mandatory
source_mat_id error,water,sampling,source_mat_id,9,EMOBON_UMF_Wa_9,source_mat_id should match ^EMOBON_UMF_Wa_220830_200um_blank_1$,/github/workspace/logsheets/filtered/water_sampling.csv,XSDString,mandatory
source_mat_id error,water,sampling,source_mat_id,10,EMOBON_UMF_Wa_10,source_mat_id should match ^EMOBON_UMF_Wa_220830_3um_blank_1$,/github/workspace/logsheets/filtered/water_sampling.csv,XSDString,mandatory
source_mat_id error,water,sampling,source_mat_id,11,EMOBON_UMF_Wa_11,source_mat_id should match ^EMOBON_UMF_Wa_220830_2000um_1$,/github/workspace/logsheets/filtered/water_sampling.csv,XSDString,mandatory
source_mat_id error,water,sampling,source_mat_id,12,EMOBON_UMF_Wa_12,source_mat_id should match ^EMOBON_UMF_Wa_220830_2000um_2$,/github/workspace/logsheets/filtered/water_sampling.csv,XSDString,mandatory
source_mat_id error,water,sampling,source_mat_id,13,EMOBON_UMF_Wa_13,source_mat_id should match ^EMOBON_UMF_Wa_220830_2000um_3$,/github/workspace/logsheets/filtered/water_sampling.csv,XSDString,mandatory
source_mat_id error,water,sampling,source_mat_id,14,EMOBON_UMF_Wa_14,source_mat_id should match ^EMOBON_UMF_Wa_220830_2000um_4$,/github/workspace/logsheets/filtered/water_sampling.csv,XSDString,mandatory
source_mat_id error,water,sampling,source_mat_id,15,EMOBON_UMF_Wa_15,source_mat_id should match ^EMOBON_UMF_Wa_220830_2000um_blank_1$,/github/workspace/logsheets/filtered/water_sampling.csv,XSDString,mandatory
source_mat_id error,water,sampling,source_mat_id,16,EMOBON_UMF_Wa_16,source_mat_id should match ^EMOBON_UMF_Wa_220830_3um_1$,/github/workspace/logsheets/filtered/water_sampling.csv,XSDString,mandatory
source_mat_id error,water,sampling,source_mat_id,17,EMOBON_UMF_Wa_17,source_mat_id should match ^EMOBON_UMF_Wa_220830_3um_2$,/github/workspace/logsheets/filtered/water_sampling.csv,XSDString,mandatory
source_mat_id error,water,sampling,source_mat_id,18,EMOBON_UMF_Wa_18,source_mat_id should match ^EMOBON_UMF_Wa_220830_3um_3$,/github/workspace/logsheets/filtered/water_sampling.csv,XSDString,mandatory
source_mat_id error,water,sampling,source_mat_id,19,EMOBON_UMF_Wa_19,source_mat_id should match ^EMOBON_UMF_Wa_220830_3um_4$,/github/workspace/logsheets/filtered/water_sampling.csv,XSDString,mandatory
source_mat_id error,water,sampling,source_mat_id,20,EMOBON_UMF_Wa_20,source_mat_id should match ^EMOBON_UMF_Wa_221025_200um_1$,/github/workspace/logsheets/filtered/water_sampling.csv,XSDString,mandatory
source_mat_id error,water,sampling,source_mat_id,21,EMOBON_UMF_Wa_21,source_mat_id should match ^EMOBON_UMF_Wa_221025_200um_2$,/github/workspace/logsheets/filtered/water_sampling.csv,XSDString,mandatory
source_mat_id error,water,sampling,source_mat_id,22,EMOBON_UMF_Wa_22,source_mat_id should match ^EMOBON_UMF_Wa_221025_200um_3$,/github/workspace/logsheets/filtered/water_sampling.csv,XSDString,mandatory
source_mat_id error,water,sampling,source_mat_id,23,EMOBON_UMF_Wa_23,source_mat_id should match ^EMOBON_UMF_Wa_221025_200um_4$,/github/workspace/logsheets/filtered/water_sampling.csv,XSDString,mandatory
source_mat_id error,water,sampling,source_mat_id,24,EMOBON_UMF_Wa_24,source_mat_id should match ^EMOBON_UMF_Wa_221025_3um_1$,/github/workspace/logsheets/filtered/water_sampling.csv,XSDString,mandatory
source_mat_id error,water,sampling,source_mat_id,25,EMOBON_UMF_Wa_25,source_mat_id should match ^EMOBON_UMF_Wa_221025_3um_2$,/github/workspace/logsheets/filtered/water_sampling.csv,XSDString,mandatory
source_mat_id error,water,sampling,source_mat_id,26,EMOBON_UMF_Wa_26,source_mat_id should match ^EMOBON_UMF_Wa_221025_3um_3$,/github/workspace/logsheets/filtered/water_sampling.csv,XSDString,mandatory
source_mat_id error,water,sampling,source_mat_id,27,EMOBON_UMF_Wa_27,source_mat_id should match ^EMOBON_UMF_Wa_221025_3um_4$,/github/workspace/logsheets/filtered/water_sampling.csv,XSDString,mandatory
source_mat_id error,water,sampling,source_mat_id,28,EMOBON_UMF_Wa_28,source_mat_id should match ^EMOBON_UMF_Wa_221025_200um_blank_1$,/github/workspace/logsheets/filtered/water_sampling.csv,XSDString,mandatory
source_mat_id error,water,sampling,source_mat_id,29,EMOBON_UMF_Wa_29,source_mat_id should match ^EMOBON_UMF_Wa_221025_3um_blank_1$,/github/workspace/logsheets/filtered/water_sampling.csv,XSDString,mandatory
source_mat_id error,water,sampling,source_mat_id,30,EMOBON_UMF_Wa_30,source_mat_id should match ^EMOBON_UMF_Wa_221025_2000um_1$,/github/workspace/logsheets/filtered/water_sampling.csv,XSDString,mandatory
source_mat_id error,water,sampling,source_mat_id,31,EMOBON_UMF_Wa_31,source_mat_id should match ^EMOBON_UMF_Wa_221025_2000um_2$,/github/workspace/logsheets/filtered/water_sampling.csv,XSDString,mandatory
source_mat_id error,water,sampling,source_mat_id,32,EMOBON_UMF_Wa_32,source_mat_id should match ^EMOBON_UMF_Wa_221025_2000um_3$,/github/workspace/logsheets/filtered/water_sampling.csv,XSDString,mandatory
source_mat_id error,water,sampling,source_mat_id,33,EMOBON_UMF_Wa_33,source_mat_id should match ^EMOBON_UMF_Wa_221025_2000um_4$,/github/workspace/logsheets/filtered/water_sampling.csv,XSDString,mandatory
source_mat_id error,water,sampling,source_mat_id,34,EMOBON_UMF_Wa_34,source_mat_id should match ^EMOBON_UMF_Wa_221025_2000um_blank_1$,/github/workspace/logsheets/filtered/water_sampling.csv,XSDString,mandatory
source_mat_id error,water,sampling,source_mat_id,35,EMOBON_UMF_Wa_35,source_mat_id should match ^EMOBON_UMF_Wa_221201_200um_1$,/github/workspace/logsheets/filtered/water_sampling.csv,XSDString,mandatory
source_mat_id error,water,sampling,source_mat_id,36,EMOBON_UMF_Wa_36,source_mat_id should match ^EMOBON_UMF_Wa_221201_200um_2$,/github/workspace/logsheets/filtered/water_sampling.csv,XSDString,mandatory
source_mat_id error,water,sampling,source_mat_id,37,EMOBON_UMF_Wa_37,source_mat_id should match ^EMOBON_UMF_Wa_221201_200um_3$,/github/workspace/logsheets/filtered/water_sampling.csv,XSDString,mandatory
source_mat_id error,water,sampling,source_mat_id,38,EMOBON_UMF_Wa_38,source_mat_id should match ^EMOBON_UMF_Wa_221201_200um_4$,/github/workspace/logsheets/filtered/water_sampling.csv,XSDString,mandatory
source_mat_id error,water,sampling,source_mat_id,39,EMOBON_UMF_Wa_39,source_mat_id should match ^EMOBON_UMF_Wa_221201_3um_1$,/github/workspace/logsheets/filtered/water_sampling.csv,XSDString,mandatory
source_mat_id error,water,sampling,source_mat_id,40,EMOBON_UMF_Wa_40,source_mat_id should match ^EMOBON_UMF_Wa_221201_3um_2$,/github/workspace/logsheets/filtered/water_sampling.csv,XSDString,mandatory
source_mat_id error,water,sampling,source_mat_id,41,EMOBON_UMF_Wa_41,source_mat_id should match ^EMOBON_UMF_Wa_221201_3um_3$,/github/workspace/logsheets/filtered/water_sampling.csv,XSDString,mandatory
source_mat_id error,water,sampling,source_mat_id,42,EMOBON_UMF_Wa_42,source_mat_id should match ^EMOBON_UMF_Wa_221201_3um_4$,/github/workspace/logsheets/filtered/water_sampling.csv,XSDString,mandatory
source_mat_id error,water,sampling,source_mat_id,43,EMOBON_UMF_Wa_43,source_mat_id should match ^EMOBON_UMF_Wa_221201_200um_blank_1$,/github/workspace/logsheets/filtered/water_sampling.csv,XSDString,mandatory
source_mat_id error,water,sampling,source_mat_id,44,EMOBON_UMF_Wa_44,source_mat_id should match ^EMOBON_UMF_Wa_221201_3um_blank_1$,/github/workspace/logsheets/filtered/water_sampling.csv,XSDString,mandatory
source_mat_id error,water,sampling,source_mat_id,45,EMOBON_UMF_Wa_45,source_mat_id should match ^EMOBON_UMF_Wa_221201_2000um_1$,/github/workspace/logsheets/filtered/water_sampling.csv,XSDString,mandatory
source_mat_id error,water,sampling,source_mat_id,46,EMOBON_UMF_Wa_46,source_mat_id should match ^EMOBON_UMF_Wa_221201_2000um_2$,/github/workspace/logsheets/filtered/water_sampling.csv,XSDString,mandatory
source_mat_id error,water,sampling,source_mat_id,47,EMOBON_UMF_Wa_47,source_mat_id should match ^EMOBON_UMF_Wa_221201_2000um_3$,/github/workspace/logsheets/filtered/water_sampling.csv,XSDString,mandatory
source_mat_id error,water,sampling,source_mat_id,48,EMOBON_UMF_Wa_48,source_mat_id should match ^EMOBON_UMF_Wa_221201_2000um_4$,/github/workspace/logsheets/filtered/water_sampling.csv,XSDString,mandatory
source_mat_id error,water,sampling,source_mat_id,49,EMOBON_UMF_Wa_49,source_mat_id should match ^EMOBON_UMF_Wa_221201_2000um_blank_1$,/github/workspace/logsheets/filtered/water_sampling.csv,XSDString,mandatory
source_mat_id error,water,sampling,source_mat_id,350,EMOBON_UMF_Wa_350,source_mat_id should match ^EMOBON_UMF_Wa__um_$,/github/workspace/logsheets/filtered/water_sampling.csv,XSDString,mandatory
source_mat_id error,water,sampling,source_mat_id,351,EMOBON_UMF_Wa_351,source_mat_id should match ^EMOBON_UMF_Wa__um_$,/github/workspace/logsheets/filtered/water_sampling.csv,XSDString,mandatory
source_mat_id error,water,sampling,source_mat_id,352,EMOBON_UMF_Wa_352,source_mat_id should match ^EMOBON_UMF_Wa__um_$,/github/workspace/logsheets/filtered/water_sampling.csv,XSDString,mandatory
source_mat_id error,water,sampling,source_mat_id,353,EMOBON_UMF_Wa_353,source_mat_id should match ^EMOBON_UMF_Wa__um_$,/github/workspace/logsheets/filtered/water_sampling.csv,XSDString,mandatory
source_mat_id error,water,sampling,source_mat_id,354,EMOBON_UMF_Wa_354,source_mat_id should match ^EMOBON_UMF_Wa__um_$,/github/workspace/logsheets/filtered/water_sampling.csv,XSDString,mandatory
source_mat_id error,water,sampling,source_mat_id,355,EMOBON_UMF_Wa_355,source_mat_id should match ^EMOBON_UMF_Wa__um_$,/github/workspace/logsheets/filtered/water_sampling.csv,XSDString,mandatory
source_mat_id error,water,sampling,source_mat_id,356,EMOBON_UMF_Wa_356,source_mat_id should match ^EMOBON_UMF_Wa__um_$,/github/workspace/logsheets/filtered/water_sampling.csv,XSDString,mandatory
source_mat_id error,water,sampling,source_mat_id,357,EMOBON_UMF_Wa_357,source_mat_id should match ^EMOBON_UMF_Wa__um_$,/github/workspace/logsheets/filtered/water_sampling.csv,XSDString,mandatory
source_mat_id error,water,sampling,source_mat_id,358,EMOBON_UMF_Wa_358,source_mat_id should match ^EMOBON_UMF_Wa__um_$,/github/workspace/logsheets/filtered/water_sampling.csv,XSDString,mandatory
source_mat_id error,water,sampling,source_mat_id,359,EMOBON_UMF_Wa_359,source_mat_id should match ^EMOBON_UMF_Wa__um_$,/github/workspace/logsheets/filtered/water_sampling.csv,XSDString,mandatory
source_mat_id error,water,sampling,source_mat_id,360,EMOBON_UMF_Wa_360,source_mat_id should match ^EMOBON_UMF_Wa__um_$,/github/workspace/logsheets/filtered/water_sampling.csv,XSDString,mandatory
source_mat_id error,water,sampling,source_mat_id,361,EMOBON_UMF_Wa_361,source_mat_id should match ^EMOBON_UMF_Wa__um_$,/github/workspace/logsheets/filtered/water_sampling.csv,XSDString,mandatory
source_mat_id error,water,sampling,source_mat_id,362,EMOBON_UMF_Wa_362,source_mat_id should match ^EMOBON_UMF_Wa__um_$,/github/workspace/logsheets/filtered/water_sampling.csv,XSDString,mandatory
source_mat_id error,water,sampling,source_mat_id,363,EMOBON_UMF_Wa_363,source_mat_id should match ^EMOBON_UMF_Wa__um_$,/github/workspace/logsheets/filtered/water_sampling.csv,XSDString,mandatory
source_mat_id error,water,sampling,source_mat_id,364,EMOBON_UMF_Wa_364,source_mat_id should match ^EMOBON_UMF_Wa__um_$,/github/workspace/logsheets/filtered/water_sampling.csv,XSDString,mandatory
source_mat_id error,water,sampling,source_mat_id,365,EMOBON_UMF_Wa_365,source_mat_id should match ^EMOBON_UMF_Wa__um_$,/github/workspace/logsheets/filtered/water_sampling.csv,XSDString,mandatory
source_mat_id error,water,sampling,source_mat_id,366,EMOBON_UMF_Wa_366,source_mat_id should match ^EMOBON_UMF_Wa__um_$,/github/workspace/logsheets/filtered/water_sampling.csv,XSDString,mandatory
source_mat_id error,water,sampling,source_mat_id,367,EMOBON_UMF_Wa_367,source_mat_id should match ^EMOBON_UMF_Wa__um_$,/github/workspace/logsheets/filtered/water_sampling.csv,XSDString,mandatory
source_mat_id error,water,sampling,source_mat_id,368,EMOBON_UMF_Wa_368,source_mat_id should match ^EMOBON_UMF_Wa__um_$,/github/workspace/logsheets/filtered/water_sampling.csv,XSDString,mandatory
source_mat_id error,water,sampling,source_mat_id,369,EMOBON_UMF_Wa_369,source_mat_id should match ^EMOBON_UMF_Wa__um_$,/github/workspace/logsheets/filtered/water_sampling.csv,XSDString,mandatory
source_mat_id error,water,sampling,source_mat_id,370,EMOBON_UMF_Wa_370,source_mat_id should match ^EMOBON_UMF_Wa__um_$,/github/workspace/logsheets/filtered/water_sampling.csv,XSDString,mandatory
source_mat_id error,water,sampling,source_mat_id,371,EMOBON_UMF_Wa_371,source_mat_id should match ^EMOBON_UMF_Wa__um_$,/github/workspace/logsheets/filtered/water_sampling.csv,XSDString,mandatory
source_mat_id error,water,sampling,source_mat_id,372,EMOBON_UMF_Wa_372,source_mat_id should match ^EMOBON_UMF_Wa__um_$,/github/workspace/logsheets/filtered/water_sampling.csv,XSDString,mandatory
source_mat_id error,water,sampling,source_mat_id,373,EMOBON_UMF_Wa_373,source_mat_id should match ^EMOBON_UMF_Wa__um_$,/github/workspace/logsheets/filtered/water_sampling.csv,XSDString,mandatory
source_mat_id error,water,sampling,source_mat_id,374,EMOBON_UMF_Wa_374,source_mat_id should match ^EMOBON_UMF_Wa__um_$,/github/workspace/logsheets/filtered/water_sampling.csv,XSDString,mandatory
source_mat_id error,water,sampling,source_mat_id,375,EMOBON_UMF_Wa_375,source_mat_id should match ^EMOBON_UMF_Wa__um_$,/github/workspace/logsheets/filtered/water_sampling.csv,XSDString,mandatory
source_mat_id error,water,sampling,source_mat_id,376,EMOBON_UMF_Wa_376,source_mat_id should match ^EMOBON_UMF_Wa__um_$,/github/workspace/logsheets/filtered/water_sampling.csv,XSDString,mandatory
source_mat_id error,water,sampling,source_mat_id,377,EMOBON_UMF_Wa_377,source_mat_id should match ^EMOBON_UMF_Wa__um_$,/github/workspace/logsheets/filtered/water_sampling.csv,XSDString,mandatory
source_mat_id error,water,sampling,source_mat_id,378,EMOBON_UMF_Wa_378,source_mat_id should match ^EMOBON_UMF_Wa__um_$,/github/workspace/logsheets/filtered/water_sampling.csv,XSDString,mandatory
source_mat_id error,water,sampling,source_mat_id,379,EMOBON_UMF_Wa_379,source_mat_id should match ^EMOBON_UMF_Wa__um_$,/github/workspace/logsheets/filtered/water_sampling.csv,XSDString,mandatory
source_mat_id error,water,sampling,source_mat_id,380,EMOBON_UMF_Wa_380,source_mat_id should match ^EMOBON_UMF_Wa__um_$,/github/workspace/logsheets/filtered/water_sampling.csv,XSDString,mandatory
source_mat_id error,water,sampling,source_mat_id,381,EMOBON_UMF_Wa_381,source_mat_id should match ^EMOBON_UMF_Wa__um_$,/github/workspace/logsheets/filtered/water_sampling.csv,XSDString,mandatory
source_mat_id error,water,sampling,source_mat_id,382,EMOBON_UMF_Wa_382,source_mat_id should match ^EMOBON_UMF_Wa__um_$,/github/workspace/logsheets/filtered/water_sampling.csv,XSDString,mandatory
source_mat_id error,water,sampling,source_mat_id,383,EMOBON_UMF_Wa_383,source_mat_id should match ^EMOBON_UMF_Wa__um_$,/github/workspace/logsheets/filtered/water_sampling.csv,XSDString,mandatory
source_mat_id error,water,sampling,source_mat_id,384,EMOBON_UMF_Wa_384,source_mat_id should match ^EMOBON_UMF_Wa__um_$,/github/workspace/logsheets/filtered/water_sampling.csv,XSDString,mandatory
source_mat_id error,water,sampling,source_mat_id,385,EMOBON_UMF_Wa_385,source_mat_id should match ^EMOBON_UMF_Wa__um_$,/github/workspace/logsheets/filtered/water_sampling.csv,XSDString,mandatory
source_mat_id error,water,sampling,source_mat_id,386,EMOBON_UMF_Wa_386,source_mat_id should match ^EMOBON_UMF_Wa__um_$,/github/workspace/logsheets/filtered/water_sampling.csv,XSDString,mandatory
source_mat_id error,water,sampling,source_mat_id,387,EMOBON_UMF_Wa_387,source_mat_id should match ^EMOBON_UMF_Wa__um_$,/github/workspace/logsheets/filtered/water_sampling.csv,XSDString,mandatory
source_mat_id error,water,sampling,source_mat_id,388,EMOBON_UMF_Wa_388,source_mat_id should match ^EMOBON_UMF_Wa__um_$,/github/workspace/logsheets/filtered/water_sampling.csv,XSDString,mandatory
source_mat_id error,water,sampling,source_mat_id,389,EMOBON_UMF_Wa_389,source_mat_id should match ^EMOBON_UMF_Wa__um_$,/github/workspace/logsheets/filtered/water_sampling.csv,XSDString,mandatory
source_mat_id error,water,sampling,source_mat_id,390,EMOBON_UMF_Wa_390,source_mat_id should match ^EMOBON_UMF_Wa__um_$,/github/workspace/logsheets/filtered/water_sampling.csv,XSDString,mandatory
source_mat_id error,water,sampling,source_mat_id,391,EMOBON_UMF_Wa_391,source_mat_id should match ^EMOBON_UMF_Wa__um_$,/github/workspace/logsheets/filtered/water_sampling.csv,XSDString,mandatory
scientific name error,sediment,sampling,scientific_name,1,Metazoa,"scientific_name should be )

   ",/github/workspace/logsheets/filtered/sediment_sampling.csv,XSDString,mandatory
scientific name error,sediment,sampling,scientific_name,2,Metazoa,"scientific_name should be )

   ",/github/workspace/logsheets/filtered/sediment_sampling.csv,XSDString,mandatory
scientific name error,sediment,sampling,scientific_name,3,Metazoa,"scientific_name should be )

   ",/github/workspace/logsheets/filtered/sediment_sampling.csv,XSDString,mandatory
scientific name error,sediment,sampling,scientific_name,4,Metazoa,"scientific_name should be )

   ",/github/workspace/logsheets/filtered/sediment_sampling.csv,XSDString,mandatory
scientific name error,sediment,sampling,scientific_name,5,marine sediment metagenome,"scientific_name should be marine sediment metagenome)

   ",/github/workspace/logsheets/filtered/sediment_sampling.csv,XSDString,mandatory
scientific name error,sediment,sampling,scientific_name,6,marine sediment metagenome,"scientific_name should be marine sediment metagenome)

   ",/github/workspace/logsheets/filtered/sediment_sampling.csv,XSDString,mandatory
scientific name error,sediment,sampling,scientific_name,7,marine sediment metagenome,"scientific_name should be marine sediment metagenome)

   ",/github/workspace/logsheets/filtered/sediment_sampling.csv,XSDString,mandatory
scientific name error,sediment,sampling,scientific_name,8,marine sediment metagenome,"scientific_name should be marine sediment metagenome)

   ",/github/workspace/logsheets/filtered/sediment_sampling.csv,XSDString,mandatory
scientific name error,sediment,sampling,scientific_name,9,metagenome,"scientific_name should be metagenome)

   ",/github/workspace/logsheets/filtered/sediment_sampling.csv,XSDString,mandatory
scientific name error,sediment,sampling,scientific_name,10,Metazoa,"scientific_name should be )

   ",/github/workspace/logsheets/filtered/sediment_sampling.csv,XSDString,mandatory
scientific name error,sediment,sampling,scientific_name,11,Metazoa,"scientific_name should be )

   ",/github/workspace/logsheets/filtered/sediment_sampling.csv,XSDString,mandatory
scientific name error,sediment,sampling,scientific_name,12,Metazoa,"scientific_name should be )

   ",/github/workspace/logsheets/filtered/sediment_sampling.csv,XSDString,mandatory
scientific name error,sediment,sampling,scientific_name,13,Metazoa,"scientific_name should be )

   ",/github/workspace/logsheets/filtered/sediment_sampling.csv,XSDString,mandatory
scientific name error,sediment,sampling,scientific_name,14,marine sediment metagenome,"scientific_name should be marine sediment metagenome)

   ",/github/workspace/logsheets/filtered/sediment_sampling.csv,XSDString,mandatory
scientific name error,sediment,sampling,scientific_name,15,marine sediment metagenome,"scientific_name should be marine sediment metagenome)

   ",/github/workspace/logsheets/filtered/sediment_sampling.csv,XSDString,mandatory
scientific name error,sediment,sampling,scientific_name,16,marine sediment metagenome,"scientific_name should be marine sediment metagenome)

   ",/github/workspace/logsheets/filtered/sediment_sampling.csv,XSDString,mandatory
scientific name error,sediment,sampling,scientific_name,17,marine sediment metagenome,"scientific_name should be marine sediment metagenome)

   ",/github/workspace/logsheets/filtered/sediment_sampling.csv,XSDString,mandatory
scientific name error,sediment,sampling,scientific_name,18,metagenome,"scientific_name should be metagenome)

   ",/github/workspace/logsheets/filtered/sediment_sampling.csv,XSDString,mandatory
scientific name error,water,sampling,scientific_name,1,marine plankton metagenome,"scientific_name should be marine plankton metagenome)

   ",/github/workspace/logsheets/filtered/water_sampling.csv,XSDString,mandatory
scientific name error,water,sampling,scientific_name,2,marine plankton metagenome,"scientific_name should be marine plankton metagenome)

   ",/github/workspace/logsheets/filtered/water_sampling.csv,XSDString,mandatory
scientific name error,water,sampling,scientific_name,3,marine plankton metagenome,"scientific_name should be marine plankton metagenome)

   ",/github/workspace/logsheets/filtered/water_sampling.csv,XSDString,mandatory
scientific name error,water,sampling,scientific_name,4,marine plankton metagenome,"scientific_name should be marine plankton metagenome)

   ",/github/workspace/logsheets/filtered/water_sampling.csv,XSDString,mandatory
scientific name error,water,sampling,scientific_name,5,marine plankton metagenome,"scientific_name should be marine plankton metagenome)

   ",/github/workspace/logsheets/filtered/water_sampling.csv,XSDString,mandatory
scientific name error,water,sampling,scientific_name,6,marine plankton metagenome,"scientific_name should be marine plankton metagenome)

   ",/github/workspace/logsheets/filtered/water_sampling.csv,XSDString,mandatory
scientific name error,water,sampling,scientific_name,7,marine plankton metagenome,"scientific_name should be marine plankton metagenome)

   ",/github/workspace/logsheets/filtered/water_sampling.csv,XSDString,mandatory
scientific name error,water,sampling,scientific_name,8,marine plankton metagenome,"scientific_name should be marine plankton metagenome)

   ",/github/workspace/logsheets/filtered/water_sampling.csv,XSDString,mandatory
scientific name error,water,sampling,scientific_name,9,metagenome,"scientific_name should be metagenome)

   ",/github/workspace/logsheets/filtered/water_sampling.csv,XSDString,mandatory
scientific name error,water,sampling,scientific_name,10,metagenome,"scientific_name should be metagenome)

   ",/github/workspace/logsheets/filtered/water_sampling.csv,XSDString,mandatory
scientific name error,water,sampling,scientific_name,11,marine plankton metagenome,"scientific_name should be marine plankton metagenome)

   ",/github/workspace/logsheets/filtered/water_sampling.csv,XSDString,mandatory
scientific name error,water,sampling,scientific_name,12,marine plankton metagenome,"scientific_name should be marine plankton metagenome)

   ",/github/workspace/logsheets/filtered/water_sampling.csv,XSDString,mandatory
scientific name error,water,sampling,scientific_name,13,marine plankton metagenome,"scientific_name should be marine plankton metagenome)

   ",/github/workspace/logsheets/filtered/water_sampling.csv,XSDString,mandatory
scientific name error,water,sampling,scientific_name,14,marine plankton metagenome,"scientific_name should be marine plankton metagenome)

   ",/github/workspace/logsheets/filtered/water_sampling.csv,XSDString,mandatory
scientific name error,water,sampling,scientific_name,15,metagenome,"scientific_name should be metagenome)

   ",/github/workspace/logsheets/filtered/water_sampling.csv,XSDString,mandatory
scientific name error,water,sampling,scientific_name,16,marine plankton metagenome,"scientific_name should be marine plankton metagenome)

   ",/github/workspace/logsheets/filtered/water_sampling.csv,XSDString,mandatory
scientific name error,water,sampling,scientific_name,17,marine plankton metagenome,"scientific_name should be marine plankton metagenome)

   ",/github/workspace/logsheets/filtered/water_sampling.csv,XSDString,mandatory
scientific name error,water,sampling,scientific_name,18,marine plankton metagenome,"scientific_name should be marine plankton metagenome)

   ",/github/workspace/logsheets/filtered/water_sampling.csv,XSDString,mandatory
scientific name error,water,sampling,scientific_name,19,marine plankton metagenome,"scientific_name should be marine plankton metagenome)

   ",/github/workspace/logsheets/filtered/water_sampling.csv,XSDString,mandatory
scientific name error,water,sampling,scientific_name,20,marine plankton metagenome,"scientific_name should be marine plankton metagenome)

   ",/github/workspace/logsheets/filtered/water_sampling.csv,XSDString,mandatory
scientific name error,water,sampling,scientific_name,21,marine plankton metagenome,"scientific_name should be marine plankton metagenome)

   ",/github/workspace/logsheets/filtered/water_sampling.csv,XSDString,mandatory
scientific name error,water,sampling,scientific_name,22,marine plankton metagenome,"scientific_name should be marine plankton metagenome)

   ",/github/workspace/logsheets/filtered/water_sampling.csv,XSDString,mandatory
scientific name error,water,sampling,scientific_name,23,marine plankton metagenome,"scientific_name should be marine plankton metagenome)

   ",/github/workspace/logsheets/filtered/water_sampling.csv,XSDString,mandatory
scientific name error,water,sampling,scientific_name,24,marine plankton metagenome,"scientific_name should be marine plankton metagenome)

   ",/github/workspace/logsheets/filtered/water_sampling.csv,XSDString,mandatory
scientific name error,water,sampling,scientific_name,25,marine plankton metagenome,"scientific_name should be marine plankton metagenome)

   ",/github/workspace/logsheets/filtered/water_sampling.csv,XSDString,mandatory
scientific name error,water,sampling,scientific_name,26,marine plankton metagenome,"scientific_name should be marine plankton metagenome)

   ",/github/workspace/logsheets/filtered/water_sampling.csv,XSDString,mandatory
scientific name error,water,sampling,scientific_name,27,marine plankton metagenome,"scientific_name should be marine plankton metagenome)

   ",/github/workspace/logsheets/filtered/water_sampling.csv,XSDString,mandatory
scientific name error,water,sampling,scientific_name,28,metagenome,"scientific_name should be metagenome)

   ",/github/workspace/logsheets/filtered/water_sampling.csv,XSDString,mandatory
scientific name error,water,sampling,scientific_name,29,metagenome,"scientific_name should be metagenome)

   ",/github/workspace/logsheets/filtered/water_sampling.csv,XSDString,mandatory
scientific name error,water,sampling,scientific_name,30,marine plankton metagenome,"scientific_name should be marine plankton metagenome)

   ",/github/workspace/logsheets/filtered/water_sampling.csv,XSDString,mandatory
scientific name error,water,sampling,scientific_name,31,marine plankton metagenome,"scientific_name should be marine plankton metagenome)

   ",/github/workspace/logsheets/filtered/water_sampling.csv,XSDString,mandatory
scientific name error,water,sampling,scientific_name,32,marine plankton metagenome,"scientific_name should be marine plankton metagenome)

   ",/github/workspace/logsheets/filtered/water_sampling.csv,XSDString,mandatory
scientific name error,water,sampling,scientific_name,33,marine plankton metagenome,"scientific_name should be marine plankton metagenome)

   ",/github/workspace/logsheets/filtered/water_sampling.csv,XSDString,mandatory
scientific name error,water,sampling,scientific_name,34,metagenome,"scientific_name should be metagenome)

   ",/github/workspace/logsheets/filtered/water_sampling.csv,XSDString,mandatory
scientific name error,water,sampling,scientific_name,35,marine plankton metagenome,"scientific_name should be marine plankton metagenome)

   ",/github/workspace/logsheets/filtered/water_sampling.csv,XSDString,mandatory
scientific name error,water,sampling,scientific_name,36,marine plankton metagenome,"scientific_name should be marine plankton metagenome)

   ",/github/workspace/logsheets/filtered/water_sampling.csv,XSDString,mandatory
scientific name error,water,sampling,scientific_name,37,marine plankton metagenome,"scientific_name should be marine plankton metagenome)

   ",/github/workspace/logsheets/filtered/water_sampling.csv,XSDString,mandatory
scientific name error,water,sampling,scientific_name,38,marine plankton metagenome,"scientific_name should be marine plankton metagenome)

   ",/github/workspace/logsheets/filtered/water_sampling.csv,XSDString,mandatory
scientific name error,water,sampling,scientific_name,39,marine plankton metagenome,"scientific_name should be marine plankton metagenome)

   ",/github/workspace/logsheets/filtered/water_sampling.csv,XSDString,mandatory
scientific name error,water,sampling,scientific_name,40,marine plankton metagenome,"scientific_name should be marine plankton metagenome)

   ",/github/workspace/logsheets/filtered/water_sampling.csv,XSDString,mandatory
scientific name error,water,sampling,scientific_name,41,marine plankton metagenome,"scientific_name should be marine plankton metagenome)

   ",/github/workspace/logsheets/filtered/water_sampling.csv,XSDString,mandatory
scientific name error,water,sampling,scientific_name,42,marine plankton metagenome,"scientific_name should be marine plankton metagenome)

   ",/github/workspace/logsheets/filtered/water_sampling.csv,XSDString,mandatory
scientific name error,water,sampling,scientific_name,43,metagenome,"scientific_name should be metagenome)

   ",/github/workspace/logsheets/filtered/water_sampling.csv,XSDString,mandatory
scientific name error,water,sampling,scientific_name,44,metagenome,"scientific_name should be metagenome)

   ",/github/workspace/logsheets/filtered/water_sampling.csv,XSDString,mandatory
scientific name error,water,sampling,scientific_name,45,marine plankton metagenome,"scientific_name should be marine plankton metagenome)

   ",/github/workspace/logsheets/filtered/water_sampling.csv,XSDString,mandatory
scientific name error,water,sampling,scientific_name,46,marine plankton metagenome,"scientific_name should be marine plankton metagenome)

   ",/github/workspace/logsheets/filtered/water_sampling.csv,XSDString,mandatory
scientific name error,water,sampling,scientific_name,47,marine plankton metagenome,"scientific_name should be marine plankton metagenome)

   ",/github/workspace/logsheets/filtered/water_sampling.csv,XSDString,mandatory
scientific name error,water,sampling,scientific_name,48,marine plankton metagenome,"scientific_name should be marine plankton metagenome)

   ",/github/workspace/logsheets/filtered/water_sampling.csv,XSDString,mandatory
scientific name error,water,sampling,scientific_name,49,metagenome,"scientific_name should be metagenome)

   ",/github/workspace/logsheets/filtered/water_sampling.csv,XSDString,mandatory
membership violation,sediment,sampling,comm_samp,214,<empty>,"comm_samp must be in ['micro', 'meio', 'macro', 'blank']",/github/workspace/logsheets/filtered/sediment_sampling.csv,XSDString,mandatory
membership violation,sediment,sampling,comm_samp,215,<empty>,"comm_samp must be in ['micro', 'meio', 'macro', 'blank']",/github/workspace/logsheets/filtered/sediment_sampling.csv,XSDString,mandatory
membership violation,sediment,sampling,comm_samp,216,<empty>,"comm_samp must be in ['micro', 'meio', 'macro', 'blank']",/github/workspace/logsheets/filtered/sediment_sampling.csv,XSDString,mandatory
membership violation,sediment,sampling,comm_samp,217,<empty>,"comm_samp must be in ['micro', 'meio', 'macro', 'blank']",/github/workspace/logsheets/filtered/sediment_sampling.csv,XSDString,mandatory
membership violation,sediment,sampling,comm_samp,218,<empty>,"comm_samp must be in ['micro', 'meio', 'macro', 'blank']",/github/workspace/logsheets/filtered/sediment_sampling.csv,XSDString,mandatory
membership violation,sediment,sampling,comm_samp,219,<empty>,"comm_samp must be in ['micro', 'meio', 'macro', 'blank']",/github/workspace/logsheets/filtered/sediment_sampling.csv,XSDString,mandatory
membership violation,sediment,sampling,comm_samp,220,<empty>,"comm_samp must be in ['micro', 'meio', 'macro', 'blank']",/github/workspace/logsheets/filtered/sediment_sampling.csv,XSDString,mandatory
membership violation,sediment,sampling,comm_samp,221,<empty>,"comm_samp must be in ['micro', 'meio', 'macro', 'blank']",/github/workspace/logsheets/filtered/sediment_sampling.csv,XSDString,mandatory
membership violation,sediment,sampling,comm_samp,222,<empty>,"comm_samp must be in ['micro', 'meio', 'macro', 'blank']",/github/workspace/logsheets/filtered/sediment_sampling.csv,XSDString,mandatory
membership violation,sediment,sampling,comm_samp,223,<empty>,"comm_samp must be in ['micro', 'meio', 'macro', 'blank']",/github/workspace/logsheets/filtered/sediment_sampling.csv,XSDString,mandatory
membership violation,sediment,sampling,comm_samp,224,<empty>,"comm_samp must be in ['micro', 'meio', 'macro', 'blank']",/github/workspace/logsheets/filtered/sediment_sampling.csv,XSDString,mandatory
membership violation,sediment,sampling,comm_samp,225,<empty>,"comm_samp must be in ['micro', 'meio', 'macro', 'blank']",/github/workspace/logsheets/filtered/sediment_sampling.csv,XSDString,mandatory
membership violation,sediment,sampling,comm_samp,226,<empty>,"comm_samp must be in ['micro', 'meio', 'macro', 'blank']",/github/workspace/logsheets/filtered/sediment_sampling.csv,XSDString,mandatory
membership violation,sediment,sampling,comm_samp,227,<empty>,"comm_samp must be in ['micro', 'meio', 'macro', 'blank']",/github/workspace/logsheets/filtered/sediment_sampling.csv,XSDString,mandatory
membership violation,sediment,sampling,comm_samp,228,<empty>,"comm_samp must be in ['micro', 'meio', 'macro', 'blank']",/github/workspace/logsheets/filtered/sediment_sampling.csv,XSDString,mandatory
membership violation,sediment,sampling,comm_samp,229,<empty>,"comm_samp must be in ['micro', 'meio', 'macro', 'blank']",/github/workspace/logsheets/filtered/sediment_sampling.csv,XSDString,mandatory
membership violation,sediment,sampling,comm_samp,230,<empty>,"comm_samp must be in ['micro', 'meio', 'macro', 'blank']",/github/workspace/logsheets/filtered/sediment_sampling.csv,XSDString,mandatory
membership violation,sediment,sampling,comm_samp,231,<empty>,"comm_samp must be in ['micro', 'meio', 'macro', 'blank']",/github/workspace/logsheets/filtered/sediment_sampling.csv,XSDString,mandatory
membership violation,sediment,sampling,comm_samp,232,<empty>,"comm_samp must be in ['micro', 'meio', 'macro', 'blank']",/github/workspace/logsheets/filtered/sediment_sampling.csv,XSDString,mandatory
membership violation,sediment,sampling,comm_samp,233,<empty>,"comm_samp must be in ['micro', 'meio', 'macro', 'blank']",/github/workspace/logsheets/filtered/sediment_sampling.csv,XSDString,mandatory
membership violation,sediment,sampling,comm_samp,234,<empty>,"comm_samp must be in ['micro', 'meio', 'macro', 'blank']",/github/workspace/logsheets/filtered/sediment_sampling.csv,XSDString,mandatory
membership violation,sediment,sampling,comm_samp,235,<empty>,"comm_samp must be in ['micro', 'meio', 'macro', 'blank']",/github/workspace/logsheets/filtered/sediment_sampling.csv,XSDString,mandatory
membership violation,sediment,sampling,comm_samp,236,<empty>,"comm_samp must be in ['micro', 'meio', 'macro', 'blank']",/github/workspace/logsheets/filtered/sediment_sampling.csv,XSDString,mandatory
membership violation,sediment,sampling,comm_samp,237,<empty>,"comm_samp must be in ['micro', 'meio', 'macro', 'blank']",/github/workspace/logsheets/filtered/sediment_sampling.csv,XSDString,mandatory
membership violation,sediment,sampling,comm_samp,238,<empty>,"comm_samp must be in ['micro', 'meio', 'macro', 'blank']",/github/workspace/logsheets/filtered/sediment_sampling.csv,XSDString,mandatory
membership violation,sediment,sampling,comm_samp,239,<empty>,"comm_samp must be in ['micro', 'meio', 'macro', 'blank']",/github/workspace/logsheets/filtered/sediment_sampling.csv,XSDString,mandatory
membership violation,sediment,sampling,comm_samp,240,<empty>,"comm_samp must be in ['micro', 'meio', 'macro', 'blank']",/github/workspace/logsheets/filtered/sediment_sampling.csv,XSDString,mandatory
membership violation,sediment,sampling,comm_samp,241,<empty>,"comm_samp must be in ['micro', 'meio', 'macro', 'blank']",/github/workspace/logsheets/filtered/sediment_sampling.csv,XSDString,mandatory
membership violation,sediment,sampling,comm_samp,242,<empty>,"comm_samp must be in ['micro', 'meio', 'macro', 'blank']",/github/workspace/logsheets/filtered/sediment_sampling.csv,XSDString,mandatory
membership violation,sediment,sampling,comm_samp,243,<empty>,"comm_samp must be in ['micro', 'meio', 'macro', 'blank']",/github/workspace/logsheets/filtered/sediment_sampling.csv,XSDString,mandatory
membership violation,sediment,sampling,comm_samp,244,<empty>,"comm_samp must be in ['micro', 'meio', 'macro', 'blank']",/github/workspace/logsheets/filtered/sediment_sampling.csv,XSDString,mandatory
membership violation,sediment,sampling,comm_samp,245,<empty>,"comm_samp must be in ['micro', 'meio', 'macro', 'blank']",/github/workspace/logsheets/filtered/sediment_sampling.csv,XSDString,mandatory
membership violation,sediment,sampling,comm_samp,246,<empty>,"comm_samp must be in ['micro', 'meio', 'macro', 'blank']",/github/workspace/logsheets/filtered/sediment_sampling.csv,XSDString,mandatory
membership violation,sediment,sampling,comm_samp,247,<empty>,"comm_samp must be in ['micro', 'meio', 'macro', 'blank']",/github/workspace/logsheets/filtered/sediment_sampling.csv,XSDString,mandatory
membership violation,sediment,sampling,comm_samp,248,<empty>,"comm_samp must be in ['micro', 'meio', 'macro', 'blank']",/github/workspace/logsheets/filtered/sediment_sampling.csv,XSDString,mandatory
membership violation,sediment,sampling,comm_samp,249,<empty>,"comm_samp must be in ['micro', 'meio', 'macro', 'blank']",/github/workspace/logsheets/filtered/sediment_sampling.csv,XSDString,mandatory
membership violation,sediment,sampling,comm_samp,250,<empty>,"comm_samp must be in ['micro', 'meio', 'macro', 'blank']",/github/workspace/logsheets/filtered/sediment_sampling.csv,XSDString,mandatory
membership violation,sediment,sampling,comm_samp,251,<empty>,"comm_samp must be in ['micro', 'meio', 'macro', 'blank']",/github/workspace/logsheets/filtered/sediment_sampling.csv,XSDString,mandatory
membership violation,sediment,sampling,comm_samp,252,<empty>,"comm_samp must be in ['micro', 'meio', 'macro', 'blank']",/github/workspace/logsheets/filtered/sediment_sampling.csv,XSDString,mandatory
membership violation,sediment,sampling,comm_samp,253,<empty>,"comm_samp must be in ['micro', 'meio', 'macro', 'blank']",/github/workspace/logsheets/filtered/sediment_sampling.csv,XSDString,mandatory
membership violation,sediment,sampling,comm_samp,254,<empty>,"comm_samp must be in ['micro', 'meio', 'macro', 'blank']",/github/workspace/logsheets/filtered/sediment_sampling.csv,XSDString,mandatory
membership violation,sediment,sampling,comm_samp,255,<empty>,"comm_samp must be in ['micro', 'meio', 'macro', 'blank']",/github/workspace/logsheets/filtered/sediment_sampling.csv,XSDString,mandatory
membership violation,sediment,sampling,comm_samp,256,<empty>,"comm_samp must be in ['micro', 'meio', 'macro', 'blank']",/github/workspace/logsheets/filtered/sediment_sampling.csv,XSDString,mandatory
membership violation,sediment,sampling,comm_samp,257,<empty>,"comm_samp must be in ['micro', 'meio', 'macro', 'blank']",/github/workspace/logsheets/filtered/sediment_sampling.csv,XSDString,mandatory
membership violation,sediment,sampling,comm_samp,258,<empty>,"comm_samp must be in ['micro', 'meio', 'macro', 'blank']",/github/workspace/logsheets/filtered/sediment_sampling.csv,XSDString,mandatory
membership violation,sediment,sampling,comm_samp,259,<empty>,"comm_samp must be in ['micro', 'meio', 'macro', 'blank']",/github/workspace/logsheets/filtered/sediment_sampling.csv,XSDString,mandatory
membership violation,sediment,sampling,comm_samp,260,<empty>,"comm_samp must be in ['micro', 'meio', 'macro', 'blank']",/github/workspace/logsheets/filtered/sediment_sampling.csv,XSDString,mandatory
membership violation,sediment,sampling,comm_samp,261,<empty>,"comm_samp must be in ['micro', 'meio', 'macro', 'blank']",/github/workspace/logsheets/filtered/sediment_sampling.csv,XSDString,mandatory
membership violation,sediment,sampling,comm_samp,262,<empty>,"comm_samp must be in ['micro', 'meio', 'macro', 'blank']",/github/workspace/logsheets/filtered/sediment_sampling.csv,XSDString,mandatory
missing value,sediment,measured,ph,1,<empty>,\,/github/workspace/logsheets/filtered/sediment_measured.csv,XSDDouble,mandatory
missing value,sediment,measured,ph,2,<empty>,\,/github/workspace/logsheets/filtered/sediment_measured.csv,XSDDouble,mandatory
missing value,sediment,measured,ph,3,<empty>,\,/github/workspace/logsheets/filtered/sediment_measured.csv,XSDDouble,mandatory
missing value,sediment,measured,ph,4,<empty>,\,/github/workspace/logsheets/filtered/sediment_measured.csv,XSDDouble,mandatory
missing value,sediment,measured,ph,5,<empty>,\,/github/workspace/logsheets/filtered/sediment_measured.csv,XSDDouble,mandatory
missing value,sediment,measured,ph,6,<empty>,\,/github/workspace/logsheets/filtered/sediment_measured.csv,XSDDouble,mandatory
missing value,sediment,measured,ph,7,<empty>,\,/github/workspace/logsheets/filtered/sediment_measured.csv,XSDDouble,mandatory
missing value,sediment,measured,ph,8,<empty>,\,/github/workspace/logsheets/filtered/sediment_measured.csv,XSDDouble,mandatory
missing value,sediment,measured,ph,9,<empty>,\,/github/workspace/logsheets/filtered/sediment_measured.csv,XSDDouble,mandatory
missing value,sediment,measured,ph,10,<empty>,\,/github/workspace/logsheets/filtered/sediment_measured.csv,XSDDouble,mandatory
missing value,sediment,measured,ph,11,<empty>,\,/github/workspace/logsheets/filtered/sediment_measured.csv,XSDDouble,mandatory
missing value,sediment,measured,ph,12,<empty>,\,/github/workspace/logsheets/filtered/sediment_measured.csv,XSDDouble,mandatory
missing value,sediment,measured,ph,13,<empty>,\,/github/workspace/logsheets/filtered/sediment_measured.csv,XSDDouble,mandatory
missing value,sediment,measured,ph,14,<empty>,\,/github/workspace/logsheets/filtered/sediment_measured.csv,XSDDouble,mandatory
missing value,sediment,measured,ph,15,<empty>,\,/github/workspace/logsheets/filtered/sediment_measured.csv,XSDDouble,mandatory
missing value,sediment,measured,ph,16,<empty>,\,/github/workspace/logsheets/filtered/sediment_measured.csv,XSDDouble,mandatory
missing value,sediment,measured,ph,17,<empty>,\,/github/workspace/logsheets/filtered/sediment_measured.csv,XSDDouble,mandatory
missing value,sediment,measured,ph,18,<empty>,\,/github/workspace/logsheets/filtered/sediment_measured.csv,XSDDouble,mandatory
missing value,sediment,measured,ph_method,1,<empty>,\,/github/workspace/logsheets/filtered/sediment_measured.csv,XSDString,mandatory
missing value,sediment,measured,ph_method,2,<empty>,\,/github/workspace/logsheets/filtered/sediment_measured.csv,XSDString,mandatory
missing value,sediment,measured,ph_method,3,<empty>,\,/github/workspace/logsheets/filtered/sediment_measured.csv,XSDString,mandatory
missing value,sediment,measured,ph_method,4,<empty>,\,/github/workspace/logsheets/filtered/sediment_measured.csv,XSDString,mandatory
missing value,sediment,measured,ph_method,5,<empty>,\,/github/workspace/logsheets/filtered/sediment_measured.csv,XSDString,mandatory
missing value,sediment,measured,ph_method,6,<empty>,\,/github/workspace/logsheets/filtered/sediment_measured.csv,XSDString,mandatory
missing value,sediment,measured,ph_method,7,<empty>,\,/github/workspace/logsheets/filtered/sediment_measured.csv,XSDString,mandatory
missing value,sediment,measured,ph_method,8,<empty>,\,/github/workspace/logsheets/filtered/sediment_measured.csv,XSDString,mandatory
missing value,sediment,measured,ph_method,9,<empty>,\,/github/workspace/logsheets/filtered/sediment_measured.csv,XSDString,mandatory
missing value,sediment,measured,ph_method,10,<empty>,\,/github/workspace/logsheets/filtered/sediment_measured.csv,XSDString,mandatory
missing value,sediment,measured,ph_method,11,<empty>,\,/github/workspace/logsheets/filtered/sediment_measured.csv,XSDString,mandatory
missing value,sediment,measured,ph_method,12,<empty>,\,/github/workspace/logsheets/filtered/sediment_measured.csv,XSDString,mandatory
missing value,sediment,measured,ph_method,13,<empty>,\,/github/workspace/logsheets/filtered/sediment_measured.csv,XSDString,mandatory
missing value,sediment,measured,ph_method,14,<empty>,\,/github/workspace/logsheets/filtered/sediment_measured.csv,XSDString,mandatory
missing value,sediment,measured,ph_method,15,<empty>,\,/github/workspace/logsheets/filtered/sediment_measured.csv,XSDString,mandatory
missing value,sediment,measured,ph_method,16,<empty>,\,/github/workspace/logsheets/filtered/sediment_measured.csv,XSDString,mandatory
missing value,sediment,measured,ph_method,17,<empty>,\,/github/workspace/logsheets/filtered/sediment_measured.csv,XSDString,mandatory
missing value,sediment,measured,ph_method,18,<empty>,\,/github/workspace/logsheets/filtered/sediment_measured.csv,XSDString,mandatory
missing value,sediment,measured,redox_potential,1,<empty>,\,/github/workspace/logsheets/filtered/sediment_measured.csv,XSDDouble,mandatory
missing value,sediment,measured,redox_potential,2,<empty>,\,/github/workspace/logsheets/filtered/sediment_measured.csv,XSDDouble,mandatory
missing value,sediment,measured,redox_potential,3,<empty>,\,/github/workspace/logsheets/filtered/sediment_measured.csv,XSDDouble,mandatory
missing value,sediment,measured,redox_potential,4,<empty>,\,/github/workspace/logsheets/filtered/sediment_measured.csv,XSDDouble,mandatory
missing value,sediment,measured,redox_potential,5,<empty>,\,/github/workspace/logsheets/filtered/sediment_measured.csv,XSDDouble,mandatory
missing value,sediment,measured,redox_potential,6,<empty>,\,/github/workspace/logsheets/filtered/sediment_measured.csv,XSDDouble,mandatory
missing value,sediment,measured,redox_potential,7,<empty>,\,/github/workspace/logsheets/filtered/sediment_measured.csv,XSDDouble,mandatory
missing value,sediment,measured,redox_potential,8,<empty>,\,/github/workspace/logsheets/filtered/sediment_measured.csv,XSDDouble,mandatory
missing value,sediment,measured,redox_potential,9,<empty>,\,/github/workspace/logsheets/filtered/sediment_measured.csv,XSDDouble,mandatory
missing value,sediment,measured,redox_potential,10,<empty>,\,/github/workspace/logsheets/filtered/sediment_measured.csv,XSDDouble,mandatory
missing value,sediment,measured,redox_potential,11,<empty>,\,/github/workspace/logsheets/filtered/sediment_measured.csv,XSDDouble,mandatory
missing value,sediment,measured,redox_potential,12,<empty>,\,/github/workspace/logsheets/filtered/sediment_measured.csv,XSDDouble,mandatory
missing value,sediment,measured,redox_potential,13,<empty>,\,/github/workspace/logsheets/filtered/sediment_measured.csv,XSDDouble,mandatory
missing value,sediment,measured,redox_potential,14,<empty>,\,/github/workspace/logsheets/filtered/sediment_measured.csv,XSDDouble,mandatory
missing value,sediment,measured,redox_potential,15,<empty>,\,/github/workspace/logsheets/filtered/sediment_measured.csv,XSDDouble,mandatory
missing value,sediment,measured,redox_potential,16,<empty>,\,/github/workspace/logsheets/filtered/sediment_measured.csv,XSDDouble,mandatory
missing value,sediment,measured,redox_potential,17,<empty>,\,/github/workspace/logsheets/filtered/sediment_measured.csv,XSDDouble,mandatory
missing value,sediment,measured,redox_potential,18,<empty>,\,/github/workspace/logsheets/filtered/sediment_measured.csv,XSDDouble,mandatory
missing value,sediment,sampling,ENA_accession_number_sample,1,<empty>,\,/github/workspace/logsheets/filtered/sediment_sampling.csv,XSDAnyURI,mandatory
missing value,sediment,sampling,ENA_accession_number_sample,2,<empty>,\,/github/workspace/logsheets/filtered/sediment_sampling.csv,XSDAnyURI,mandatory
missing value,sediment,sampling,ENA_accession_number_sample,3,<empty>,\,/github/workspace/logsheets/filtered/sediment_sampling.csv,XSDAnyURI,mandatory
missing value,sediment,sampling,ENA_accession_number_sample,4,<empty>,\,/github/workspace/logsheets/filtered/sediment_sampling.csv,XSDAnyURI,mandatory
missing value,sediment,sampling,ENA_accession_number_sample,5,<empty>,\,/github/workspace/logsheets/filtered/sediment_sampling.csv,XSDAnyURI,mandatory
missing value,sediment,sampling,ENA_accession_number_sample,6,<empty>,\,/github/workspace/logsheets/filtered/sediment_sampling.csv,XSDAnyURI,mandatory
missing value,sediment,sampling,ENA_accession_number_sample,7,<empty>,\,/github/workspace/logsheets/filtered/sediment_sampling.csv,XSDAnyURI,mandatory
missing value,sediment,sampling,ENA_accession_number_sample,8,<empty>,\,/github/workspace/logsheets/filtered/sediment_sampling.csv,XSDAnyURI,mandatory
missing value,sediment,sampling,ENA_accession_number_sample,9,<empty>,\,/github/workspace/logsheets/filtered/sediment_sampling.csv,XSDAnyURI,mandatory
missing value,sediment,sampling,ENA_accession_number_sample,10,<empty>,\,/github/workspace/logsheets/filtered/sediment_sampling.csv,XSDAnyURI,mandatory
missing value,sediment,sampling,ENA_accession_number_sample,11,<empty>,\,/github/workspace/logsheets/filtered/sediment_sampling.csv,XSDAnyURI,mandatory
missing value,sediment,sampling,ENA_accession_number_sample,12,<empty>,\,/github/workspace/logsheets/filtered/sediment_sampling.csv,XSDAnyURI,mandatory
missing value,sediment,sampling,ENA_accession_number_sample,13,<empty>,\,/github/workspace/logsheets/filtered/sediment_sampling.csv,XSDAnyURI,mandatory
missing value,sediment,sampling,ENA_accession_number_sample,14,<empty>,\,/github/workspace/logsheets/filtered/sediment_sampling.csv,XSDAnyURI,mandatory
missing value,sediment,sampling,ENA_accession_number_sample,15,<empty>,\,/github/workspace/logsheets/filtered/sediment_sampling.csv,XSDAnyURI,mandatory
missing value,sediment,sampling,ENA_accession_number_sample,16,<empty>,\,/github/workspace/logsheets/filtered/sediment_sampling.csv,XSDAnyURI,mandatory
missing value,sediment,sampling,ENA_accession_number_sample,17,<empty>,\,/github/workspace/logsheets/filtered/sediment_sampling.csv,XSDAnyURI,mandatory
missing value,sediment,sampling,ENA_accession_number_sample,18,<empty>,\,/github/workspace/logsheets/filtered/sediment_sampling.csv,XSDAnyURI,mandatory
missing value,sediment,sampling,ENA_accession_number_sample,212,<empty>,\,/github/workspace/logsheets/filtered/sediment_sampling.csv,XSDAnyURI,mandatory
missing value,sediment,sampling,ENA_accession_number_sample,213,<empty>,\,/github/workspace/logsheets/filtered/sediment_sampling.csv,XSDAnyURI,mandatory
missing value,sediment,sampling,ENA_accession_number_sample,214,<empty>,\,/github/workspace/logsheets/filtered/sediment_sampling.csv,XSDAnyURI,mandatory
missing value,sediment,sampling,ENA_accession_number_sample,215,<empty>,\,/github/workspace/logsheets/filtered/sediment_sampling.csv,XSDAnyURI,mandatory
missing value,sediment,sampling,ENA_accession_number_sample,216,<empty>,\,/github/workspace/logsheets/filtered/sediment_sampling.csv,XSDAnyURI,mandatory
missing value,sediment,sampling,ENA_accession_number_sample,217,<empty>,\,/github/workspace/logsheets/filtered/sediment_sampling.csv,XSDAnyURI,mandatory
missing value,sediment,sampling,ENA_accession_number_sample,218,<empty>,\,/github/workspace/logsheets/filtered/sediment_sampling.csv,XSDAnyURI,mandatory
missing value,sediment,sampling,ENA_accession_number_sample,219,<empty>,\,/github/workspace/logsheets/filtered/sediment_sampling.csv,XSDAnyURI,mandatory
missing value,sediment,sampling,ENA_accession_number_sample,220,<empty>,\,/github/workspace/logsheets/filtered/sediment_sampling.csv,XSDAnyURI,mandatory
missing value,sediment,sampling,ENA_accession_number_sample,221,<empty>,\,/github/workspace/logsheets/filtered/sediment_sampling.csv,XSDAnyURI,mandatory
missing value,sediment,sampling,ENA_accession_number_sample,222,<empty>,\,/github/workspace/logsheets/filtered/sediment_sampling.csv,XSDAnyURI,mandatory
missing value,sediment,sampling,ENA_accession_number_sample,223,<empty>,\,/github/workspace/logsheets/filtered/sediment_sampling.csv,XSDAnyURI,mandatory
missing value,sediment,sampling,ENA_accession_number_sample,224,<empty>,\,/github/workspace/logsheets/filtered/sediment_sampling.csv,XSDAnyURI,mandatory
missing value,sediment,sampling,ENA_accession_number_sample,225,<empty>,\,/github/workspace/logsheets/filtered/sediment_sampling.csv,XSDAnyURI,mandatory
missing value,sediment,sampling,ENA_accession_number_sample,226,<empty>,\,/github/workspace/logsheets/filtered/sediment_sampling.csv,XSDAnyURI,mandatory
missing value,sediment,sampling,ENA_accession_number_sample,227,<empty>,\,/github/workspace/logsheets/filtered/sediment_sampling.csv,XSDAnyURI,mandatory
missing value,sediment,sampling,ENA_accession_number_sample,228,<empty>,\,/github/workspace/logsheets/filtered/sediment_sampling.csv,XSDAnyURI,mandatory
missing value,sediment,sampling,ENA_accession_number_sample,229,<empty>,\,/github/workspace/logsheets/filtered/sediment_sampling.csv,XSDAnyURI,mandatory
missing value,sediment,sampling,ENA_accession_number_sample,230,<empty>,\,/github/workspace/logsheets/filtered/sediment_sampling.csv,XSDAnyURI,mandatory
missing value,sediment,sampling,ENA_accession_number_sample,231,<empty>,\,/github/workspace/logsheets/filtered/sediment_sampling.csv,XSDAnyURI,mandatory
missing value,sediment,sampling,ENA_accession_number_sample,232,<empty>,\,/github/workspace/logsheets/filtered/sediment_sampling.csv,XSDAnyURI,mandatory
missing value,sediment,sampling,ENA_accession_number_sample,233,<empty>,\,/github/workspace/logsheets/filtered/sediment_sampling.csv,XSDAnyURI,mandatory
missing value,sediment,sampling,ENA_accession_number_sample,234,<empty>,\,/github/workspace/logsheets/filtered/sediment_sampling.csv,XSDAnyURI,mandatory
missing value,sediment,sampling,ENA_accession_number_sample,235,<empty>,\,/github/workspace/logsheets/filtered/sediment_sampling.csv,XSDAnyURI,mandatory
missing value,sediment,sampling,ENA_accession_number_sample,236,<empty>,\,/github/workspace/logsheets/filtered/sediment_sampling.csv,XSDAnyURI,mandatory
missing value,sediment,sampling,ENA_accession_number_sample,237,<empty>,\,/github/workspace/logsheets/filtered/sediment_sampling.csv,XSDAnyURI,mandatory
missing value,sediment,sampling,ENA_accession_number_sample,238,<empty>,\,/github/workspace/logsheets/filtered/sediment_sampling.csv,XSDAnyURI,mandatory
missing value,sediment,sampling,ENA_accession_number_sample,239,<empty>,\,/github/workspace/logsheets/filtered/sediment_sampling.csv,XSDAnyURI,mandatory
missing value,sediment,sampling,ENA_accession_number_sample,240,<empty>,\,/github/workspace/logsheets/filtered/sediment_sampling.csv,XSDAnyURI,mandatory
missing value,sediment,sampling,ENA_accession_number_sample,241,<empty>,\,/github/workspace/logsheets/filtered/sediment_sampling.csv,XSDAnyURI,mandatory
missing value,sediment,sampling,ENA_accession_number_sample,242,<empty>,\,/github/workspace/logsheets/filtered/sediment_sampling.csv,XSDAnyURI,mandatory
missing value,sediment,sampling,ENA_accession_number_sample,243,<empty>,\,/github/workspace/logsheets/filtered/sediment_sampling.csv,XSDAnyURI,mandatory
missing value,sediment,sampling,ENA_accession_number_sample,244,<empty>,\,/github/workspace/logsheets/filtered/sediment_sampling.csv,XSDAnyURI,mandatory
missing value,sediment,sampling,ENA_accession_number_sample,245,<empty>,\,/github/workspace/logsheets/filtered/sediment_sampling.csv,XSDAnyURI,mandatory
missing value,sediment,sampling,ENA_accession_number_sample,246,<empty>,\,/github/workspace/logsheets/filtered/sediment_sampling.csv,XSDAnyURI,mandatory
missing value,sediment,sampling,ENA_accession_number_sample,247,<empty>,\,/github/workspace/logsheets/filtered/sediment_sampling.csv,XSDAnyURI,mandatory
missing value,sediment,sampling,ENA_accession_number_sample,248,<empty>,\,/github/workspace/logsheets/filtered/sediment_sampling.csv,XSDAnyURI,mandatory
missing value,sediment,sampling,ENA_accession_number_sample,249,<empty>,\,/github/workspace/logsheets/filtered/sediment_sampling.csv,XSDAnyURI,mandatory
missing value,sediment,sampling,ENA_accession_number_sample,250,<empty>,\,/github/workspace/logsheets/filtered/sediment_sampling.csv,XSDAnyURI,mandatory
missing value,sediment,sampling,ENA_accession_number_sample,251,<empty>,\,/github/workspace/logsheets/filtered/sediment_sampling.csv,XSDAnyURI,mandatory
missing value,sediment,sampling,ENA_accession_number_sample,252,<empty>,\,/github/workspace/logsheets/filtered/sediment_sampling.csv,XSDAnyURI,mandatory
missing value,sediment,sampling,ENA_accession_number_sample,253,<empty>,\,/github/workspace/logsheets/filtered/sediment_sampling.csv,XSDAnyURI,mandatory
missing value,sediment,sampling,ENA_accession_number_sample,254,<empty>,\,/github/workspace/logsheets/filtered/sediment_sampling.csv,XSDAnyURI,mandatory
missing value,sediment,sampling,ENA_accession_number_sample,255,<empty>,\,/github/workspace/logsheets/filtered/sediment_sampling.csv,XSDAnyURI,mandatory
missing value,sediment,sampling,ENA_accession_number_sample,256,<empty>,\,/github/workspace/logsheets/filtered/sediment_sampling.csv,XSDAnyURI,mandatory
missing value,sediment,sampling,ENA_accession_number_sample,257,<empty>,\,/github/workspace/logsheets/filtered/sediment_sampling.csv,XSDAnyURI,mandatory
missing value,sediment,sampling,ENA_accession_number_sample,258,<empty>,\,/github/workspace/logsheets/filtered/sediment_sampling.csv,XSDAnyURI,mandatory
missing value,sediment,sampling,ENA_accession_number_sample,259,<empty>,\,/github/workspace/logsheets/filtered/sediment_sampling.csv,XSDAnyURI,mandatory
missing value,sediment,sampling,ENA_accession_number_sample,260,<empty>,\,/github/workspace/logsheets/filtered/sediment_sampling.csv,XSDAnyURI,mandatory
missing value,sediment,sampling,ENA_accession_number_sample,261,<empty>,\,/github/workspace/logsheets/filtered/sediment_sampling.csv,XSDAnyURI,mandatory
missing value,sediment,sampling,ENA_accession_number_sample,262,<empty>,\,/github/workspace/logsheets/filtered/sediment_sampling.csv,XSDAnyURI,mandatory
missing value,sediment,sampling,arr_date_hq,2,<empty>,\,/github/workspace/logsheets/filtered/sediment_sampling.csv,XSDDate,mandatory
missing value,sediment,sampling,arr_date_hq,3,<empty>,\,/github/workspace/logsheets/filtered/sediment_sampling.csv,XSDDate,mandatory
missing value,sediment,sampling,arr_date_hq,4,<empty>,\,/github/workspace/logsheets/filtered/sediment_sampling.csv,XSDDate,mandatory
missing value,sediment,sampling,arr_date_hq,7,<empty>,\,/github/workspace/logsheets/filtered/sediment_sampling.csv,XSDDate,mandatory
missing value,sediment,sampling,arr_date_hq,8,<empty>,\,/github/workspace/logsheets/filtered/sediment_sampling.csv,XSDDate,mandatory
missing value,sediment,sampling,arr_date_hq,9,<empty>,\,/github/workspace/logsheets/filtered/sediment_sampling.csv,XSDDate,mandatory
missing value,sediment,sampling,arr_date_hq,12,<empty>,\,/github/workspace/logsheets/filtered/sediment_sampling.csv,XSDDate,mandatory
missing value,sediment,sampling,arr_date_hq,13,<empty>,\,/github/workspace/logsheets/filtered/sediment_sampling.csv,XSDDate,mandatory
missing value,sediment,sampling,arr_date_hq,16,<empty>,\,/github/workspace/logsheets/filtered/sediment_sampling.csv,XSDDate,mandatory
missing value,sediment,sampling,arr_date_hq,17,<empty>,\,/github/workspace/logsheets/filtered/sediment_sampling.csv,XSDDate,mandatory
missing value,sediment,sampling,arr_date_hq,18,<empty>,\,/github/workspace/logsheets/filtered/sediment_sampling.csv,XSDDate,mandatory
missing value,sediment,sampling,arr_date_hq,212,<empty>,\,/github/workspace/logsheets/filtered/sediment_sampling.csv,XSDDate,mandatory
missing value,sediment,sampling,arr_date_hq,213,<empty>,\,/github/workspace/logsheets/filtered/sediment_sampling.csv,XSDDate,mandatory
missing value,sediment,sampling,arr_date_hq,214,<empty>,\,/github/workspace/logsheets/filtered/sediment_sampling.csv,XSDDate,mandatory
missing value,sediment,sampling,arr_date_hq,215,<empty>,\,/github/workspace/logsheets/filtered/sediment_sampling.csv,XSDDate,mandatory
missing value,sediment,sampling,arr_date_hq,216,<empty>,\,/github/workspace/logsheets/filtered/sediment_sampling.csv,XSDDate,mandatory
missing value,sediment,sampling,arr_date_hq,217,<empty>,\,/github/workspace/logsheets/filtered/sediment_sampling.csv,XSDDate,mandatory
missing value,sediment,sampling,arr_date_hq,218,<empty>,\,/github/workspace/logsheets/filtered/sediment_sampling.csv,XSDDate,mandatory
missing value,sediment,sampling,arr_date_hq,219,<empty>,\,/github/workspace/logsheets/filtered/sediment_sampling.csv,XSDDate,mandatory
missing value,sediment,sampling,arr_date_hq,220,<empty>,\,/github/workspace/logsheets/filtered/sediment_sampling.csv,XSDDate,mandatory
missing value,sediment,sampling,arr_date_hq,221,<empty>,\,/github/workspace/logsheets/filtered/sediment_sampling.csv,XSDDate,mandatory
missing value,sediment,sampling,arr_date_hq,222,<empty>,\,/github/workspace/logsheets/filtered/sediment_sampling.csv,XSDDate,mandatory
missing value,sediment,sampling,arr_date_hq,223,<empty>,\,/github/workspace/logsheets/filtered/sediment_sampling.csv,XSDDate,mandatory
missing value,sediment,sampling,arr_date_hq,224,<empty>,\,/github/workspace/logsheets/filtered/sediment_sampling.csv,XSDDate,mandatory
missing value,sediment,sampling,arr_date_hq,225,<empty>,\,/github/workspace/logsheets/filtered/sediment_sampling.csv,XSDDate,mandatory
missing value,sediment,sampling,arr_date_hq,226,<empty>,\,/github/workspace/logsheets/filtered/sediment_sampling.csv,XSDDate,mandatory
missing value,sediment,sampling,arr_date_hq,227,<empty>,\,/github/workspace/logsheets/filtered/sediment_sampling.csv,XSDDate,mandatory
missing value,sediment,sampling,arr_date_hq,228,<empty>,\,/github/workspace/logsheets/filtered/sediment_sampling.csv,XSDDate,mandatory
missing value,sediment,sampling,arr_date_hq,229,<empty>,\,/github/workspace/logsheets/filtered/sediment_sampling.csv,XSDDate,mandatory
missing value,sediment,sampling,arr_date_hq,230,<empty>,\,/github/workspace/logsheets/filtered/sediment_sampling.csv,XSDDate,mandatory
missing value,sediment,sampling,arr_date_hq,231,<empty>,\,/github/workspace/logsheets/filtered/sediment_sampling.csv,XSDDate,mandatory
missing value,sediment,sampling,arr_date_hq,232,<empty>,\,/github/workspace/logsheets/filtered/sediment_sampling.csv,XSDDate,mandatory
missing value,sediment,sampling,arr_date_hq,233,<empty>,\,/github/workspace/logsheets/filtered/sediment_sampling.csv,XSDDate,mandatory
missing value,sediment,sampling,arr_date_hq,234,<empty>,\,/github/workspace/logsheets/filtered/sediment_sampling.csv,XSDDate,mandatory
missing value,sediment,sampling,arr_date_hq,235,<empty>,\,/github/workspace/logsheets/filtered/sediment_sampling.csv,XSDDate,mandatory
missing value,sediment,sampling,arr_date_hq,236,<empty>,\,/github/workspace/logsheets/filtered/sediment_sampling.csv,XSDDate,mandatory
missing value,sediment,sampling,arr_date_hq,237,<empty>,\,/github/workspace/logsheets/filtered/sediment_sampling.csv,XSDDate,mandatory
missing value,sediment,sampling,arr_date_hq,238,<empty>,\,/github/workspace/logsheets/filtered/sediment_sampling.csv,XSDDate,mandatory
missing value,sediment,sampling,arr_date_hq,239,<empty>,\,/github/workspace/logsheets/filtered/sediment_sampling.csv,XSDDate,mandatory
missing value,sediment,sampling,arr_date_hq,240,<empty>,\,/github/workspace/logsheets/filtered/sediment_sampling.csv,XSDDate,mandatory
missing value,sediment,sampling,arr_date_hq,241,<empty>,\,/github/workspace/logsheets/filtered/sediment_sampling.csv,XSDDate,mandatory
missing value,sediment,sampling,arr_date_hq,242,<empty>,\,/github/workspace/logsheets/filtered/sediment_sampling.csv,XSDDate,mandatory
missing value,sediment,sampling,arr_date_hq,243,<empty>,\,/github/workspace/logsheets/filtered/sediment_sampling.csv,XSDDate,mandatory
missing value,sediment,sampling,arr_date_hq,244,<empty>,\,/github/workspace/logsheets/filtered/sediment_sampling.csv,XSDDate,mandatory
missing value,sediment,sampling,arr_date_hq,245,<empty>,\,/github/workspace/logsheets/filtered/sediment_sampling.csv,XSDDate,mandatory
missing value,sediment,sampling,arr_date_hq,246,<empty>,\,/github/workspace/logsheets/filtered/sediment_sampling.csv,XSDDate,mandatory
missing value,sediment,sampling,arr_date_hq,247,<empty>,\,/github/workspace/logsheets/filtered/sediment_sampling.csv,XSDDate,mandatory
missing value,sediment,sampling,arr_date_hq,248,<empty>,\,/github/workspace/logsheets/filtered/sediment_sampling.csv,XSDDate,mandatory
missing value,sediment,sampling,arr_date_hq,249,<empty>,\,/github/workspace/logsheets/filtered/sediment_sampling.csv,XSDDate,mandatory
missing value,sediment,sampling,arr_date_hq,250,<empty>,\,/github/workspace/logsheets/filtered/sediment_sampling.csv,XSDDate,mandatory
missing value,sediment,sampling,arr_date_hq,251,<empty>,\,/github/workspace/logsheets/filtered/sediment_sampling.csv,XSDDate,mandatory
missing value,sediment,sampling,arr_date_hq,252,<empty>,\,/github/workspace/logsheets/filtered/sediment_sampling.csv,XSDDate,mandatory
missing value,sediment,sampling,arr_date_hq,253,<empty>,\,/github/workspace/logsheets/filtered/sediment_sampling.csv,XSDDate,mandatory
missing value,sediment,sampling,arr_date_hq,254,<empty>,\,/github/workspace/logsheets/filtered/sediment_sampling.csv,XSDDate,mandatory
missing value,sediment,sampling,arr_date_hq,255,<empty>,\,/github/workspace/logsheets/filtered/sediment_sampling.csv,XSDDate,mandatory
missing value,sediment,sampling,arr_date_hq,256,<empty>,\,/github/workspace/logsheets/filtered/sediment_sampling.csv,XSDDate,mandatory
missing value,sediment,sampling,arr_date_hq,257,<empty>,\,/github/workspace/logsheets/filtered/sediment_sampling.csv,XSDDate,mandatory
missing value,sediment,sampling,arr_date_hq,258,<empty>,\,/github/workspace/logsheets/filtered/sediment_sampling.csv,XSDDate,mandatory
missing value,sediment,sampling,arr_date_hq,259,<empty>,\,/github/workspace/logsheets/filtered/sediment_sampling.csv,XSDDate,mandatory
missing value,sediment,sampling,arr_date_hq,260,<empty>,\,/github/workspace/logsheets/filtered/sediment_sampling.csv,XSDDate,mandatory
missing value,sediment,sampling,arr_date_hq,261,<empty>,\,/github/workspace/logsheets/filtered/sediment_sampling.csv,XSDDate,mandatory
missing value,sediment,sampling,arr_date_hq,262,<empty>,\,/github/workspace/logsheets/filtered/sediment_sampling.csv,XSDDate,mandatory
missing value,sediment,sampling,arr_date_seq,2,<empty>,\,/github/workspace/logsheets/filtered/sediment_sampling.csv,XSDDate,mandatory
missing value,sediment,sampling,arr_date_seq,3,<empty>,\,/github/workspace/logsheets/filtered/sediment_sampling.csv,XSDDate,mandatory
missing value,sediment,sampling,arr_date_seq,4,<empty>,\,/github/workspace/logsheets/filtered/sediment_sampling.csv,XSDDate,mandatory
missing value,sediment,sampling,arr_date_seq,7,<empty>,\,/github/workspace/logsheets/filtered/sediment_sampling.csv,XSDDate,mandatory
missing value,sediment,sampling,arr_date_seq,8,<empty>,\,/github/workspace/logsheets/filtered/sediment_sampling.csv,XSDDate,mandatory
missing value,sediment,sampling,arr_date_seq,9,<empty>,\,/github/workspace/logsheets/filtered/sediment_sampling.csv,XSDDate,mandatory
missing value,sediment,sampling,arr_date_seq,12,<empty>,\,/github/workspace/logsheets/filtered/sediment_sampling.csv,XSDDate,mandatory
missing value,sediment,sampling,arr_date_seq,13,<empty>,\,/github/workspace/logsheets/filtered/sediment_sampling.csv,XSDDate,mandatory
missing value,sediment,sampling,arr_date_seq,16,<empty>,\,/github/workspace/logsheets/filtered/sediment_sampling.csv,XSDDate,mandatory
missing value,sediment,sampling,arr_date_seq,17,<empty>,\,/github/workspace/logsheets/filtered/sediment_sampling.csv,XSDDate,mandatory
missing value,sediment,sampling,arr_date_seq,18,<empty>,\,/github/workspace/logsheets/filtered/sediment_sampling.csv,XSDDate,mandatory
missing value,sediment,sampling,arr_date_seq,212,<empty>,\,/github/workspace/logsheets/filtered/sediment_sampling.csv,XSDDate,mandatory
missing value,sediment,sampling,arr_date_seq,213,<empty>,\,/github/workspace/logsheets/filtered/sediment_sampling.csv,XSDDate,mandatory
missing value,sediment,sampling,arr_date_seq,214,<empty>,\,/github/workspace/logsheets/filtered/sediment_sampling.csv,XSDDate,mandatory
missing value,sediment,sampling,arr_date_seq,215,<empty>,\,/github/workspace/logsheets/filtered/sediment_sampling.csv,XSDDate,mandatory
missing value,sediment,sampling,arr_date_seq,216,<empty>,\,/github/workspace/logsheets/filtered/sediment_sampling.csv,XSDDate,mandatory
missing value,sediment,sampling,arr_date_seq,217,<empty>,\,/github/workspace/logsheets/filtered/sediment_sampling.csv,XSDDate,mandatory
missing value,sediment,sampling,arr_date_seq,218,<empty>,\,/github/workspace/logsheets/filtered/sediment_sampling.csv,XSDDate,mandatory
missing value,sediment,sampling,arr_date_seq,219,<empty>,\,/github/workspace/logsheets/filtered/sediment_sampling.csv,XSDDate,mandatory
missing value,sediment,sampling,arr_date_seq,220,<empty>,\,/github/workspace/logsheets/filtered/sediment_sampling.csv,XSDDate,mandatory
missing value,sediment,sampling,arr_date_seq,221,<empty>,\,/github/workspace/logsheets/filtered/sediment_sampling.csv,XSDDate,mandatory
missing value,sediment,sampling,arr_date_seq,222,<empty>,\,/github/workspace/logsheets/filtered/sediment_sampling.csv,XSDDate,mandatory
missing value,sediment,sampling,arr_date_seq,223,<empty>,\,/github/workspace/logsheets/filtered/sediment_sampling.csv,XSDDate,mandatory
missing value,sediment,sampling,arr_date_seq,224,<empty>,\,/github/workspace/logsheets/filtered/sediment_sampling.csv,XSDDate,mandatory
missing value,sediment,sampling,arr_date_seq,225,<empty>,\,/github/workspace/logsheets/filtered/sediment_sampling.csv,XSDDate,mandatory
missing value,sediment,sampling,arr_date_seq,226,<empty>,\,/github/workspace/logsheets/filtered/sediment_sampling.csv,XSDDate,mandatory
missing value,sediment,sampling,arr_date_seq,227,<empty>,\,/github/workspace/logsheets/filtered/sediment_sampling.csv,XSDDate,mandatory
missing value,sediment,sampling,arr_date_seq,228,<empty>,\,/github/workspace/logsheets/filtered/sediment_sampling.csv,XSDDate,mandatory
missing value,sediment,sampling,arr_date_seq,229,<empty>,\,/github/workspace/logsheets/filtered/sediment_sampling.csv,XSDDate,mandatory
missing value,sediment,sampling,arr_date_seq,230,<empty>,\,/github/workspace/logsheets/filtered/sediment_sampling.csv,XSDDate,mandatory
missing value,sediment,sampling,arr_date_seq,231,<empty>,\,/github/workspace/logsheets/filtered/sediment_sampling.csv,XSDDate,mandatory
missing value,sediment,sampling,arr_date_seq,232,<empty>,\,/github/workspace/logsheets/filtered/sediment_sampling.csv,XSDDate,mandatory
missing value,sediment,sampling,arr_date_seq,233,<empty>,\,/github/workspace/logsheets/filtered/sediment_sampling.csv,XSDDate,mandatory
missing value,sediment,sampling,arr_date_seq,234,<empty>,\,/github/workspace/logsheets/filtered/sediment_sampling.csv,XSDDate,mandatory
missing value,sediment,sampling,arr_date_seq,235,<empty>,\,/github/workspace/logsheets/filtered/sediment_sampling.csv,XSDDate,mandatory
missing value,sediment,sampling,arr_date_seq,236,<empty>,\,/github/workspace/logsheets/filtered/sediment_sampling.csv,XSDDate,mandatory
missing value,sediment,sampling,arr_date_seq,237,<empty>,\,/github/workspace/logsheets/filtered/sediment_sampling.csv,XSDDate,mandatory
missing value,sediment,sampling,arr_date_seq,238,<empty>,\,/github/workspace/logsheets/filtered/sediment_sampling.csv,XSDDate,mandatory
missing value,sediment,sampling,arr_date_seq,239,<empty>,\,/github/workspace/logsheets/filtered/sediment_sampling.csv,XSDDate,mandatory
missing value,sediment,sampling,arr_date_seq,240,<empty>,\,/github/workspace/logsheets/filtered/sediment_sampling.csv,XSDDate,mandatory
missing value,sediment,sampling,arr_date_seq,241,<empty>,\,/github/workspace/logsheets/filtered/sediment_sampling.csv,XSDDate,mandatory
missing value,sediment,sampling,arr_date_seq,242,<empty>,\,/github/workspace/logsheets/filtered/sediment_sampling.csv,XSDDate,mandatory
missing value,sediment,sampling,arr_date_seq,243,<empty>,\,/github/workspace/logsheets/filtered/sediment_sampling.csv,XSDDate,mandatory
missing value,sediment,sampling,arr_date_seq,244,<empty>,\,/github/workspace/logsheets/filtered/sediment_sampling.csv,XSDDate,mandatory
missing value,sediment,sampling,arr_date_seq,245,<empty>,\,/github/workspace/logsheets/filtered/sediment_sampling.csv,XSDDate,mandatory
missing value,sediment,sampling,arr_date_seq,246,<empty>,\,/github/workspace/logsheets/filtered/sediment_sampling.csv,XSDDate,mandatory
missing value,sediment,sampling,arr_date_seq,247,<empty>,\,/github/workspace/logsheets/filtered/sediment_sampling.csv,XSDDate,mandatory
missing value,sediment,sampling,arr_date_seq,248,<empty>,\,/github/workspace/logsheets/filtered/sediment_sampling.csv,XSDDate,mandatory
missing value,sediment,sampling,arr_date_seq,249,<empty>,\,/github/workspace/logsheets/filtered/sediment_sampling.csv,XSDDate,mandatory
missing value,sediment,sampling,arr_date_seq,250,<empty>,\,/github/workspace/logsheets/filtered/sediment_sampling.csv,XSDDate,mandatory
missing value,sediment,sampling,arr_date_seq,251,<empty>,\,/github/workspace/logsheets/filtered/sediment_sampling.csv,XSDDate,mandatory
missing value,sediment,sampling,arr_date_seq,252,<empty>,\,/github/workspace/logsheets/filtered/sediment_sampling.csv,XSDDate,mandatory
missing value,sediment,sampling,arr_date_seq,253,<empty>,\,/github/workspace/logsheets/filtered/sediment_sampling.csv,XSDDate,mandatory
missing value,sediment,sampling,arr_date_seq,254,<empty>,\,/github/workspace/logsheets/filtered/sediment_sampling.csv,XSDDate,mandatory
missing value,sediment,sampling,arr_date_seq,255,<empty>,\,/github/workspace/logsheets/filtered/sediment_sampling.csv,XSDDate,mandatory
missing value,sediment,sampling,arr_date_seq,256,<empty>,\,/github/workspace/logsheets/filtered/sediment_sampling.csv,XSDDate,mandatory
missing value,sediment,sampling,arr_date_seq,257,<empty>,\,/github/workspace/logsheets/filtered/sediment_sampling.csv,XSDDate,mandatory
missing value,sediment,sampling,arr_date_seq,258,<empty>,\,/github/workspace/logsheets/filtered/sediment_sampling.csv,XSDDate,mandatory
missing value,sediment,sampling,arr_date_seq,259,<empty>,\,/github/workspace/logsheets/filtered/sediment_sampling.csv,XSDDate,mandatory
missing value,sediment,sampling,arr_date_seq,260,<empty>,\,/github/workspace/logsheets/filtered/sediment_sampling.csv,XSDDate,mandatory
missing value,sediment,sampling,arr_date_seq,261,<empty>,\,/github/workspace/logsheets/filtered/sediment_sampling.csv,XSDDate,mandatory
missing value,sediment,sampling,arr_date_seq,262,<empty>,\,/github/workspace/logsheets/filtered/sediment_sampling.csv,XSDDate,mandatory
missing value,sediment,sampling,collection_date,212,<empty>,\,/github/workspace/logsheets/filtered/sediment_sampling.csv,XSDDate,mandatory
missing value,sediment,sampling,collection_date,213,<empty>,\,/github/workspace/logsheets/filtered/sediment_sampling.csv,XSDDate,mandatory
missing value,sediment,sampling,collection_date,214,<empty>,\,/github/workspace/logsheets/filtered/sediment_sampling.csv,XSDDate,mandatory
missing value,sediment,sampling,collection_date,215,<empty>,\,/github/workspace/logsheets/filtered/sediment_sampling.csv,XSDDate,mandatory
missing value,sediment,sampling,collection_date,216,<empty>,\,/github/workspace/logsheets/filtered/sediment_sampling.csv,XSDDate,mandatory
missing value,sediment,sampling,collection_date,217,<empty>,\,/github/workspace/logsheets/filtered/sediment_sampling.csv,XSDDate,mandatory
missing value,sediment,sampling,collection_date,218,<empty>,\,/github/workspace/logsheets/filtered/sediment_sampling.csv,XSDDate,mandatory
missing value,sediment,sampling,collection_date,219,<empty>,\,/github/workspace/logsheets/filtered/sediment_sampling.csv,XSDDate,mandatory
missing value,sediment,sampling,collection_date,220,<empty>,\,/github/workspace/logsheets/filtered/sediment_sampling.csv,XSDDate,mandatory
missing value,sediment,sampling,collection_date,221,<empty>,\,/github/workspace/logsheets/filtered/sediment_sampling.csv,XSDDate,mandatory
missing value,sediment,sampling,collection_date,222,<empty>,\,/github/workspace/logsheets/filtered/sediment_sampling.csv,XSDDate,mandatory
missing value,sediment,sampling,collection_date,223,<empty>,\,/github/workspace/logsheets/filtered/sediment_sampling.csv,XSDDate,mandatory
missing value,sediment,sampling,collection_date,224,<empty>,\,/github/workspace/logsheets/filtered/sediment_sampling.csv,XSDDate,mandatory
missing value,sediment,sampling,collection_date,225,<empty>,\,/github/workspace/logsheets/filtered/sediment_sampling.csv,XSDDate,mandatory
missing value,sediment,sampling,collection_date,226,<empty>,\,/github/workspace/logsheets/filtered/sediment_sampling.csv,XSDDate,mandatory
missing value,sediment,sampling,collection_date,227,<empty>,\,/github/workspace/logsheets/filtered/sediment_sampling.csv,XSDDate,mandatory
missing value,sediment,sampling,collection_date,228,<empty>,\,/github/workspace/logsheets/filtered/sediment_sampling.csv,XSDDate,mandatory
missing value,sediment,sampling,collection_date,229,<empty>,\,/github/workspace/logsheets/filtered/sediment_sampling.csv,XSDDate,mandatory
missing value,sediment,sampling,collection_date,230,<empty>,\,/github/workspace/logsheets/filtered/sediment_sampling.csv,XSDDate,mandatory
missing value,sediment,sampling,collection_date,231,<empty>,\,/github/workspace/logsheets/filtered/sediment_sampling.csv,XSDDate,mandatory
missing value,sediment,sampling,collection_date,232,<empty>,\,/github/workspace/logsheets/filtered/sediment_sampling.csv,XSDDate,mandatory
missing value,sediment,sampling,collection_date,233,<empty>,\,/github/workspace/logsheets/filtered/sediment_sampling.csv,XSDDate,mandatory
missing value,sediment,sampling,collection_date,234,<empty>,\,/github/workspace/logsheets/filtered/sediment_sampling.csv,XSDDate,mandatory
missing value,sediment,sampling,collection_date,235,<empty>,\,/github/workspace/logsheets/filtered/sediment_sampling.csv,XSDDate,mandatory
missing value,sediment,sampling,collection_date,236,<empty>,\,/github/workspace/logsheets/filtered/sediment_sampling.csv,XSDDate,mandatory
missing value,sediment,sampling,collection_date,237,<empty>,\,/github/workspace/logsheets/filtered/sediment_sampling.csv,XSDDate,mandatory
missing value,sediment,sampling,collection_date,238,<empty>,\,/github/workspace/logsheets/filtered/sediment_sampling.csv,XSDDate,mandatory
missing value,sediment,sampling,collection_date,239,<empty>,\,/github/workspace/logsheets/filtered/sediment_sampling.csv,XSDDate,mandatory
missing value,sediment,sampling,collection_date,240,<empty>,\,/github/workspace/logsheets/filtered/sediment_sampling.csv,XSDDate,mandatory
missing value,sediment,sampling,collection_date,241,<empty>,\,/github/workspace/logsheets/filtered/sediment_sampling.csv,XSDDate,mandatory
missing value,sediment,sampling,collection_date,242,<empty>,\,/github/workspace/logsheets/filtered/sediment_sampling.csv,XSDDate,mandatory
missing value,sediment,sampling,collection_date,243,<empty>,\,/github/workspace/logsheets/filtered/sediment_sampling.csv,XSDDate,mandatory
missing value,sediment,sampling,collection_date,244,<empty>,\,/github/workspace/logsheets/filtered/sediment_sampling.csv,XSDDate,mandatory
missing value,sediment,sampling,collection_date,245,<empty>,\,/github/workspace/logsheets/filtered/sediment_sampling.csv,XSDDate,mandatory
missing value,sediment,sampling,collection_date,246,<empty>,\,/github/workspace/logsheets/filtered/sediment_sampling.csv,XSDDate,mandatory
missing value,sediment,sampling,collection_date,247,<empty>,\,/github/workspace/logsheets/filtered/sediment_sampling.csv,XSDDate,mandatory
missing value,sediment,sampling,collection_date,248,<empty>,\,/github/workspace/logsheets/filtered/sediment_sampling.csv,XSDDate,mandatory
missing value,sediment,sampling,collection_date,249,<empty>,\,/github/workspace/logsheets/filtered/sediment_sampling.csv,XSDDate,mandatory
missing value,sediment,sampling,collection_date,250,<empty>,\,/github/workspace/logsheets/filtered/sediment_sampling.csv,XSDDate,mandatory
missing value,sediment,sampling,collection_date,251,<empty>,\,/github/workspace/logsheets/filtered/sediment_sampling.csv,XSDDate,mandatory
missing value,sediment,sampling,collection_date,252,<empty>,\,/github/workspace/logsheets/filtered/sediment_sampling.csv,XSDDate,mandatory
missing value,sediment,sampling,collection_date,253,<empty>,\,/github/workspace/logsheets/filtered/sediment_sampling.csv,XSDDate,mandatory
missing value,sediment,sampling,collection_date,254,<empty>,\,/github/workspace/logsheets/filtered/sediment_sampling.csv,XSDDate,mandatory
missing value,sediment,sampling,collection_date,255,<empty>,\,/github/workspace/logsheets/filtered/sediment_sampling.csv,XSDDate,mandatory
missing value,sediment,sampling,collection_date,256,<empty>,\,/github/workspace/logsheets/filtered/sediment_sampling.csv,XSDDate,mandatory
missing value,sediment,sampling,collection_date,257,<empty>,\,/github/workspace/logsheets/filtered/sediment_sampling.csv,XSDDate,mandatory
missing value,sediment,sampling,collection_date,258,<empty>,\,/github/workspace/logsheets/filtered/sediment_sampling.csv,XSDDate,mandatory
missing value,sediment,sampling,collection_date,259,<empty>,\,/github/workspace/logsheets/filtered/sediment_sampling.csv,XSDDate,mandatory
missing value,sediment,sampling,collection_date,260,<empty>,\,/github/workspace/logsheets/filtered/sediment_sampling.csv,XSDDate,mandatory
missing value,sediment,sampling,collection_date,261,<empty>,\,/github/workspace/logsheets/filtered/sediment_sampling.csv,XSDDate,mandatory
missing value,sediment,sampling,collection_date,262,<empty>,\,/github/workspace/logsheets/filtered/sediment_sampling.csv,XSDDate,mandatory
missing value,sediment,sampling,depth,212,<empty>,\,/github/workspace/logsheets/filtered/sediment_sampling.csv,XSDString,mandatory
missing value,sediment,sampling,depth,213,<empty>,\,/github/workspace/logsheets/filtered/sediment_sampling.csv,XSDString,mandatory
missing value,sediment,sampling,depth,214,<empty>,\,/github/workspace/logsheets/filtered/sediment_sampling.csv,XSDString,mandatory
missing value,sediment,sampling,depth,215,<empty>,\,/github/workspace/logsheets/filtered/sediment_sampling.csv,XSDString,mandatory
missing value,sediment,sampling,depth,216,<empty>,\,/github/workspace/logsheets/filtered/sediment_sampling.csv,XSDString,mandatory
missing value,sediment,sampling,depth,217,<empty>,\,/github/workspace/logsheets/filtered/sediment_sampling.csv,XSDString,mandatory
missing value,sediment,sampling,depth,218,<empty>,\,/github/workspace/logsheets/filtered/sediment_sampling.csv,XSDString,mandatory
missing value,sediment,sampling,depth,219,<empty>,\,/github/workspace/logsheets/filtered/sediment_sampling.csv,XSDString,mandatory
missing value,sediment,sampling,depth,220,<empty>,\,/github/workspace/logsheets/filtered/sediment_sampling.csv,XSDString,mandatory
missing value,sediment,sampling,depth,221,<empty>,\,/github/workspace/logsheets/filtered/sediment_sampling.csv,XSDString,mandatory
missing value,sediment,sampling,depth,222,<empty>,\,/github/workspace/logsheets/filtered/sediment_sampling.csv,XSDString,mandatory
missing value,sediment,sampling,depth,223,<empty>,\,/github/workspace/logsheets/filtered/sediment_sampling.csv,XSDString,mandatory
missing value,sediment,sampling,depth,224,<empty>,\,/github/workspace/logsheets/filtered/sediment_sampling.csv,XSDString,mandatory
missing value,sediment,sampling,depth,225,<empty>,\,/github/workspace/logsheets/filtered/sediment_sampling.csv,XSDString,mandatory
missing value,sediment,sampling,depth,226,<empty>,\,/github/workspace/logsheets/filtered/sediment_sampling.csv,XSDString,mandatory
missing value,sediment,sampling,depth,227,<empty>,\,/github/workspace/logsheets/filtered/sediment_sampling.csv,XSDString,mandatory
missing value,sediment,sampling,depth,228,<empty>,\,/github/workspace/logsheets/filtered/sediment_sampling.csv,XSDString,mandatory
missing value,sediment,sampling,depth,229,<empty>,\,/github/workspace/logsheets/filtered/sediment_sampling.csv,XSDString,mandatory
missing value,sediment,sampling,depth,230,<empty>,\,/github/workspace/logsheets/filtered/sediment_sampling.csv,XSDString,mandatory
missing value,sediment,sampling,depth,231,<empty>,\,/github/workspace/logsheets/filtered/sediment_sampling.csv,XSDString,mandatory
missing value,sediment,sampling,depth,232,<empty>,\,/github/workspace/logsheets/filtered/sediment_sampling.csv,XSDString,mandatory
missing value,sediment,sampling,depth,233,<empty>,\,/github/workspace/logsheets/filtered/sediment_sampling.csv,XSDString,mandatory
missing value,sediment,sampling,depth,234,<empty>,\,/github/workspace/logsheets/filtered/sediment_sampling.csv,XSDString,mandatory
missing value,sediment,sampling,depth,235,<empty>,\,/github/workspace/logsheets/filtered/sediment_sampling.csv,XSDString,mandatory
missing value,sediment,sampling,depth,236,<empty>,\,/github/workspace/logsheets/filtered/sediment_sampling.csv,XSDString,mandatory
missing value,sediment,sampling,depth,237,<empty>,\,/github/workspace/logsheets/filtered/sediment_sampling.csv,XSDString,mandatory
missing value,sediment,sampling,depth,238,<empty>,\,/github/workspace/logsheets/filtered/sediment_sampling.csv,XSDString,mandatory
missing value,sediment,sampling,depth,239,<empty>,\,/github/workspace/logsheets/filtered/sediment_sampling.csv,XSDString,mandatory
missing value,sediment,sampling,depth,240,<empty>,\,/github/workspace/logsheets/filtered/sediment_sampling.csv,XSDString,mandatory
missing value,sediment,sampling,depth,241,<empty>,\,/github/workspace/logsheets/filtered/sediment_sampling.csv,XSDString,mandatory
missing value,sediment,sampling,depth,242,<empty>,\,/github/workspace/logsheets/filtered/sediment_sampling.csv,XSDString,mandatory
missing value,sediment,sampling,depth,243,<empty>,\,/github/workspace/logsheets/filtered/sediment_sampling.csv,XSDString,mandatory
missing value,sediment,sampling,depth,244,<empty>,\,/github/workspace/logsheets/filtered/sediment_sampling.csv,XSDString,mandatory
missing value,sediment,sampling,depth,245,<empty>,\,/github/workspace/logsheets/filtered/sediment_sampling.csv,XSDString,mandatory
missing value,sediment,sampling,depth,246,<empty>,\,/github/workspace/logsheets/filtered/sediment_sampling.csv,XSDString,mandatory
missing value,sediment,sampling,depth,247,<empty>,\,/github/workspace/logsheets/filtered/sediment_sampling.csv,XSDString,mandatory
missing value,sediment,sampling,depth,248,<empty>,\,/github/workspace/logsheets/filtered/sediment_sampling.csv,XSDString,mandatory
missing value,sediment,sampling,depth,249,<empty>,\,/github/workspace/logsheets/filtered/sediment_sampling.csv,XSDString,mandatory
missing value,sediment,sampling,depth,250,<empty>,\,/github/workspace/logsheets/filtered/sediment_sampling.csv,XSDString,mandatory
missing value,sediment,sampling,depth,251,<empty>,\,/github/workspace/logsheets/filtered/sediment_sampling.csv,XSDString,mandatory
missing value,sediment,sampling,depth,252,<empty>,\,/github/workspace/logsheets/filtered/sediment_sampling.csv,XSDString,mandatory
missing value,sediment,sampling,depth,253,<empty>,\,/github/workspace/logsheets/filtered/sediment_sampling.csv,XSDString,mandatory
missing value,sediment,sampling,depth,254,<empty>,\,/github/workspace/logsheets/filtered/sediment_sampling.csv,XSDString,mandatory
missing value,sediment,sampling,depth,255,<empty>,\,/github/workspace/logsheets/filtered/sediment_sampling.csv,XSDString,mandatory
missing value,sediment,sampling,depth,256,<empty>,\,/github/workspace/logsheets/filtered/sediment_sampling.csv,XSDString,mandatory
missing value,sediment,sampling,depth,257,<empty>,\,/github/workspace/logsheets/filtered/sediment_sampling.csv,XSDString,mandatory
missing value,sediment,sampling,depth,258,<empty>,\,/github/workspace/logsheets/filtered/sediment_sampling.csv,XSDString,mandatory
missing value,sediment,sampling,depth,259,<empty>,\,/github/workspace/logsheets/filtered/sediment_sampling.csv,XSDString,mandatory
missing value,sediment,sampling,depth,260,<empty>,\,/github/workspace/logsheets/filtered/sediment_sampling.csv,XSDString,mandatory
missing value,sediment,sampling,depth,261,<empty>,\,/github/workspace/logsheets/filtered/sediment_sampling.csv,XSDString,mandatory
missing value,sediment,sampling,depth,262,<empty>,\,/github/workspace/logsheets/filtered/sediment_sampling.csv,XSDString,mandatory
missing value,sediment,sampling,env_material,212,<empty>,\,/github/workspace/logsheets/filtered/sediment_sampling.csv,EMOBONList,mandatory
missing value,sediment,sampling,env_material,213,<empty>,\,/github/workspace/logsheets/filtered/sediment_sampling.csv,EMOBONList,mandatory
missing value,sediment,sampling,env_material,214,<empty>,\,/github/workspace/logsheets/filtered/sediment_sampling.csv,EMOBONList,mandatory
missing value,sediment,sampling,env_material,215,<empty>,\,/github/workspace/logsheets/filtered/sediment_sampling.csv,EMOBONList,mandatory
missing value,sediment,sampling,env_material,216,<empty>,\,/github/workspace/logsheets/filtered/sediment_sampling.csv,EMOBONList,mandatory
missing value,sediment,sampling,env_material,217,<empty>,\,/github/workspace/logsheets/filtered/sediment_sampling.csv,EMOBONList,mandatory
missing value,sediment,sampling,env_material,218,<empty>,\,/github/workspace/logsheets/filtered/sediment_sampling.csv,EMOBONList,mandatory
missing value,sediment,sampling,env_material,219,<empty>,\,/github/workspace/logsheets/filtered/sediment_sampling.csv,EMOBONList,mandatory
missing value,sediment,sampling,env_material,220,<empty>,\,/github/workspace/logsheets/filtered/sediment_sampling.csv,EMOBONList,mandatory
missing value,sediment,sampling,env_material,221,<empty>,\,/github/workspace/logsheets/filtered/sediment_sampling.csv,EMOBONList,mandatory
missing value,sediment,sampling,env_material,222,<empty>,\,/github/workspace/logsheets/filtered/sediment_sampling.csv,EMOBONList,mandatory
missing value,sediment,sampling,env_material,223,<empty>,\,/github/workspace/logsheets/filtered/sediment_sampling.csv,EMOBONList,mandatory
missing value,sediment,sampling,env_material,224,<empty>,\,/github/workspace/logsheets/filtered/sediment_sampling.csv,EMOBONList,mandatory
missing value,sediment,sampling,env_material,225,<empty>,\,/github/workspace/logsheets/filtered/sediment_sampling.csv,EMOBONList,mandatory
missing value,sediment,sampling,env_material,226,<empty>,\,/github/workspace/logsheets/filtered/sediment_sampling.csv,EMOBONList,mandatory
missing value,sediment,sampling,env_material,227,<empty>,\,/github/workspace/logsheets/filtered/sediment_sampling.csv,EMOBONList,mandatory
missing value,sediment,sampling,env_material,228,<empty>,\,/github/workspace/logsheets/filtered/sediment_sampling.csv,EMOBONList,mandatory
missing value,sediment,sampling,env_material,229,<empty>,\,/github/workspace/logsheets/filtered/sediment_sampling.csv,EMOBONList,mandatory
missing value,sediment,sampling,env_material,230,<empty>,\,/github/workspace/logsheets/filtered/sediment_sampling.csv,EMOBONList,mandatory
missing value,sediment,sampling,env_material,231,<empty>,\,/github/workspace/logsheets/filtered/sediment_sampling.csv,EMOBONList,mandatory
missing value,sediment,sampling,env_material,232,<empty>,\,/github/workspace/logsheets/filtered/sediment_sampling.csv,EMOBONList,mandatory
missing value,sediment,sampling,env_material,233,<empty>,\,/github/workspace/logsheets/filtered/sediment_sampling.csv,EMOBONList,mandatory
missing value,sediment,sampling,env_material,234,<empty>,\,/github/workspace/logsheets/filtered/sediment_sampling.csv,EMOBONList,mandatory
missing value,sediment,sampling,env_material,235,<empty>,\,/github/workspace/logsheets/filtered/sediment_sampling.csv,EMOBONList,mandatory
missing value,sediment,sampling,env_material,236,<empty>,\,/github/workspace/logsheets/filtered/sediment_sampling.csv,EMOBONList,mandatory
missing value,sediment,sampling,env_material,237,<empty>,\,/github/workspace/logsheets/filtered/sediment_sampling.csv,EMOBONList,mandatory
missing value,sediment,sampling,env_material,238,<empty>,\,/github/workspace/logsheets/filtered/sediment_sampling.csv,EMOBONList,mandatory
missing value,sediment,sampling,env_material,239,<empty>,\,/github/workspace/logsheets/filtered/sediment_sampling.csv,EMOBONList,mandatory
missing value,sediment,sampling,env_material,240,<empty>,\,/github/workspace/logsheets/filtered/sediment_sampling.csv,EMOBONList,mandatory
missing value,sediment,sampling,env_material,241,<empty>,\,/github/workspace/logsheets/filtered/sediment_sampling.csv,EMOBONList,mandatory
missing value,sediment,sampling,env_material,242,<empty>,\,/github/workspace/logsheets/filtered/sediment_sampling.csv,EMOBONList,mandatory
missing value,sediment,sampling,env_material,243,<empty>,\,/github/workspace/logsheets/filtered/sediment_sampling.csv,EMOBONList,mandatory
missing value,sediment,sampling,env_material,244,<empty>,\,/github/workspace/logsheets/filtered/sediment_sampling.csv,EMOBONList,mandatory
missing value,sediment,sampling,env_material,245,<empty>,\,/github/workspace/logsheets/filtered/sediment_sampling.csv,EMOBONList,mandatory
missing value,sediment,sampling,env_material,246,<empty>,\,/github/workspace/logsheets/filtered/sediment_sampling.csv,EMOBONList,mandatory
missing value,sediment,sampling,env_material,247,<empty>,\,/github/workspace/logsheets/filtered/sediment_sampling.csv,EMOBONList,mandatory
missing value,sediment,sampling,env_material,248,<empty>,\,/github/workspace/logsheets/filtered/sediment_sampling.csv,EMOBONList,mandatory
missing value,sediment,sampling,env_material,249,<empty>,\,/github/workspace/logsheets/filtered/sediment_sampling.csv,EMOBONList,mandatory
missing value,sediment,sampling,env_material,250,<empty>,\,/github/workspace/logsheets/filtered/sediment_sampling.csv,EMOBONList,mandatory
missing value,sediment,sampling,env_material,251,<empty>,\,/github/workspace/logsheets/filtered/sediment_sampling.csv,EMOBONList,mandatory
missing value,sediment,sampling,env_material,252,<empty>,\,/github/workspace/logsheets/filtered/sediment_sampling.csv,EMOBONList,mandatory
missing value,sediment,sampling,env_material,253,<empty>,\,/github/workspace/logsheets/filtered/sediment_sampling.csv,EMOBONList,mandatory
missing value,sediment,sampling,env_material,254,<empty>,\,/github/workspace/logsheets/filtered/sediment_sampling.csv,EMOBONList,mandatory
missing value,sediment,sampling,env_material,255,<empty>,\,/github/workspace/logsheets/filtered/sediment_sampling.csv,EMOBONList,mandatory
missing value,sediment,sampling,env_material,256,<empty>,\,/github/workspace/logsheets/filtered/sediment_sampling.csv,EMOBONList,mandatory
missing value,sediment,sampling,env_material,257,<empty>,\,/github/workspace/logsheets/filtered/sediment_sampling.csv,EMOBONList,mandatory
missing value,sediment,sampling,env_material,258,<empty>,\,/github/workspace/logsheets/filtered/sediment_sampling.csv,EMOBONList,mandatory
missing value,sediment,sampling,env_material,259,<empty>,\,/github/workspace/logsheets/filtered/sediment_sampling.csv,EMOBONList,mandatory
missing value,sediment,sampling,env_material,260,<empty>,\,/github/workspace/logsheets/filtered/sediment_sampling.csv,EMOBONList,mandatory
missing value,sediment,sampling,env_material,261,<empty>,\,/github/workspace/logsheets/filtered/sediment_sampling.csv,EMOBONList,mandatory
missing value,sediment,sampling,env_material,262,<empty>,\,/github/workspace/logsheets/filtered/sediment_sampling.csv,EMOBONList,mandatory
missing value,sediment,sampling,investigation_type,212,<empty>,\,/github/workspace/logsheets/filtered/sediment_sampling.csv,XSDString,mandatory
missing value,sediment,sampling,investigation_type,213,<empty>,\,/github/workspace/logsheets/filtered/sediment_sampling.csv,XSDString,mandatory
missing value,sediment,sampling,investigation_type,214,<empty>,\,/github/workspace/logsheets/filtered/sediment_sampling.csv,XSDString,mandatory
missing value,sediment,sampling,investigation_type,215,<empty>,\,/github/workspace/logsheets/filtered/sediment_sampling.csv,XSDString,mandatory
missing value,sediment,sampling,investigation_type,216,<empty>,\,/github/workspace/logsheets/filtered/sediment_sampling.csv,XSDString,mandatory
missing value,sediment,sampling,investigation_type,217,<empty>,\,/github/workspace/logsheets/filtered/sediment_sampling.csv,XSDString,mandatory
missing value,sediment,sampling,investigation_type,218,<empty>,\,/github/workspace/logsheets/filtered/sediment_sampling.csv,XSDString,mandatory
missing value,sediment,sampling,investigation_type,219,<empty>,\,/github/workspace/logsheets/filtered/sediment_sampling.csv,XSDString,mandatory
missing value,sediment,sampling,investigation_type,220,<empty>,\,/github/workspace/logsheets/filtered/sediment_sampling.csv,XSDString,mandatory
missing value,sediment,sampling,investigation_type,221,<empty>,\,/github/workspace/logsheets/filtered/sediment_sampling.csv,XSDString,mandatory
missing value,sediment,sampling,investigation_type,222,<empty>,\,/github/workspace/logsheets/filtered/sediment_sampling.csv,XSDString,mandatory
missing value,sediment,sampling,investigation_type,223,<empty>,\,/github/workspace/logsheets/filtered/sediment_sampling.csv,XSDString,mandatory
missing value,sediment,sampling,investigation_type,224,<empty>,\,/github/workspace/logsheets/filtered/sediment_sampling.csv,XSDString,mandatory
missing value,sediment,sampling,investigation_type,225,<empty>,\,/github/workspace/logsheets/filtered/sediment_sampling.csv,XSDString,mandatory
missing value,sediment,sampling,investigation_type,226,<empty>,\,/github/workspace/logsheets/filtered/sediment_sampling.csv,XSDString,mandatory
missing value,sediment,sampling,investigation_type,227,<empty>,\,/github/workspace/logsheets/filtered/sediment_sampling.csv,XSDString,mandatory
missing value,sediment,sampling,investigation_type,228,<empty>,\,/github/workspace/logsheets/filtered/sediment_sampling.csv,XSDString,mandatory
missing value,sediment,sampling,investigation_type,229,<empty>,\,/github/workspace/logsheets/filtered/sediment_sampling.csv,XSDString,mandatory
missing value,sediment,sampling,investigation_type,230,<empty>,\,/github/workspace/logsheets/filtered/sediment_sampling.csv,XSDString,mandatory
missing value,sediment,sampling,investigation_type,231,<empty>,\,/github/workspace/logsheets/filtered/sediment_sampling.csv,XSDString,mandatory
missing value,sediment,sampling,investigation_type,232,<empty>,\,/github/workspace/logsheets/filtered/sediment_sampling.csv,XSDString,mandatory
missing value,sediment,sampling,investigation_type,233,<empty>,\,/github/workspace/logsheets/filtered/sediment_sampling.csv,XSDString,mandatory
missing value,sediment,sampling,investigation_type,234,<empty>,\,/github/workspace/logsheets/filtered/sediment_sampling.csv,XSDString,mandatory
missing value,sediment,sampling,investigation_type,235,<empty>,\,/github/workspace/logsheets/filtered/sediment_sampling.csv,XSDString,mandatory
missing value,sediment,sampling,investigation_type,236,<empty>,\,/github/workspace/logsheets/filtered/sediment_sampling.csv,XSDString,mandatory
missing value,sediment,sampling,investigation_type,237,<empty>,\,/github/workspace/logsheets/filtered/sediment_sampling.csv,XSDString,mandatory
missing value,sediment,sampling,investigation_type,238,<empty>,\,/github/workspace/logsheets/filtered/sediment_sampling.csv,XSDString,mandatory
missing value,sediment,sampling,investigation_type,239,<empty>,\,/github/workspace/logsheets/filtered/sediment_sampling.csv,XSDString,mandatory
missing value,sediment,sampling,investigation_type,240,<empty>,\,/github/workspace/logsheets/filtered/sediment_sampling.csv,XSDString,mandatory
missing value,sediment,sampling,investigation_type,241,<empty>,\,/github/workspace/logsheets/filtered/sediment_sampling.csv,XSDString,mandatory
missing value,sediment,sampling,investigation_type,242,<empty>,\,/github/workspace/logsheets/filtered/sediment_sampling.csv,XSDString,mandatory
missing value,sediment,sampling,investigation_type,243,<empty>,\,/github/workspace/logsheets/filtered/sediment_sampling.csv,XSDString,mandatory
missing value,sediment,sampling,investigation_type,244,<empty>,\,/github/workspace/logsheets/filtered/sediment_sampling.csv,XSDString,mandatory
missing value,sediment,sampling,investigation_type,245,<empty>,\,/github/workspace/logsheets/filtered/sediment_sampling.csv,XSDString,mandatory
missing value,sediment,sampling,investigation_type,246,<empty>,\,/github/workspace/logsheets/filtered/sediment_sampling.csv,XSDString,mandatory
missing value,sediment,sampling,investigation_type,247,<empty>,\,/github/workspace/logsheets/filtered/sediment_sampling.csv,XSDString,mandatory
missing value,sediment,sampling,investigation_type,248,<empty>,\,/github/workspace/logsheets/filtered/sediment_sampling.csv,XSDString,mandatory
missing value,sediment,sampling,investigation_type,249,<empty>,\,/github/workspace/logsheets/filtered/sediment_sampling.csv,XSDString,mandatory
missing value,sediment,sampling,investigation_type,250,<empty>,\,/github/workspace/logsheets/filtered/sediment_sampling.csv,XSDString,mandatory
missing value,sediment,sampling,investigation_type,251,<empty>,\,/github/workspace/logsheets/filtered/sediment_sampling.csv,XSDString,mandatory
missing value,sediment,sampling,investigation_type,252,<empty>,\,/github/workspace/logsheets/filtered/sediment_sampling.csv,XSDString,mandatory
missing value,sediment,sampling,investigation_type,253,<empty>,\,/github/workspace/logsheets/filtered/sediment_sampling.csv,XSDString,mandatory
missing value,sediment,sampling,investigation_type,254,<empty>,\,/github/workspace/logsheets/filtered/sediment_sampling.csv,XSDString,mandatory
missing value,sediment,sampling,investigation_type,255,<empty>,\,/github/workspace/logsheets/filtered/sediment_sampling.csv,XSDString,mandatory
missing value,sediment,sampling,investigation_type,256,<empty>,\,/github/workspace/logsheets/filtered/sediment_sampling.csv,XSDString,mandatory
missing value,sediment,sampling,investigation_type,257,<empty>,\,/github/workspace/logsheets/filtered/sediment_sampling.csv,XSDString,mandatory
missing value,sediment,sampling,investigation_type,258,<empty>,\,/github/workspace/logsheets/filtered/sediment_sampling.csv,XSDString,mandatory
missing value,sediment,sampling,investigation_type,259,<empty>,\,/github/workspace/logsheets/filtered/sediment_sampling.csv,XSDString,mandatory
missing value,sediment,sampling,investigation_type,260,<empty>,\,/github/workspace/logsheets/filtered/sediment_sampling.csv,XSDString,mandatory
missing value,sediment,sampling,investigation_type,261,<empty>,\,/github/workspace/logsheets/filtered/sediment_sampling.csv,XSDString,mandatory
missing value,sediment,sampling,investigation_type,262,<empty>,\,/github/workspace/logsheets/filtered/sediment_sampling.csv,XSDString,mandatory
missing value,sediment,sampling,long_store,212,<empty>,\,/github/workspace/logsheets/filtered/sediment_sampling.csv,XSDBoolean,mandatory
missing value,sediment,sampling,long_store,213,<empty>,\,/github/workspace/logsheets/filtered/sediment_sampling.csv,XSDBoolean,mandatory
missing value,sediment,sampling,long_store,214,<empty>,\,/github/workspace/logsheets/filtered/sediment_sampling.csv,XSDBoolean,mandatory
missing value,sediment,sampling,long_store,215,<empty>,\,/github/workspace/logsheets/filtered/sediment_sampling.csv,XSDBoolean,mandatory
missing value,sediment,sampling,long_store,216,<empty>,\,/github/workspace/logsheets/filtered/sediment_sampling.csv,XSDBoolean,mandatory
missing value,sediment,sampling,long_store,217,<empty>,\,/github/workspace/logsheets/filtered/sediment_sampling.csv,XSDBoolean,mandatory
missing value,sediment,sampling,long_store,218,<empty>,\,/github/workspace/logsheets/filtered/sediment_sampling.csv,XSDBoolean,mandatory
missing value,sediment,sampling,long_store,219,<empty>,\,/github/workspace/logsheets/filtered/sediment_sampling.csv,XSDBoolean,mandatory
missing value,sediment,sampling,long_store,220,<empty>,\,/github/workspace/logsheets/filtered/sediment_sampling.csv,XSDBoolean,mandatory
missing value,sediment,sampling,long_store,221,<empty>,\,/github/workspace/logsheets/filtered/sediment_sampling.csv,XSDBoolean,mandatory
missing value,sediment,sampling,long_store,222,<empty>,\,/github/workspace/logsheets/filtered/sediment_sampling.csv,XSDBoolean,mandatory
missing value,sediment,sampling,long_store,223,<empty>,\,/github/workspace/logsheets/filtered/sediment_sampling.csv,XSDBoolean,mandatory
missing value,sediment,sampling,long_store,224,<empty>,\,/github/workspace/logsheets/filtered/sediment_sampling.csv,XSDBoolean,mandatory
missing value,sediment,sampling,long_store,225,<empty>,\,/github/workspace/logsheets/filtered/sediment_sampling.csv,XSDBoolean,mandatory
missing value,sediment,sampling,long_store,226,<empty>,\,/github/workspace/logsheets/filtered/sediment_sampling.csv,XSDBoolean,mandatory
missing value,sediment,sampling,long_store,227,<empty>,\,/github/workspace/logsheets/filtered/sediment_sampling.csv,XSDBoolean,mandatory
missing value,sediment,sampling,long_store,228,<empty>,\,/github/workspace/logsheets/filtered/sediment_sampling.csv,XSDBoolean,mandatory
missing value,sediment,sampling,long_store,229,<empty>,\,/github/workspace/logsheets/filtered/sediment_sampling.csv,XSDBoolean,mandatory
missing value,sediment,sampling,long_store,230,<empty>,\,/github/workspace/logsheets/filtered/sediment_sampling.csv,XSDBoolean,mandatory
missing value,sediment,sampling,long_store,231,<empty>,\,/github/workspace/logsheets/filtered/sediment_sampling.csv,XSDBoolean,mandatory
missing value,sediment,sampling,long_store,232,<empty>,\,/github/workspace/logsheets/filtered/sediment_sampling.csv,XSDBoolean,mandatory
missing value,sediment,sampling,long_store,233,<empty>,\,/github/workspace/logsheets/filtered/sediment_sampling.csv,XSDBoolean,mandatory
missing value,sediment,sampling,long_store,234,<empty>,\,/github/workspace/logsheets/filtered/sediment_sampling.csv,XSDBoolean,mandatory
missing value,sediment,sampling,long_store,235,<empty>,\,/github/workspace/logsheets/filtered/sediment_sampling.csv,XSDBoolean,mandatory
missing value,sediment,sampling,long_store,236,<empty>,\,/github/workspace/logsheets/filtered/sediment_sampling.csv,XSDBoolean,mandatory
missing value,sediment,sampling,long_store,237,<empty>,\,/github/workspace/logsheets/filtered/sediment_sampling.csv,XSDBoolean,mandatory
missing value,sediment,sampling,long_store,238,<empty>,\,/github/workspace/logsheets/filtered/sediment_sampling.csv,XSDBoolean,mandatory
missing value,sediment,sampling,long_store,239,<empty>,\,/github/workspace/logsheets/filtered/sediment_sampling.csv,XSDBoolean,mandatory
missing value,sediment,sampling,long_store,240,<empty>,\,/github/workspace/logsheets/filtered/sediment_sampling.csv,XSDBoolean,mandatory
missing value,sediment,sampling,long_store,241,<empty>,\,/github/workspace/logsheets/filtered/sediment_sampling.csv,XSDBoolean,mandatory
missing value,sediment,sampling,long_store,242,<empty>,\,/github/workspace/logsheets/filtered/sediment_sampling.csv,XSDBoolean,mandatory
missing value,sediment,sampling,long_store,243,<empty>,\,/github/workspace/logsheets/filtered/sediment_sampling.csv,XSDBoolean,mandatory
missing value,sediment,sampling,long_store,244,<empty>,\,/github/workspace/logsheets/filtered/sediment_sampling.csv,XSDBoolean,mandatory
missing value,sediment,sampling,long_store,245,<empty>,\,/github/workspace/logsheets/filtered/sediment_sampling.csv,XSDBoolean,mandatory
missing value,sediment,sampling,long_store,246,<empty>,\,/github/workspace/logsheets/filtered/sediment_sampling.csv,XSDBoolean,mandatory
missing value,sediment,sampling,long_store,247,<empty>,\,/github/workspace/logsheets/filtered/sediment_sampling.csv,XSDBoolean,mandatory
missing value,sediment,sampling,long_store,248,<empty>,\,/github/workspace/logsheets/filtered/sediment_sampling.csv,XSDBoolean,mandatory
missing value,sediment,sampling,long_store,249,<empty>,\,/github/workspace/logsheets/filtered/sediment_sampling.csv,XSDBoolean,mandatory
missing value,sediment,sampling,long_store,250,<empty>,\,/github/workspace/logsheets/filtered/sediment_sampling.csv,XSDBoolean,mandatory
missing value,sediment,sampling,long_store,251,<empty>,\,/github/workspace/logsheets/filtered/sediment_sampling.csv,XSDBoolean,mandatory
missing value,sediment,sampling,long_store,252,<empty>,\,/github/workspace/logsheets/filtered/sediment_sampling.csv,XSDBoolean,mandatory
missing value,sediment,sampling,long_store,253,<empty>,\,/github/workspace/logsheets/filtered/sediment_sampling.csv,XSDBoolean,mandatory
missing value,sediment,sampling,long_store,254,<empty>,\,/github/workspace/logsheets/filtered/sediment_sampling.csv,XSDBoolean,mandatory
missing value,sediment,sampling,long_store,255,<empty>,\,/github/workspace/logsheets/filtered/sediment_sampling.csv,XSDBoolean,mandatory
missing value,sediment,sampling,long_store,256,<empty>,\,/github/workspace/logsheets/filtered/sediment_sampling.csv,XSDBoolean,mandatory
missing value,sediment,sampling,long_store,257,<empty>,\,/github/workspace/logsheets/filtered/sediment_sampling.csv,XSDBoolean,mandatory
missing value,sediment,sampling,long_store,258,<empty>,\,/github/workspace/logsheets/filtered/sediment_sampling.csv,XSDBoolean,mandatory
missing value,sediment,sampling,long_store,259,<empty>,\,/github/workspace/logsheets/filtered/sediment_sampling.csv,XSDBoolean,mandatory
missing value,sediment,sampling,long_store,260,<empty>,\,/github/workspace/logsheets/filtered/sediment_sampling.csv,XSDBoolean,mandatory
missing value,sediment,sampling,long_store,261,<empty>,\,/github/workspace/logsheets/filtered/sediment_sampling.csv,XSDBoolean,mandatory
missing value,sediment,sampling,long_store,262,<empty>,\,/github/workspace/logsheets/filtered/sediment_sampling.csv,XSDBoolean,mandatory
missing value,sediment,sampling,samp_collect_device,212,<empty>,\,/github/workspace/logsheets/filtered/sediment_sampling.csv,XSDString,mandatory
missing value,sediment,sampling,samp_collect_device,213,<empty>,\,/github/workspace/logsheets/filtered/sediment_sampling.csv,XSDString,mandatory
missing value,sediment,sampling,samp_collect_device,214,<empty>,\,/github/workspace/logsheets/filtered/sediment_sampling.csv,XSDString,mandatory
missing value,sediment,sampling,samp_collect_device,215,<empty>,\,/github/workspace/logsheets/filtered/sediment_sampling.csv,XSDString,mandatory
missing value,sediment,sampling,samp_collect_device,216,<empty>,\,/github/workspace/logsheets/filtered/sediment_sampling.csv,XSDString,mandatory
missing value,sediment,sampling,samp_collect_device,217,<empty>,\,/github/workspace/logsheets/filtered/sediment_sampling.csv,XSDString,mandatory
missing value,sediment,sampling,samp_collect_device,218,<empty>,\,/github/workspace/logsheets/filtered/sediment_sampling.csv,XSDString,mandatory
missing value,sediment,sampling,samp_collect_device,219,<empty>,\,/github/workspace/logsheets/filtered/sediment_sampling.csv,XSDString,mandatory
missing value,sediment,sampling,samp_collect_device,220,<empty>,\,/github/workspace/logsheets/filtered/sediment_sampling.csv,XSDString,mandatory
missing value,sediment,sampling,samp_collect_device,221,<empty>,\,/github/workspace/logsheets/filtered/sediment_sampling.csv,XSDString,mandatory
missing value,sediment,sampling,samp_collect_device,222,<empty>,\,/github/workspace/logsheets/filtered/sediment_sampling.csv,XSDString,mandatory
missing value,sediment,sampling,samp_collect_device,223,<empty>,\,/github/workspace/logsheets/filtered/sediment_sampling.csv,XSDString,mandatory
missing value,sediment,sampling,samp_collect_device,224,<empty>,\,/github/workspace/logsheets/filtered/sediment_sampling.csv,XSDString,mandatory
missing value,sediment,sampling,samp_collect_device,225,<empty>,\,/github/workspace/logsheets/filtered/sediment_sampling.csv,XSDString,mandatory
missing value,sediment,sampling,samp_collect_device,226,<empty>,\,/github/workspace/logsheets/filtered/sediment_sampling.csv,XSDString,mandatory
missing value,sediment,sampling,samp_collect_device,227,<empty>,\,/github/workspace/logsheets/filtered/sediment_sampling.csv,XSDString,mandatory
missing value,sediment,sampling,samp_collect_device,228,<empty>,\,/github/workspace/logsheets/filtered/sediment_sampling.csv,XSDString,mandatory
missing value,sediment,sampling,samp_collect_device,229,<empty>,\,/github/workspace/logsheets/filtered/sediment_sampling.csv,XSDString,mandatory
missing value,sediment,sampling,samp_collect_device,230,<empty>,\,/github/workspace/logsheets/filtered/sediment_sampling.csv,XSDString,mandatory
missing value,sediment,sampling,samp_collect_device,231,<empty>,\,/github/workspace/logsheets/filtered/sediment_sampling.csv,XSDString,mandatory
missing value,sediment,sampling,samp_collect_device,232,<empty>,\,/github/workspace/logsheets/filtered/sediment_sampling.csv,XSDString,mandatory
missing value,sediment,sampling,samp_collect_device,233,<empty>,\,/github/workspace/logsheets/filtered/sediment_sampling.csv,XSDString,mandatory
missing value,sediment,sampling,samp_collect_device,234,<empty>,\,/github/workspace/logsheets/filtered/sediment_sampling.csv,XSDString,mandatory
missing value,sediment,sampling,samp_collect_device,235,<empty>,\,/github/workspace/logsheets/filtered/sediment_sampling.csv,XSDString,mandatory
missing value,sediment,sampling,samp_collect_device,236,<empty>,\,/github/workspace/logsheets/filtered/sediment_sampling.csv,XSDString,mandatory
missing value,sediment,sampling,samp_collect_device,237,<empty>,\,/github/workspace/logsheets/filtered/sediment_sampling.csv,XSDString,mandatory
missing value,sediment,sampling,samp_collect_device,238,<empty>,\,/github/workspace/logsheets/filtered/sediment_sampling.csv,XSDString,mandatory
missing value,sediment,sampling,samp_collect_device,239,<empty>,\,/github/workspace/logsheets/filtered/sediment_sampling.csv,XSDString,mandatory
missing value,sediment,sampling,samp_collect_device,240,<empty>,\,/github/workspace/logsheets/filtered/sediment_sampling.csv,XSDString,mandatory
missing value,sediment,sampling,samp_collect_device,241,<empty>,\,/github/workspace/logsheets/filtered/sediment_sampling.csv,XSDString,mandatory
missing value,sediment,sampling,samp_collect_device,242,<empty>,\,/github/workspace/logsheets/filtered/sediment_sampling.csv,XSDString,mandatory
missing value,sediment,sampling,samp_collect_device,243,<empty>,\,/github/workspace/logsheets/filtered/sediment_sampling.csv,XSDString,mandatory
missing value,sediment,sampling,samp_collect_device,244,<empty>,\,/github/workspace/logsheets/filtered/sediment_sampling.csv,XSDString,mandatory
missing value,sediment,sampling,samp_collect_device,245,<empty>,\,/github/workspace/logsheets/filtered/sediment_sampling.csv,XSDString,mandatory
missing value,sediment,sampling,samp_collect_device,246,<empty>,\,/github/workspace/logsheets/filtered/sediment_sampling.csv,XSDString,mandatory
missing value,sediment,sampling,samp_collect_device,247,<empty>,\,/github/workspace/logsheets/filtered/sediment_sampling.csv,XSDString,mandatory
missing value,sediment,sampling,samp_collect_device,248,<empty>,\,/github/workspace/logsheets/filtered/sediment_sampling.csv,XSDString,mandatory
missing value,sediment,sampling,samp_collect_device,249,<empty>,\,/github/workspace/logsheets/filtered/sediment_sampling.csv,XSDString,mandatory
missing value,sediment,sampling,samp_collect_device,250,<empty>,\,/github/workspace/logsheets/filtered/sediment_sampling.csv,XSDString,mandatory
missing value,sediment,sampling,samp_collect_device,251,<empty>,\,/github/workspace/logsheets/filtered/sediment_sampling.csv,XSDString,mandatory
missing value,sediment,sampling,samp_collect_device,252,<empty>,\,/github/workspace/logsheets/filtered/sediment_sampling.csv,XSDString,mandatory
missing value,sediment,sampling,samp_collect_device,253,<empty>,\,/github/workspace/logsheets/filtered/sediment_sampling.csv,XSDString,mandatory
missing value,sediment,sampling,samp_collect_device,254,<empty>,\,/github/workspace/logsheets/filtered/sediment_sampling.csv,XSDString,mandatory
missing value,sediment,sampling,samp_collect_device,255,<empty>,\,/github/workspace/logsheets/filtered/sediment_sampling.csv,XSDString,mandatory
missing value,sediment,sampling,samp_collect_device,256,<empty>,\,/github/workspace/logsheets/filtered/sediment_sampling.csv,XSDString,mandatory
missing value,sediment,sampling,samp_collect_device,257,<empty>,\,/github/workspace/logsheets/filtered/sediment_sampling.csv,XSDString,mandatory
missing value,sediment,sampling,samp_collect_device,258,<empty>,\,/github/workspace/logsheets/filtered/sediment_sampling.csv,XSDString,mandatory
missing value,sediment,sampling,samp_collect_device,259,<empty>,\,/github/workspace/logsheets/filtered/sediment_sampling.csv,XSDString,mandatory
missing value,sediment,sampling,samp_collect_device,260,<empty>,\,/github/workspace/logsheets/filtered/sediment_sampling.csv,XSDString,mandatory
missing value,sediment,sampling,samp_collect_device,261,<empty>,\,/github/workspace/logsheets/filtered/sediment_sampling.csv,XSDString,mandatory
missing value,sediment,sampling,samp_collect_device,262,<empty>,\,/github/workspace/logsheets/filtered/sediment_sampling.csv,XSDString,mandatory
missing value,sediment,sampling,samp_description,212,<empty>,\,/github/workspace/logsheets/filtered/sediment_sampling.csv,XSDString,mandatory
missing value,sediment,sampling,samp_description,213,<empty>,\,/github/workspace/logsheets/filtered/sediment_sampling.csv,XSDString,mandatory
missing value,sediment,sampling,samp_description,214,<empty>,\,/github/workspace/logsheets/filtered/sediment_sampling.csv,XSDString,mandatory
missing value,sediment,sampling,samp_description,215,<empty>,\,/github/workspace/logsheets/filtered/sediment_sampling.csv,XSDString,mandatory
missing value,sediment,sampling,samp_description,216,<empty>,\,/github/workspace/logsheets/filtered/sediment_sampling.csv,XSDString,mandatory
missing value,sediment,sampling,samp_description,217,<empty>,\,/github/workspace/logsheets/filtered/sediment_sampling.csv,XSDString,mandatory
missing value,sediment,sampling,samp_description,218,<empty>,\,/github/workspace/logsheets/filtered/sediment_sampling.csv,XSDString,mandatory
missing value,sediment,sampling,samp_description,219,<empty>,\,/github/workspace/logsheets/filtered/sediment_sampling.csv,XSDString,mandatory
missing value,sediment,sampling,samp_description,220,<empty>,\,/github/workspace/logsheets/filtered/sediment_sampling.csv,XSDString,mandatory
missing value,sediment,sampling,samp_description,221,<empty>,\,/github/workspace/logsheets/filtered/sediment_sampling.csv,XSDString,mandatory
missing value,sediment,sampling,samp_description,222,<empty>,\,/github/workspace/logsheets/filtered/sediment_sampling.csv,XSDString,mandatory
missing value,sediment,sampling,samp_description,223,<empty>,\,/github/workspace/logsheets/filtered/sediment_sampling.csv,XSDString,mandatory
missing value,sediment,sampling,samp_description,224,<empty>,\,/github/workspace/logsheets/filtered/sediment_sampling.csv,XSDString,mandatory
missing value,sediment,sampling,samp_description,225,<empty>,\,/github/workspace/logsheets/filtered/sediment_sampling.csv,XSDString,mandatory
missing value,sediment,sampling,samp_description,226,<empty>,\,/github/workspace/logsheets/filtered/sediment_sampling.csv,XSDString,mandatory
missing value,sediment,sampling,samp_description,227,<empty>,\,/github/workspace/logsheets/filtered/sediment_sampling.csv,XSDString,mandatory
missing value,sediment,sampling,samp_description,228,<empty>,\,/github/workspace/logsheets/filtered/sediment_sampling.csv,XSDString,mandatory
missing value,sediment,sampling,samp_description,229,<empty>,\,/github/workspace/logsheets/filtered/sediment_sampling.csv,XSDString,mandatory
missing value,sediment,sampling,samp_description,230,<empty>,\,/github/workspace/logsheets/filtered/sediment_sampling.csv,XSDString,mandatory
missing value,sediment,sampling,samp_description,231,<empty>,\,/github/workspace/logsheets/filtered/sediment_sampling.csv,XSDString,mandatory
missing value,sediment,sampling,samp_description,232,<empty>,\,/github/workspace/logsheets/filtered/sediment_sampling.csv,XSDString,mandatory
missing value,sediment,sampling,samp_description,233,<empty>,\,/github/workspace/logsheets/filtered/sediment_sampling.csv,XSDString,mandatory
missing value,sediment,sampling,samp_description,234,<empty>,\,/github/workspace/logsheets/filtered/sediment_sampling.csv,XSDString,mandatory
missing value,sediment,sampling,samp_description,235,<empty>,\,/github/workspace/logsheets/filtered/sediment_sampling.csv,XSDString,mandatory
missing value,sediment,sampling,samp_description,236,<empty>,\,/github/workspace/logsheets/filtered/sediment_sampling.csv,XSDString,mandatory
missing value,sediment,sampling,samp_description,237,<empty>,\,/github/workspace/logsheets/filtered/sediment_sampling.csv,XSDString,mandatory
missing value,sediment,sampling,samp_description,238,<empty>,\,/github/workspace/logsheets/filtered/sediment_sampling.csv,XSDString,mandatory
missing value,sediment,sampling,samp_description,239,<empty>,\,/github/workspace/logsheets/filtered/sediment_sampling.csv,XSDString,mandatory
missing value,sediment,sampling,samp_description,240,<empty>,\,/github/workspace/logsheets/filtered/sediment_sampling.csv,XSDString,mandatory
missing value,sediment,sampling,samp_description,241,<empty>,\,/github/workspace/logsheets/filtered/sediment_sampling.csv,XSDString,mandatory
missing value,sediment,sampling,samp_description,242,<empty>,\,/github/workspace/logsheets/filtered/sediment_sampling.csv,XSDString,mandatory
missing value,sediment,sampling,samp_description,243,<empty>,\,/github/workspace/logsheets/filtered/sediment_sampling.csv,XSDString,mandatory
missing value,sediment,sampling,samp_description,244,<empty>,\,/github/workspace/logsheets/filtered/sediment_sampling.csv,XSDString,mandatory
missing value,sediment,sampling,samp_description,245,<empty>,\,/github/workspace/logsheets/filtered/sediment_sampling.csv,XSDString,mandatory
missing value,sediment,sampling,samp_description,246,<empty>,\,/github/workspace/logsheets/filtered/sediment_sampling.csv,XSDString,mandatory
missing value,sediment,sampling,samp_description,247,<empty>,\,/github/workspace/logsheets/filtered/sediment_sampling.csv,XSDString,mandatory
missing value,sediment,sampling,samp_description,248,<empty>,\,/github/workspace/logsheets/filtered/sediment_sampling.csv,XSDString,mandatory
missing value,sediment,sampling,samp_description,249,<empty>,\,/github/workspace/logsheets/filtered/sediment_sampling.csv,XSDString,mandatory
missing value,sediment,sampling,samp_description,250,<empty>,\,/github/workspace/logsheets/filtered/sediment_sampling.csv,XSDString,mandatory
missing value,sediment,sampling,samp_description,251,<empty>,\,/github/workspace/logsheets/filtered/sediment_sampling.csv,XSDString,mandatory
missing value,sediment,sampling,samp_description,252,<empty>,\,/github/workspace/logsheets/filtered/sediment_sampling.csv,XSDString,mandatory
missing value,sediment,sampling,samp_description,253,<empty>,\,/github/workspace/logsheets/filtered/sediment_sampling.csv,XSDString,mandatory
missing value,sediment,sampling,samp_description,254,<empty>,\,/github/workspace/logsheets/filtered/sediment_sampling.csv,XSDString,mandatory
missing value,sediment,sampling,samp_description,255,<empty>,\,/github/workspace/logsheets/filtered/sediment_sampling.csv,XSDString,mandatory
missing value,sediment,sampling,samp_description,256,<empty>,\,/github/workspace/logsheets/filtered/sediment_sampling.csv,XSDString,mandatory
missing value,sediment,sampling,samp_description,257,<empty>,\,/github/workspace/logsheets/filtered/sediment_sampling.csv,XSDString,mandatory
missing value,sediment,sampling,samp_description,258,<empty>,\,/github/workspace/logsheets/filtered/sediment_sampling.csv,XSDString,mandatory
missing value,sediment,sampling,samp_description,259,<empty>,\,/github/workspace/logsheets/filtered/sediment_sampling.csv,XSDString,mandatory
missing value,sediment,sampling,samp_description,260,<empty>,\,/github/workspace/logsheets/filtered/sediment_sampling.csv,XSDString,mandatory
missing value,sediment,sampling,samp_description,261,<empty>,\,/github/workspace/logsheets/filtered/sediment_sampling.csv,XSDString,mandatory
missing value,sediment,sampling,samp_description,262,<empty>,\,/github/workspace/logsheets/filtered/sediment_sampling.csv,XSDString,mandatory
missing value,sediment,sampling,samp_size_mass,1,<empty>,\,/github/workspace/logsheets/filtered/sediment_sampling.csv,XSDDouble,mandatory
missing value,sediment,sampling,samp_size_mass,2,<empty>,\,/github/workspace/logsheets/filtered/sediment_sampling.csv,XSDDouble,mandatory
missing value,sediment,sampling,samp_size_mass,3,<empty>,\,/github/workspace/logsheets/filtered/sediment_sampling.csv,XSDDouble,mandatory
missing value,sediment,sampling,samp_size_mass,4,<empty>,\,/github/workspace/logsheets/filtered/sediment_sampling.csv,XSDDouble,mandatory
missing value,sediment,sampling,samp_size_mass,5,<empty>,\,/github/workspace/logsheets/filtered/sediment_sampling.csv,XSDDouble,mandatory
missing value,sediment,sampling,samp_size_mass,6,<empty>,\,/github/workspace/logsheets/filtered/sediment_sampling.csv,XSDDouble,mandatory
missing value,sediment,sampling,samp_size_mass,7,<empty>,\,/github/workspace/logsheets/filtered/sediment_sampling.csv,XSDDouble,mandatory
missing value,sediment,sampling,samp_size_mass,8,<empty>,\,/github/workspace/logsheets/filtered/sediment_sampling.csv,XSDDouble,mandatory
missing value,sediment,sampling,samp_size_mass,9,<empty>,\,/github/workspace/logsheets/filtered/sediment_sampling.csv,XSDDouble,mandatory
missing value,sediment,sampling,samp_size_mass,10,<empty>,\,/github/workspace/logsheets/filtered/sediment_sampling.csv,XSDDouble,mandatory
missing value,sediment,sampling,samp_size_mass,11,<empty>,\,/github/workspace/logsheets/filtered/sediment_sampling.csv,XSDDouble,mandatory
missing value,sediment,sampling,samp_size_mass,12,<empty>,\,/github/workspace/logsheets/filtered/sediment_sampling.csv,XSDDouble,mandatory
missing value,sediment,sampling,samp_size_mass,13,<empty>,\,/github/workspace/logsheets/filtered/sediment_sampling.csv,XSDDouble,mandatory
missing value,sediment,sampling,samp_size_mass,14,<empty>,\,/github/workspace/logsheets/filtered/sediment_sampling.csv,XSDDouble,mandatory
missing value,sediment,sampling,samp_size_mass,15,<empty>,\,/github/workspace/logsheets/filtered/sediment_sampling.csv,XSDDouble,mandatory
missing value,sediment,sampling,samp_size_mass,16,<empty>,\,/github/workspace/logsheets/filtered/sediment_sampling.csv,XSDDouble,mandatory
missing value,sediment,sampling,samp_size_mass,17,<empty>,\,/github/workspace/logsheets/filtered/sediment_sampling.csv,XSDDouble,mandatory
missing value,sediment,sampling,samp_size_mass,18,<empty>,\,/github/workspace/logsheets/filtered/sediment_sampling.csv,XSDDouble,mandatory
missing value,sediment,sampling,samp_size_mass,212,<empty>,\,/github/workspace/logsheets/filtered/sediment_sampling.csv,XSDDouble,mandatory
missing value,sediment,sampling,samp_size_mass,213,<empty>,\,/github/workspace/logsheets/filtered/sediment_sampling.csv,XSDDouble,mandatory
missing value,sediment,sampling,samp_size_mass,214,<empty>,\,/github/workspace/logsheets/filtered/sediment_sampling.csv,XSDDouble,mandatory
missing value,sediment,sampling,samp_size_mass,215,<empty>,\,/github/workspace/logsheets/filtered/sediment_sampling.csv,XSDDouble,mandatory
missing value,sediment,sampling,samp_size_mass,216,<empty>,\,/github/workspace/logsheets/filtered/sediment_sampling.csv,XSDDouble,mandatory
missing value,sediment,sampling,samp_size_mass,217,<empty>,\,/github/workspace/logsheets/filtered/sediment_sampling.csv,XSDDouble,mandatory
missing value,sediment,sampling,samp_size_mass,218,<empty>,\,/github/workspace/logsheets/filtered/sediment_sampling.csv,XSDDouble,mandatory
missing value,sediment,sampling,samp_size_mass,219,<empty>,\,/github/workspace/logsheets/filtered/sediment_sampling.csv,XSDDouble,mandatory
missing value,sediment,sampling,samp_size_mass,220,<empty>,\,/github/workspace/logsheets/filtered/sediment_sampling.csv,XSDDouble,mandatory
missing value,sediment,sampling,samp_size_mass,221,<empty>,\,/github/workspace/logsheets/filtered/sediment_sampling.csv,XSDDouble,mandatory
missing value,sediment,sampling,samp_size_mass,222,<empty>,\,/github/workspace/logsheets/filtered/sediment_sampling.csv,XSDDouble,mandatory
missing value,sediment,sampling,samp_size_mass,223,<empty>,\,/github/workspace/logsheets/filtered/sediment_sampling.csv,XSDDouble,mandatory
missing value,sediment,sampling,samp_size_mass,224,<empty>,\,/github/workspace/logsheets/filtered/sediment_sampling.csv,XSDDouble,mandatory
missing value,sediment,sampling,samp_size_mass,225,<empty>,\,/github/workspace/logsheets/filtered/sediment_sampling.csv,XSDDouble,mandatory
missing value,sediment,sampling,samp_size_mass,226,<empty>,\,/github/workspace/logsheets/filtered/sediment_sampling.csv,XSDDouble,mandatory
missing value,sediment,sampling,samp_size_mass,227,<empty>,\,/github/workspace/logsheets/filtered/sediment_sampling.csv,XSDDouble,mandatory
missing value,sediment,sampling,samp_size_mass,228,<empty>,\,/github/workspace/logsheets/filtered/sediment_sampling.csv,XSDDouble,mandatory
missing value,sediment,sampling,samp_size_mass,229,<empty>,\,/github/workspace/logsheets/filtered/sediment_sampling.csv,XSDDouble,mandatory
missing value,sediment,sampling,samp_size_mass,230,<empty>,\,/github/workspace/logsheets/filtered/sediment_sampling.csv,XSDDouble,mandatory
missing value,sediment,sampling,samp_size_mass,231,<empty>,\,/github/workspace/logsheets/filtered/sediment_sampling.csv,XSDDouble,mandatory
missing value,sediment,sampling,samp_size_mass,232,<empty>,\,/github/workspace/logsheets/filtered/sediment_sampling.csv,XSDDouble,mandatory
missing value,sediment,sampling,samp_size_mass,233,<empty>,\,/github/workspace/logsheets/filtered/sediment_sampling.csv,XSDDouble,mandatory
missing value,sediment,sampling,samp_size_mass,234,<empty>,\,/github/workspace/logsheets/filtered/sediment_sampling.csv,XSDDouble,mandatory
missing value,sediment,sampling,samp_size_mass,235,<empty>,\,/github/workspace/logsheets/filtered/sediment_sampling.csv,XSDDouble,mandatory
missing value,sediment,sampling,samp_size_mass,236,<empty>,\,/github/workspace/logsheets/filtered/sediment_sampling.csv,XSDDouble,mandatory
missing value,sediment,sampling,samp_size_mass,237,<empty>,\,/github/workspace/logsheets/filtered/sediment_sampling.csv,XSDDouble,mandatory
missing value,sediment,sampling,samp_size_mass,238,<empty>,\,/github/workspace/logsheets/filtered/sediment_sampling.csv,XSDDouble,mandatory
missing value,sediment,sampling,samp_size_mass,239,<empty>,\,/github/workspace/logsheets/filtered/sediment_sampling.csv,XSDDouble,mandatory
missing value,sediment,sampling,samp_size_mass,240,<empty>,\,/github/workspace/logsheets/filtered/sediment_sampling.csv,XSDDouble,mandatory
missing value,sediment,sampling,samp_size_mass,241,<empty>,\,/github/workspace/logsheets/filtered/sediment_sampling.csv,XSDDouble,mandatory
missing value,sediment,sampling,samp_size_mass,242,<empty>,\,/github/workspace/logsheets/filtered/sediment_sampling.csv,XSDDouble,mandatory
missing value,sediment,sampling,samp_size_mass,243,<empty>,\,/github/workspace/logsheets/filtered/sediment_sampling.csv,XSDDouble,mandatory
missing value,sediment,sampling,samp_size_mass,244,<empty>,\,/github/workspace/logsheets/filtered/sediment_sampling.csv,XSDDouble,mandatory
missing value,sediment,sampling,samp_size_mass,245,<empty>,\,/github/workspace/logsheets/filtered/sediment_sampling.csv,XSDDouble,mandatory
missing value,sediment,sampling,samp_size_mass,246,<empty>,\,/github/workspace/logsheets/filtered/sediment_sampling.csv,XSDDouble,mandatory
missing value,sediment,sampling,samp_size_mass,247,<empty>,\,/github/workspace/logsheets/filtered/sediment_sampling.csv,XSDDouble,mandatory
missing value,sediment,sampling,samp_size_mass,248,<empty>,\,/github/workspace/logsheets/filtered/sediment_sampling.csv,XSDDouble,mandatory
missing value,sediment,sampling,samp_size_mass,249,<empty>,\,/github/workspace/logsheets/filtered/sediment_sampling.csv,XSDDouble,mandatory
missing value,sediment,sampling,samp_size_mass,250,<empty>,\,/github/workspace/logsheets/filtered/sediment_sampling.csv,XSDDouble,mandatory
missing value,sediment,sampling,samp_size_mass,251,<empty>,\,/github/workspace/logsheets/filtered/sediment_sampling.csv,XSDDouble,mandatory
missing value,sediment,sampling,samp_size_mass,252,<empty>,\,/github/workspace/logsheets/filtered/sediment_sampling.csv,XSDDouble,mandatory
missing value,sediment,sampling,samp_size_mass,253,<empty>,\,/github/workspace/logsheets/filtered/sediment_sampling.csv,XSDDouble,mandatory
missing value,sediment,sampling,samp_size_mass,254,<empty>,\,/github/workspace/logsheets/filtered/sediment_sampling.csv,XSDDouble,mandatory
missing value,sediment,sampling,samp_size_mass,255,<empty>,\,/github/workspace/logsheets/filtered/sediment_sampling.csv,XSDDouble,mandatory
missing value,sediment,sampling,samp_size_mass,256,<empty>,\,/github/workspace/logsheets/filtered/sediment_sampling.csv,XSDDouble,mandatory
missing value,sediment,sampling,samp_size_mass,257,<empty>,\,/github/workspace/logsheets/filtered/sediment_sampling.csv,XSDDouble,mandatory
missing value,sediment,sampling,samp_size_mass,258,<empty>,\,/github/workspace/logsheets/filtered/sediment_sampling.csv,XSDDouble,mandatory
missing value,sediment,sampling,samp_size_mass,259,<empty>,\,/github/workspace/logsheets/filtered/sediment_sampling.csv,XSDDouble,mandatory
missing value,sediment,sampling,samp_size_mass,260,<empty>,\,/github/workspace/logsheets/filtered/sediment_sampling.csv,XSDDouble,mandatory
missing value,sediment,sampling,samp_size_mass,261,<empty>,\,/github/workspace/logsheets/filtered/sediment_sampling.csv,XSDDouble,mandatory
missing value,sediment,sampling,samp_size_mass,262,<empty>,\,/github/workspace/logsheets/filtered/sediment_sampling.csv,XSDDouble,mandatory
missing value,sediment,sampling,samp_mat_process,212,<empty>,\,/github/workspace/logsheets/filtered/sediment_sampling.csv,XSDString,mandatory
missing value,sediment,sampling,samp_mat_process,213,<empty>,\,/github/workspace/logsheets/filtered/sediment_sampling.csv,XSDString,mandatory
missing value,sediment,sampling,samp_mat_process,214,<empty>,\,/github/workspace/logsheets/filtered/sediment_sampling.csv,XSDString,mandatory
missing value,sediment,sampling,samp_mat_process,215,<empty>,\,/github/workspace/logsheets/filtered/sediment_sampling.csv,XSDString,mandatory
missing value,sediment,sampling,samp_mat_process,216,<empty>,\,/github/workspace/logsheets/filtered/sediment_sampling.csv,XSDString,mandatory
missing value,sediment,sampling,samp_mat_process,217,<empty>,\,/github/workspace/logsheets/filtered/sediment_sampling.csv,XSDString,mandatory
missing value,sediment,sampling,samp_mat_process,218,<empty>,\,/github/workspace/logsheets/filtered/sediment_sampling.csv,XSDString,mandatory
missing value,sediment,sampling,samp_mat_process,219,<empty>,\,/github/workspace/logsheets/filtered/sediment_sampling.csv,XSDString,mandatory
missing value,sediment,sampling,samp_mat_process,220,<empty>,\,/github/workspace/logsheets/filtered/sediment_sampling.csv,XSDString,mandatory
missing value,sediment,sampling,samp_mat_process,221,<empty>,\,/github/workspace/logsheets/filtered/sediment_sampling.csv,XSDString,mandatory
missing value,sediment,sampling,samp_mat_process,222,<empty>,\,/github/workspace/logsheets/filtered/sediment_sampling.csv,XSDString,mandatory
missing value,sediment,sampling,samp_mat_process,223,<empty>,\,/github/workspace/logsheets/filtered/sediment_sampling.csv,XSDString,mandatory
missing value,sediment,sampling,samp_mat_process,224,<empty>,\,/github/workspace/logsheets/filtered/sediment_sampling.csv,XSDString,mandatory
missing value,sediment,sampling,samp_mat_process,225,<empty>,\,/github/workspace/logsheets/filtered/sediment_sampling.csv,XSDString,mandatory
missing value,sediment,sampling,samp_mat_process,226,<empty>,\,/github/workspace/logsheets/filtered/sediment_sampling.csv,XSDString,mandatory
missing value,sediment,sampling,samp_mat_process,227,<empty>,\,/github/workspace/logsheets/filtered/sediment_sampling.csv,XSDString,mandatory
missing value,sediment,sampling,samp_mat_process,228,<empty>,\,/github/workspace/logsheets/filtered/sediment_sampling.csv,XSDString,mandatory
missing value,sediment,sampling,samp_mat_process,229,<empty>,\,/github/workspace/logsheets/filtered/sediment_sampling.csv,XSDString,mandatory
missing value,sediment,sampling,samp_mat_process,230,<empty>,\,/github/workspace/logsheets/filtered/sediment_sampling.csv,XSDString,mandatory
missing value,sediment,sampling,samp_mat_process,231,<empty>,\,/github/workspace/logsheets/filtered/sediment_sampling.csv,XSDString,mandatory
missing value,sediment,sampling,samp_mat_process,232,<empty>,\,/github/workspace/logsheets/filtered/sediment_sampling.csv,XSDString,mandatory
missing value,sediment,sampling,samp_mat_process,233,<empty>,\,/github/workspace/logsheets/filtered/sediment_sampling.csv,XSDString,mandatory
missing value,sediment,sampling,samp_mat_process,234,<empty>,\,/github/workspace/logsheets/filtered/sediment_sampling.csv,XSDString,mandatory
missing value,sediment,sampling,samp_mat_process,235,<empty>,\,/github/workspace/logsheets/filtered/sediment_sampling.csv,XSDString,mandatory
missing value,sediment,sampling,samp_mat_process,236,<empty>,\,/github/workspace/logsheets/filtered/sediment_sampling.csv,XSDString,mandatory
missing value,sediment,sampling,samp_mat_process,237,<empty>,\,/github/workspace/logsheets/filtered/sediment_sampling.csv,XSDString,mandatory
missing value,sediment,sampling,samp_mat_process,238,<empty>,\,/github/workspace/logsheets/filtered/sediment_sampling.csv,XSDString,mandatory
missing value,sediment,sampling,samp_mat_process,239,<empty>,\,/github/workspace/logsheets/filtered/sediment_sampling.csv,XSDString,mandatory
missing value,sediment,sampling,samp_mat_process,240,<empty>,\,/github/workspace/logsheets/filtered/sediment_sampling.csv,XSDString,mandatory
missing value,sediment,sampling,samp_mat_process,241,<empty>,\,/github/workspace/logsheets/filtered/sediment_sampling.csv,XSDString,mandatory
missing value,sediment,sampling,samp_mat_process,242,<empty>,\,/github/workspace/logsheets/filtered/sediment_sampling.csv,XSDString,mandatory
missing value,sediment,sampling,samp_mat_process,243,<empty>,\,/github/workspace/logsheets/filtered/sediment_sampling.csv,XSDString,mandatory
missing value,sediment,sampling,samp_mat_process,244,<empty>,\,/github/workspace/logsheets/filtered/sediment_sampling.csv,XSDString,mandatory
missing value,sediment,sampling,samp_mat_process,245,<empty>,\,/github/workspace/logsheets/filtered/sediment_sampling.csv,XSDString,mandatory
missing value,sediment,sampling,samp_mat_process,246,<empty>,\,/github/workspace/logsheets/filtered/sediment_sampling.csv,XSDString,mandatory
missing value,sediment,sampling,samp_mat_process,247,<empty>,\,/github/workspace/logsheets/filtered/sediment_sampling.csv,XSDString,mandatory
missing value,sediment,sampling,samp_mat_process,248,<empty>,\,/github/workspace/logsheets/filtered/sediment_sampling.csv,XSDString,mandatory
missing value,sediment,sampling,samp_mat_process,249,<empty>,\,/github/workspace/logsheets/filtered/sediment_sampling.csv,XSDString,mandatory
missing value,sediment,sampling,samp_mat_process,250,<empty>,\,/github/workspace/logsheets/filtered/sediment_sampling.csv,XSDString,mandatory
missing value,sediment,sampling,samp_mat_process,251,<empty>,\,/github/workspace/logsheets/filtered/sediment_sampling.csv,XSDString,mandatory
missing value,sediment,sampling,samp_mat_process,252,<empty>,\,/github/workspace/logsheets/filtered/sediment_sampling.csv,XSDString,mandatory
missing value,sediment,sampling,samp_mat_process,253,<empty>,\,/github/workspace/logsheets/filtered/sediment_sampling.csv,XSDString,mandatory
missing value,sediment,sampling,samp_mat_process,254,<empty>,\,/github/workspace/logsheets/filtered/sediment_sampling.csv,XSDString,mandatory
missing value,sediment,sampling,samp_mat_process,255,<empty>,\,/github/workspace/logsheets/filtered/sediment_sampling.csv,XSDString,mandatory
missing value,sediment,sampling,samp_mat_process,256,<empty>,\,/github/workspace/logsheets/filtered/sediment_sampling.csv,XSDString,mandatory
missing value,sediment,sampling,samp_mat_process,257,<empty>,\,/github/workspace/logsheets/filtered/sediment_sampling.csv,XSDString,mandatory
missing value,sediment,sampling,samp_mat_process,258,<empty>,\,/github/workspace/logsheets/filtered/sediment_sampling.csv,XSDString,mandatory
missing value,sediment,sampling,samp_mat_process,259,<empty>,\,/github/workspace/logsheets/filtered/sediment_sampling.csv,XSDString,mandatory
missing value,sediment,sampling,samp_mat_process,260,<empty>,\,/github/workspace/logsheets/filtered/sediment_sampling.csv,XSDString,mandatory
missing value,sediment,sampling,samp_mat_process,261,<empty>,\,/github/workspace/logsheets/filtered/sediment_sampling.csv,XSDString,mandatory
missing value,sediment,sampling,samp_mat_process,262,<empty>,\,/github/workspace/logsheets/filtered/sediment_sampling.csv,XSDString,mandatory
missing value,sediment,sampling,samp_mat_process_dev,1,<empty>,\,/github/workspace/logsheets/filtered/sediment_sampling.csv,XSDString,mandatory
missing value,sediment,sampling,samp_mat_process_dev,2,<empty>,\,/github/workspace/logsheets/filtered/sediment_sampling.csv,XSDString,mandatory
missing value,sediment,sampling,samp_mat_process_dev,3,<empty>,\,/github/workspace/logsheets/filtered/sediment_sampling.csv,XSDString,mandatory
missing value,sediment,sampling,samp_mat_process_dev,4,<empty>,\,/github/workspace/logsheets/filtered/sediment_sampling.csv,XSDString,mandatory
missing value,sediment,sampling,samp_mat_process_dev,5,<empty>,\,/github/workspace/logsheets/filtered/sediment_sampling.csv,XSDString,mandatory
missing value,sediment,sampling,samp_mat_process_dev,6,<empty>,\,/github/workspace/logsheets/filtered/sediment_sampling.csv,XSDString,mandatory
missing value,sediment,sampling,samp_mat_process_dev,7,<empty>,\,/github/workspace/logsheets/filtered/sediment_sampling.csv,XSDString,mandatory
missing value,sediment,sampling,samp_mat_process_dev,8,<empty>,\,/github/workspace/logsheets/filtered/sediment_sampling.csv,XSDString,mandatory
missing value,sediment,sampling,samp_mat_process_dev,9,<empty>,\,/github/workspace/logsheets/filtered/sediment_sampling.csv,XSDString,mandatory
missing value,sediment,sampling,samp_mat_process_dev,10,<empty>,\,/github/workspace/logsheets/filtered/sediment_sampling.csv,XSDString,mandatory
missing value,sediment,sampling,samp_mat_process_dev,11,<empty>,\,/github/workspace/logsheets/filtered/sediment_sampling.csv,XSDString,mandatory
missing value,sediment,sampling,samp_mat_process_dev,12,<empty>,\,/github/workspace/logsheets/filtered/sediment_sampling.csv,XSDString,mandatory
missing value,sediment,sampling,samp_mat_process_dev,13,<empty>,\,/github/workspace/logsheets/filtered/sediment_sampling.csv,XSDString,mandatory
missing value,sediment,sampling,samp_mat_process_dev,14,<empty>,\,/github/workspace/logsheets/filtered/sediment_sampling.csv,XSDString,mandatory
missing value,sediment,sampling,samp_mat_process_dev,15,<empty>,\,/github/workspace/logsheets/filtered/sediment_sampling.csv,XSDString,mandatory
missing value,sediment,sampling,samp_mat_process_dev,16,<empty>,\,/github/workspace/logsheets/filtered/sediment_sampling.csv,XSDString,mandatory
missing value,sediment,sampling,samp_mat_process_dev,17,<empty>,\,/github/workspace/logsheets/filtered/sediment_sampling.csv,XSDString,mandatory
missing value,sediment,sampling,samp_mat_process_dev,18,<empty>,\,/github/workspace/logsheets/filtered/sediment_sampling.csv,XSDString,mandatory
missing value,sediment,sampling,samp_mat_process_dev,212,<empty>,\,/github/workspace/logsheets/filtered/sediment_sampling.csv,XSDString,mandatory
missing value,sediment,sampling,samp_mat_process_dev,213,<empty>,\,/github/workspace/logsheets/filtered/sediment_sampling.csv,XSDString,mandatory
missing value,sediment,sampling,samp_mat_process_dev,214,<empty>,\,/github/workspace/logsheets/filtered/sediment_sampling.csv,XSDString,mandatory
missing value,sediment,sampling,samp_mat_process_dev,215,<empty>,\,/github/workspace/logsheets/filtered/sediment_sampling.csv,XSDString,mandatory
missing value,sediment,sampling,samp_mat_process_dev,216,<empty>,\,/github/workspace/logsheets/filtered/sediment_sampling.csv,XSDString,mandatory
missing value,sediment,sampling,samp_mat_process_dev,217,<empty>,\,/github/workspace/logsheets/filtered/sediment_sampling.csv,XSDString,mandatory
missing value,sediment,sampling,samp_mat_process_dev,218,<empty>,\,/github/workspace/logsheets/filtered/sediment_sampling.csv,XSDString,mandatory
missing value,sediment,sampling,samp_mat_process_dev,219,<empty>,\,/github/workspace/logsheets/filtered/sediment_sampling.csv,XSDString,mandatory
missing value,sediment,sampling,samp_mat_process_dev,220,<empty>,\,/github/workspace/logsheets/filtered/sediment_sampling.csv,XSDString,mandatory
missing value,sediment,sampling,samp_mat_process_dev,221,<empty>,\,/github/workspace/logsheets/filtered/sediment_sampling.csv,XSDString,mandatory
missing value,sediment,sampling,samp_mat_process_dev,222,<empty>,\,/github/workspace/logsheets/filtered/sediment_sampling.csv,XSDString,mandatory
missing value,sediment,sampling,samp_mat_process_dev,223,<empty>,\,/github/workspace/logsheets/filtered/sediment_sampling.csv,XSDString,mandatory
missing value,sediment,sampling,samp_mat_process_dev,224,<empty>,\,/github/workspace/logsheets/filtered/sediment_sampling.csv,XSDString,mandatory
missing value,sediment,sampling,samp_mat_process_dev,225,<empty>,\,/github/workspace/logsheets/filtered/sediment_sampling.csv,XSDString,mandatory
missing value,sediment,sampling,samp_mat_process_dev,226,<empty>,\,/github/workspace/logsheets/filtered/sediment_sampling.csv,XSDString,mandatory
missing value,sediment,sampling,samp_mat_process_dev,227,<empty>,\,/github/workspace/logsheets/filtered/sediment_sampling.csv,XSDString,mandatory
missing value,sediment,sampling,samp_mat_process_dev,228,<empty>,\,/github/workspace/logsheets/filtered/sediment_sampling.csv,XSDString,mandatory
missing value,sediment,sampling,samp_mat_process_dev,229,<empty>,\,/github/workspace/logsheets/filtered/sediment_sampling.csv,XSDString,mandatory
missing value,sediment,sampling,samp_mat_process_dev,230,<empty>,\,/github/workspace/logsheets/filtered/sediment_sampling.csv,XSDString,mandatory
missing value,sediment,sampling,samp_mat_process_dev,231,<empty>,\,/github/workspace/logsheets/filtered/sediment_sampling.csv,XSDString,mandatory
missing value,sediment,sampling,samp_mat_process_dev,232,<empty>,\,/github/workspace/logsheets/filtered/sediment_sampling.csv,XSDString,mandatory
missing value,sediment,sampling,samp_mat_process_dev,233,<empty>,\,/github/workspace/logsheets/filtered/sediment_sampling.csv,XSDString,mandatory
missing value,sediment,sampling,samp_mat_process_dev,234,<empty>,\,/github/workspace/logsheets/filtered/sediment_sampling.csv,XSDString,mandatory
missing value,sediment,sampling,samp_mat_process_dev,235,<empty>,\,/github/workspace/logsheets/filtered/sediment_sampling.csv,XSDString,mandatory
missing value,sediment,sampling,samp_mat_process_dev,236,<empty>,\,/github/workspace/logsheets/filtered/sediment_sampling.csv,XSDString,mandatory
missing value,sediment,sampling,samp_mat_process_dev,237,<empty>,\,/github/workspace/logsheets/filtered/sediment_sampling.csv,XSDString,mandatory
missing value,sediment,sampling,samp_mat_process_dev,238,<empty>,\,/github/workspace/logsheets/filtered/sediment_sampling.csv,XSDString,mandatory
missing value,sediment,sampling,samp_mat_process_dev,239,<empty>,\,/github/workspace/logsheets/filtered/sediment_sampling.csv,XSDString,mandatory
missing value,sediment,sampling,samp_mat_process_dev,240,<empty>,\,/github/workspace/logsheets/filtered/sediment_sampling.csv,XSDString,mandatory
missing value,sediment,sampling,samp_mat_process_dev,241,<empty>,\,/github/workspace/logsheets/filtered/sediment_sampling.csv,XSDString,mandatory
missing value,sediment,sampling,samp_mat_process_dev,242,<empty>,\,/github/workspace/logsheets/filtered/sediment_sampling.csv,XSDString,mandatory
missing value,sediment,sampling,samp_mat_process_dev,243,<empty>,\,/github/workspace/logsheets/filtered/sediment_sampling.csv,XSDString,mandatory
missing value,sediment,sampling,samp_mat_process_dev,244,<empty>,\,/github/workspace/logsheets/filtered/sediment_sampling.csv,XSDString,mandatory
missing value,sediment,sampling,samp_mat_process_dev,245,<empty>,\,/github/workspace/logsheets/filtered/sediment_sampling.csv,XSDString,mandatory
missing value,sediment,sampling,samp_mat_process_dev,246,<empty>,\,/github/workspace/logsheets/filtered/sediment_sampling.csv,XSDString,mandatory
missing value,sediment,sampling,samp_mat_process_dev,247,<empty>,\,/github/workspace/logsheets/filtered/sediment_sampling.csv,XSDString,mandatory
missing value,sediment,sampling,samp_mat_process_dev,248,<empty>,\,/github/workspace/logsheets/filtered/sediment_sampling.csv,XSDString,mandatory
missing value,sediment,sampling,samp_mat_process_dev,249,<empty>,\,/github/workspace/logsheets/filtered/sediment_sampling.csv,XSDString,mandatory
missing value,sediment,sampling,samp_mat_process_dev,250,<empty>,\,/github/workspace/logsheets/filtered/sediment_sampling.csv,XSDString,mandatory
missing value,sediment,sampling,samp_mat_process_dev,251,<empty>,\,/github/workspace/logsheets/filtered/sediment_sampling.csv,XSDString,mandatory
missing value,sediment,sampling,samp_mat_process_dev,252,<empty>,\,/github/workspace/logsheets/filtered/sediment_sampling.csv,XSDString,mandatory
missing value,sediment,sampling,samp_mat_process_dev,253,<empty>,\,/github/workspace/logsheets/filtered/sediment_sampling.csv,XSDString,mandatory
missing value,sediment,sampling,samp_mat_process_dev,254,<empty>,\,/github/workspace/logsheets/filtered/sediment_sampling.csv,XSDString,mandatory
missing value,sediment,sampling,samp_mat_process_dev,255,<empty>,\,/github/workspace/logsheets/filtered/sediment_sampling.csv,XSDString,mandatory
missing value,sediment,sampling,samp_mat_process_dev,256,<empty>,\,/github/workspace/logsheets/filtered/sediment_sampling.csv,XSDString,mandatory
missing value,sediment,sampling,samp_mat_process_dev,257,<empty>,\,/github/workspace/logsheets/filtered/sediment_sampling.csv,XSDString,mandatory
missing value,sediment,sampling,samp_mat_process_dev,258,<empty>,\,/github/workspace/logsheets/filtered/sediment_sampling.csv,XSDString,mandatory
missing value,sediment,sampling,samp_mat_process_dev,259,<empty>,\,/github/workspace/logsheets/filtered/sediment_sampling.csv,XSDString,mandatory
missing value,sediment,sampling,samp_mat_process_dev,260,<empty>,\,/github/workspace/logsheets/filtered/sediment_sampling.csv,XSDString,mandatory
missing value,sediment,sampling,samp_mat_process_dev,261,<empty>,\,/github/workspace/logsheets/filtered/sediment_sampling.csv,XSDString,mandatory
missing value,sediment,sampling,samp_mat_process_dev,262,<empty>,\,/github/workspace/logsheets/filtered/sediment_sampling.csv,XSDString,mandatory
missing value,sediment,sampling,samp_store_loc,1,<empty>,\,/github/workspace/logsheets/filtered/sediment_sampling.csv,XSDString,mandatory
missing value,sediment,sampling,samp_store_loc,2,<empty>,\,/github/workspace/logsheets/filtered/sediment_sampling.csv,XSDString,mandatory
missing value,sediment,sampling,samp_store_loc,5,<empty>,\,/github/workspace/logsheets/filtered/sediment_sampling.csv,XSDString,mandatory
missing value,sediment,sampling,samp_store_loc,6,<empty>,\,/github/workspace/logsheets/filtered/sediment_sampling.csv,XSDString,mandatory
missing value,sediment,sampling,samp_store_loc,10,<empty>,\,/github/workspace/logsheets/filtered/sediment_sampling.csv,XSDString,mandatory
missing value,sediment,sampling,samp_store_loc,11,<empty>,\,/github/workspace/logsheets/filtered/sediment_sampling.csv,XSDString,mandatory
missing value,sediment,sampling,samp_store_loc,14,<empty>,\,/github/workspace/logsheets/filtered/sediment_sampling.csv,XSDString,mandatory
missing value,sediment,sampling,samp_store_loc,15,<empty>,\,/github/workspace/logsheets/filtered/sediment_sampling.csv,XSDString,mandatory
missing value,sediment,sampling,samp_store_loc,214,<empty>,\,/github/workspace/logsheets/filtered/sediment_sampling.csv,XSDString,mandatory
missing value,sediment,sampling,samp_store_loc,215,<empty>,\,/github/workspace/logsheets/filtered/sediment_sampling.csv,XSDString,mandatory
missing value,sediment,sampling,samp_store_loc,216,<empty>,\,/github/workspace/logsheets/filtered/sediment_sampling.csv,XSDString,mandatory
missing value,sediment,sampling,samp_store_loc,217,<empty>,\,/github/workspace/logsheets/filtered/sediment_sampling.csv,XSDString,mandatory
missing value,sediment,sampling,samp_store_loc,218,<empty>,\,/github/workspace/logsheets/filtered/sediment_sampling.csv,XSDString,mandatory
missing value,sediment,sampling,samp_store_loc,219,<empty>,\,/github/workspace/logsheets/filtered/sediment_sampling.csv,XSDString,mandatory
missing value,sediment,sampling,samp_store_loc,220,<empty>,\,/github/workspace/logsheets/filtered/sediment_sampling.csv,XSDString,mandatory
missing value,sediment,sampling,samp_store_loc,221,<empty>,\,/github/workspace/logsheets/filtered/sediment_sampling.csv,XSDString,mandatory
missing value,sediment,sampling,samp_store_loc,222,<empty>,\,/github/workspace/logsheets/filtered/sediment_sampling.csv,XSDString,mandatory
missing value,sediment,sampling,samp_store_loc,223,<empty>,\,/github/workspace/logsheets/filtered/sediment_sampling.csv,XSDString,mandatory
missing value,sediment,sampling,samp_store_loc,224,<empty>,\,/github/workspace/logsheets/filtered/sediment_sampling.csv,XSDString,mandatory
missing value,sediment,sampling,samp_store_loc,225,<empty>,\,/github/workspace/logsheets/filtered/sediment_sampling.csv,XSDString,mandatory
missing value,sediment,sampling,samp_store_loc,226,<empty>,\,/github/workspace/logsheets/filtered/sediment_sampling.csv,XSDString,mandatory
missing value,sediment,sampling,samp_store_loc,227,<empty>,\,/github/workspace/logsheets/filtered/sediment_sampling.csv,XSDString,mandatory
missing value,sediment,sampling,samp_store_loc,228,<empty>,\,/github/workspace/logsheets/filtered/sediment_sampling.csv,XSDString,mandatory
missing value,sediment,sampling,samp_store_loc,229,<empty>,\,/github/workspace/logsheets/filtered/sediment_sampling.csv,XSDString,mandatory
missing value,sediment,sampling,samp_store_loc,230,<empty>,\,/github/workspace/logsheets/filtered/sediment_sampling.csv,XSDString,mandatory
missing value,sediment,sampling,samp_store_loc,231,<empty>,\,/github/workspace/logsheets/filtered/sediment_sampling.csv,XSDString,mandatory
missing value,sediment,sampling,samp_store_loc,232,<empty>,\,/github/workspace/logsheets/filtered/sediment_sampling.csv,XSDString,mandatory
missing value,sediment,sampling,samp_store_loc,233,<empty>,\,/github/workspace/logsheets/filtered/sediment_sampling.csv,XSDString,mandatory
missing value,sediment,sampling,samp_store_loc,234,<empty>,\,/github/workspace/logsheets/filtered/sediment_sampling.csv,XSDString,mandatory
missing value,sediment,sampling,samp_store_loc,235,<empty>,\,/github/workspace/logsheets/filtered/sediment_sampling.csv,XSDString,mandatory
missing value,sediment,sampling,samp_store_loc,236,<empty>,\,/github/workspace/logsheets/filtered/sediment_sampling.csv,XSDString,mandatory
missing value,sediment,sampling,samp_store_loc,237,<empty>,\,/github/workspace/logsheets/filtered/sediment_sampling.csv,XSDString,mandatory
missing value,sediment,sampling,samp_store_loc,238,<empty>,\,/github/workspace/logsheets/filtered/sediment_sampling.csv,XSDString,mandatory
missing value,sediment,sampling,samp_store_loc,239,<empty>,\,/github/workspace/logsheets/filtered/sediment_sampling.csv,XSDString,mandatory
missing value,sediment,sampling,samp_store_loc,240,<empty>,\,/github/workspace/logsheets/filtered/sediment_sampling.csv,XSDString,mandatory
missing value,sediment,sampling,samp_store_loc,241,<empty>,\,/github/workspace/logsheets/filtered/sediment_sampling.csv,XSDString,mandatory
missing value,sediment,sampling,samp_store_loc,242,<empty>,\,/github/workspace/logsheets/filtered/sediment_sampling.csv,XSDString,mandatory
missing value,sediment,sampling,samp_store_loc,243,<empty>,\,/github/workspace/logsheets/filtered/sediment_sampling.csv,XSDString,mandatory
missing value,sediment,sampling,samp_store_loc,244,<empty>,\,/github/workspace/logsheets/filtered/sediment_sampling.csv,XSDString,mandatory
missing value,sediment,sampling,samp_store_loc,245,<empty>,\,/github/workspace/logsheets/filtered/sediment_sampling.csv,XSDString,mandatory
missing value,sediment,sampling,samp_store_loc,246,<empty>,\,/github/workspace/logsheets/filtered/sediment_sampling.csv,XSDString,mandatory
missing value,sediment,sampling,samp_store_loc,247,<empty>,\,/github/workspace/logsheets/filtered/sediment_sampling.csv,XSDString,mandatory
missing value,sediment,sampling,samp_store_loc,248,<empty>,\,/github/workspace/logsheets/filtered/sediment_sampling.csv,XSDString,mandatory
missing value,sediment,sampling,samp_store_loc,249,<empty>,\,/github/workspace/logsheets/filtered/sediment_sampling.csv,XSDString,mandatory
missing value,sediment,sampling,samp_store_loc,250,<empty>,\,/github/workspace/logsheets/filtered/sediment_sampling.csv,XSDString,mandatory
missing value,sediment,sampling,samp_store_loc,251,<empty>,\,/github/workspace/logsheets/filtered/sediment_sampling.csv,XSDString,mandatory
missing value,sediment,sampling,samp_store_loc,252,<empty>,\,/github/workspace/logsheets/filtered/sediment_sampling.csv,XSDString,mandatory
missing value,sediment,sampling,samp_store_loc,253,<empty>,\,/github/workspace/logsheets/filtered/sediment_sampling.csv,XSDString,mandatory
missing value,sediment,sampling,samp_store_loc,254,<empty>,\,/github/workspace/logsheets/filtered/sediment_sampling.csv,XSDString,mandatory
missing value,sediment,sampling,samp_store_loc,255,<empty>,\,/github/workspace/logsheets/filtered/sediment_sampling.csv,XSDString,mandatory
missing value,sediment,sampling,samp_store_loc,256,<empty>,\,/github/workspace/logsheets/filtered/sediment_sampling.csv,XSDString,mandatory
missing value,sediment,sampling,samp_store_loc,257,<empty>,\,/github/workspace/logsheets/filtered/sediment_sampling.csv,XSDString,mandatory
missing value,sediment,sampling,samp_store_loc,258,<empty>,\,/github/workspace/logsheets/filtered/sediment_sampling.csv,XSDString,mandatory
missing value,sediment,sampling,samp_store_loc,259,<empty>,\,/github/workspace/logsheets/filtered/sediment_sampling.csv,XSDString,mandatory
missing value,sediment,sampling,samp_store_loc,260,<empty>,\,/github/workspace/logsheets/filtered/sediment_sampling.csv,XSDString,mandatory
missing value,sediment,sampling,samp_store_loc,261,<empty>,\,/github/workspace/logsheets/filtered/sediment_sampling.csv,XSDString,mandatory
missing value,sediment,sampling,samp_store_loc,262,<empty>,\,/github/workspace/logsheets/filtered/sediment_sampling.csv,XSDString,mandatory
missing value,sediment,sampling,samp_store_temp,212,<empty>,\,/github/workspace/logsheets/filtered/sediment_sampling.csv,XSDString,mandatory
missing value,sediment,sampling,samp_store_temp,213,<empty>,\,/github/workspace/logsheets/filtered/sediment_sampling.csv,XSDString,mandatory
missing value,sediment,sampling,samp_store_temp,214,<empty>,\,/github/workspace/logsheets/filtered/sediment_sampling.csv,XSDString,mandatory
missing value,sediment,sampling,samp_store_temp,215,<empty>,\,/github/workspace/logsheets/filtered/sediment_sampling.csv,XSDString,mandatory
missing value,sediment,sampling,samp_store_temp,216,<empty>,\,/github/workspace/logsheets/filtered/sediment_sampling.csv,XSDString,mandatory
missing value,sediment,sampling,samp_store_temp,217,<empty>,\,/github/workspace/logsheets/filtered/sediment_sampling.csv,XSDString,mandatory
missing value,sediment,sampling,samp_store_temp,218,<empty>,\,/github/workspace/logsheets/filtered/sediment_sampling.csv,XSDString,mandatory
missing value,sediment,sampling,samp_store_temp,219,<empty>,\,/github/workspace/logsheets/filtered/sediment_sampling.csv,XSDString,mandatory
missing value,sediment,sampling,samp_store_temp,220,<empty>,\,/github/workspace/logsheets/filtered/sediment_sampling.csv,XSDString,mandatory
missing value,sediment,sampling,samp_store_temp,221,<empty>,\,/github/workspace/logsheets/filtered/sediment_sampling.csv,XSDString,mandatory
missing value,sediment,sampling,samp_store_temp,222,<empty>,\,/github/workspace/logsheets/filtered/sediment_sampling.csv,XSDString,mandatory
missing value,sediment,sampling,samp_store_temp,223,<empty>,\,/github/workspace/logsheets/filtered/sediment_sampling.csv,XSDString,mandatory
missing value,sediment,sampling,samp_store_temp,224,<empty>,\,/github/workspace/logsheets/filtered/sediment_sampling.csv,XSDString,mandatory
missing value,sediment,sampling,samp_store_temp,225,<empty>,\,/github/workspace/logsheets/filtered/sediment_sampling.csv,XSDString,mandatory
missing value,sediment,sampling,samp_store_temp,226,<empty>,\,/github/workspace/logsheets/filtered/sediment_sampling.csv,XSDString,mandatory
missing value,sediment,sampling,samp_store_temp,227,<empty>,\,/github/workspace/logsheets/filtered/sediment_sampling.csv,XSDString,mandatory
missing value,sediment,sampling,samp_store_temp,228,<empty>,\,/github/workspace/logsheets/filtered/sediment_sampling.csv,XSDString,mandatory
missing value,sediment,sampling,samp_store_temp,229,<empty>,\,/github/workspace/logsheets/filtered/sediment_sampling.csv,XSDString,mandatory
missing value,sediment,sampling,samp_store_temp,230,<empty>,\,/github/workspace/logsheets/filtered/sediment_sampling.csv,XSDString,mandatory
missing value,sediment,sampling,samp_store_temp,231,<empty>,\,/github/workspace/logsheets/filtered/sediment_sampling.csv,XSDString,mandatory
missing value,sediment,sampling,samp_store_temp,232,<empty>,\,/github/workspace/logsheets/filtered/sediment_sampling.csv,XSDString,mandatory
missing value,sediment,sampling,samp_store_temp,233,<empty>,\,/github/workspace/logsheets/filtered/sediment_sampling.csv,XSDString,mandatory
missing value,sediment,sampling,samp_store_temp,234,<empty>,\,/github/workspace/logsheets/filtered/sediment_sampling.csv,XSDString,mandatory
missing value,sediment,sampling,samp_store_temp,235,<empty>,\,/github/workspace/logsheets/filtered/sediment_sampling.csv,XSDString,mandatory
missing value,sediment,sampling,samp_store_temp,236,<empty>,\,/github/workspace/logsheets/filtered/sediment_sampling.csv,XSDString,mandatory
missing value,sediment,sampling,samp_store_temp,237,<empty>,\,/github/workspace/logsheets/filtered/sediment_sampling.csv,XSDString,mandatory
missing value,sediment,sampling,samp_store_temp,238,<empty>,\,/github/workspace/logsheets/filtered/sediment_sampling.csv,XSDString,mandatory
missing value,sediment,sampling,samp_store_temp,239,<empty>,\,/github/workspace/logsheets/filtered/sediment_sampling.csv,XSDString,mandatory
missing value,sediment,sampling,samp_store_temp,240,<empty>,\,/github/workspace/logsheets/filtered/sediment_sampling.csv,XSDString,mandatory
missing value,sediment,sampling,samp_store_temp,241,<empty>,\,/github/workspace/logsheets/filtered/sediment_sampling.csv,XSDString,mandatory
missing value,sediment,sampling,samp_store_temp,242,<empty>,\,/github/workspace/logsheets/filtered/sediment_sampling.csv,XSDString,mandatory
missing value,sediment,sampling,samp_store_temp,243,<empty>,\,/github/workspace/logsheets/filtered/sediment_sampling.csv,XSDString,mandatory
missing value,sediment,sampling,samp_store_temp,244,<empty>,\,/github/workspace/logsheets/filtered/sediment_sampling.csv,XSDString,mandatory
missing value,sediment,sampling,samp_store_temp,245,<empty>,\,/github/workspace/logsheets/filtered/sediment_sampling.csv,XSDString,mandatory
missing value,sediment,sampling,samp_store_temp,246,<empty>,\,/github/workspace/logsheets/filtered/sediment_sampling.csv,XSDString,mandatory
missing value,sediment,sampling,samp_store_temp,247,<empty>,\,/github/workspace/logsheets/filtered/sediment_sampling.csv,XSDString,mandatory
missing value,sediment,sampling,samp_store_temp,248,<empty>,\,/github/workspace/logsheets/filtered/sediment_sampling.csv,XSDString,mandatory
missing value,sediment,sampling,samp_store_temp,249,<empty>,\,/github/workspace/logsheets/filtered/sediment_sampling.csv,XSDString,mandatory
missing value,sediment,sampling,samp_store_temp,250,<empty>,\,/github/workspace/logsheets/filtered/sediment_sampling.csv,XSDString,mandatory
missing value,sediment,sampling,samp_store_temp,251,<empty>,\,/github/workspace/logsheets/filtered/sediment_sampling.csv,XSDString,mandatory
missing value,sediment,sampling,samp_store_temp,252,<empty>,\,/github/workspace/logsheets/filtered/sediment_sampling.csv,XSDString,mandatory
missing value,sediment,sampling,samp_store_temp,253,<empty>,\,/github/workspace/logsheets/filtered/sediment_sampling.csv,XSDString,mandatory
missing value,sediment,sampling,samp_store_temp,254,<empty>,\,/github/workspace/logsheets/filtered/sediment_sampling.csv,XSDString,mandatory
missing value,sediment,sampling,samp_store_temp,255,<empty>,\,/github/workspace/logsheets/filtered/sediment_sampling.csv,XSDString,mandatory
missing value,sediment,sampling,samp_store_temp,256,<empty>,\,/github/workspace/logsheets/filtered/sediment_sampling.csv,XSDString,mandatory
missing value,sediment,sampling,samp_store_temp,257,<empty>,\,/github/workspace/logsheets/filtered/sediment_sampling.csv,XSDString,mandatory
missing value,sediment,sampling,samp_store_temp,258,<empty>,\,/github/workspace/logsheets/filtered/sediment_sampling.csv,XSDString,mandatory
missing value,sediment,sampling,samp_store_temp,259,<empty>,\,/github/workspace/logsheets/filtered/sediment_sampling.csv,XSDString,mandatory
missing value,sediment,sampling,samp_store_temp,260,<empty>,\,/github/workspace/logsheets/filtered/sediment_sampling.csv,XSDString,mandatory
missing value,sediment,sampling,samp_store_temp,261,<empty>,\,/github/workspace/logsheets/filtered/sediment_sampling.csv,XSDString,mandatory
missing value,sediment,sampling,samp_store_temp,262,<empty>,\,/github/workspace/logsheets/filtered/sediment_sampling.csv,XSDString,mandatory
missing value,sediment,sampling,sampl_person,212,<empty>,\,/github/workspace/logsheets/filtered/sediment_sampling.csv,XSDString,mandatory
missing value,sediment,sampling,sampl_person,213,<empty>,\,/github/workspace/logsheets/filtered/sediment_sampling.csv,XSDString,mandatory
missing value,sediment,sampling,sampl_person,214,<empty>,\,/github/workspace/logsheets/filtered/sediment_sampling.csv,XSDString,mandatory
missing value,sediment,sampling,sampl_person,215,<empty>,\,/github/workspace/logsheets/filtered/sediment_sampling.csv,XSDString,mandatory
missing value,sediment,sampling,sampl_person,216,<empty>,\,/github/workspace/logsheets/filtered/sediment_sampling.csv,XSDString,mandatory
missing value,sediment,sampling,sampl_person,217,<empty>,\,/github/workspace/logsheets/filtered/sediment_sampling.csv,XSDString,mandatory
missing value,sediment,sampling,sampl_person,218,<empty>,\,/github/workspace/logsheets/filtered/sediment_sampling.csv,XSDString,mandatory
missing value,sediment,sampling,sampl_person,219,<empty>,\,/github/workspace/logsheets/filtered/sediment_sampling.csv,XSDString,mandatory
missing value,sediment,sampling,sampl_person,220,<empty>,\,/github/workspace/logsheets/filtered/sediment_sampling.csv,XSDString,mandatory
missing value,sediment,sampling,sampl_person,221,<empty>,\,/github/workspace/logsheets/filtered/sediment_sampling.csv,XSDString,mandatory
missing value,sediment,sampling,sampl_person,222,<empty>,\,/github/workspace/logsheets/filtered/sediment_sampling.csv,XSDString,mandatory
missing value,sediment,sampling,sampl_person,223,<empty>,\,/github/workspace/logsheets/filtered/sediment_sampling.csv,XSDString,mandatory
missing value,sediment,sampling,sampl_person,224,<empty>,\,/github/workspace/logsheets/filtered/sediment_sampling.csv,XSDString,mandatory
missing value,sediment,sampling,sampl_person,225,<empty>,\,/github/workspace/logsheets/filtered/sediment_sampling.csv,XSDString,mandatory
missing value,sediment,sampling,sampl_person,226,<empty>,\,/github/workspace/logsheets/filtered/sediment_sampling.csv,XSDString,mandatory
missing value,sediment,sampling,sampl_person,227,<empty>,\,/github/workspace/logsheets/filtered/sediment_sampling.csv,XSDString,mandatory
missing value,sediment,sampling,sampl_person,228,<empty>,\,/github/workspace/logsheets/filtered/sediment_sampling.csv,XSDString,mandatory
missing value,sediment,sampling,sampl_person,229,<empty>,\,/github/workspace/logsheets/filtered/sediment_sampling.csv,XSDString,mandatory
missing value,sediment,sampling,sampl_person,230,<empty>,\,/github/workspace/logsheets/filtered/sediment_sampling.csv,XSDString,mandatory
missing value,sediment,sampling,sampl_person,231,<empty>,\,/github/workspace/logsheets/filtered/sediment_sampling.csv,XSDString,mandatory
missing value,sediment,sampling,sampl_person,232,<empty>,\,/github/workspace/logsheets/filtered/sediment_sampling.csv,XSDString,mandatory
missing value,sediment,sampling,sampl_person,233,<empty>,\,/github/workspace/logsheets/filtered/sediment_sampling.csv,XSDString,mandatory
missing value,sediment,sampling,sampl_person,234,<empty>,\,/github/workspace/logsheets/filtered/sediment_sampling.csv,XSDString,mandatory
missing value,sediment,sampling,sampl_person,235,<empty>,\,/github/workspace/logsheets/filtered/sediment_sampling.csv,XSDString,mandatory
missing value,sediment,sampling,sampl_person,236,<empty>,\,/github/workspace/logsheets/filtered/sediment_sampling.csv,XSDString,mandatory
missing value,sediment,sampling,sampl_person,237,<empty>,\,/github/workspace/logsheets/filtered/sediment_sampling.csv,XSDString,mandatory
missing value,sediment,sampling,sampl_person,238,<empty>,\,/github/workspace/logsheets/filtered/sediment_sampling.csv,XSDString,mandatory
missing value,sediment,sampling,sampl_person,239,<empty>,\,/github/workspace/logsheets/filtered/sediment_sampling.csv,XSDString,mandatory
missing value,sediment,sampling,sampl_person,240,<empty>,\,/github/workspace/logsheets/filtered/sediment_sampling.csv,XSDString,mandatory
missing value,sediment,sampling,sampl_person,241,<empty>,\,/github/workspace/logsheets/filtered/sediment_sampling.csv,XSDString,mandatory
missing value,sediment,sampling,sampl_person,242,<empty>,\,/github/workspace/logsheets/filtered/sediment_sampling.csv,XSDString,mandatory
missing value,sediment,sampling,sampl_person,243,<empty>,\,/github/workspace/logsheets/filtered/sediment_sampling.csv,XSDString,mandatory
missing value,sediment,sampling,sampl_person,244,<empty>,\,/github/workspace/logsheets/filtered/sediment_sampling.csv,XSDString,mandatory
missing value,sediment,sampling,sampl_person,245,<empty>,\,/github/workspace/logsheets/filtered/sediment_sampling.csv,XSDString,mandatory
missing value,sediment,sampling,sampl_person,246,<empty>,\,/github/workspace/logsheets/filtered/sediment_sampling.csv,XSDString,mandatory
missing value,sediment,sampling,sampl_person,247,<empty>,\,/github/workspace/logsheets/filtered/sediment_sampling.csv,XSDString,mandatory
missing value,sediment,sampling,sampl_person,248,<empty>,\,/github/workspace/logsheets/filtered/sediment_sampling.csv,XSDString,mandatory
missing value,sediment,sampling,sampl_person,249,<empty>,\,/github/workspace/logsheets/filtered/sediment_sampling.csv,XSDString,mandatory
missing value,sediment,sampling,sampl_person,250,<empty>,\,/github/workspace/logsheets/filtered/sediment_sampling.csv,XSDString,mandatory
missing value,sediment,sampling,sampl_person,251,<empty>,\,/github/workspace/logsheets/filtered/sediment_sampling.csv,XSDString,mandatory
missing value,sediment,sampling,sampl_person,252,<empty>,\,/github/workspace/logsheets/filtered/sediment_sampling.csv,XSDString,mandatory
missing value,sediment,sampling,sampl_person,253,<empty>,\,/github/workspace/logsheets/filtered/sediment_sampling.csv,XSDString,mandatory
missing value,sediment,sampling,sampl_person,254,<empty>,\,/github/workspace/logsheets/filtered/sediment_sampling.csv,XSDString,mandatory
missing value,sediment,sampling,sampl_person,255,<empty>,\,/github/workspace/logsheets/filtered/sediment_sampling.csv,XSDString,mandatory
missing value,sediment,sampling,sampl_person,256,<empty>,\,/github/workspace/logsheets/filtered/sediment_sampling.csv,XSDString,mandatory
missing value,sediment,sampling,sampl_person,257,<empty>,\,/github/workspace/logsheets/filtered/sediment_sampling.csv,XSDString,mandatory
missing value,sediment,sampling,sampl_person,258,<empty>,\,/github/workspace/logsheets/filtered/sediment_sampling.csv,XSDString,mandatory
missing value,sediment,sampling,sampl_person,259,<empty>,\,/github/workspace/logsheets/filtered/sediment_sampling.csv,XSDString,mandatory
missing value,sediment,sampling,sampl_person,260,<empty>,\,/github/workspace/logsheets/filtered/sediment_sampling.csv,XSDString,mandatory
missing value,sediment,sampling,sampl_person,261,<empty>,\,/github/workspace/logsheets/filtered/sediment_sampling.csv,XSDString,mandatory
missing value,sediment,sampling,sampl_person,262,<empty>,\,/github/workspace/logsheets/filtered/sediment_sampling.csv,XSDString,mandatory
missing value,sediment,sampling,sampling_event,212,<empty>,\,/github/workspace/logsheets/filtered/sediment_sampling.csv,XSDString,mandatory
missing value,sediment,sampling,sampling_event,213,<empty>,\,/github/workspace/logsheets/filtered/sediment_sampling.csv,XSDString,mandatory
missing value,sediment,sampling,sampling_event,214,<empty>,\,/github/workspace/logsheets/filtered/sediment_sampling.csv,XSDString,mandatory
missing value,sediment,sampling,sampling_event,215,<empty>,\,/github/workspace/logsheets/filtered/sediment_sampling.csv,XSDString,mandatory
missing value,sediment,sampling,sampling_event,216,<empty>,\,/github/workspace/logsheets/filtered/sediment_sampling.csv,XSDString,mandatory
missing value,sediment,sampling,sampling_event,217,<empty>,\,/github/workspace/logsheets/filtered/sediment_sampling.csv,XSDString,mandatory
missing value,sediment,sampling,sampling_event,218,<empty>,\,/github/workspace/logsheets/filtered/sediment_sampling.csv,XSDString,mandatory
missing value,sediment,sampling,sampling_event,219,<empty>,\,/github/workspace/logsheets/filtered/sediment_sampling.csv,XSDString,mandatory
missing value,sediment,sampling,sampling_event,220,<empty>,\,/github/workspace/logsheets/filtered/sediment_sampling.csv,XSDString,mandatory
missing value,sediment,sampling,sampling_event,221,<empty>,\,/github/workspace/logsheets/filtered/sediment_sampling.csv,XSDString,mandatory
missing value,sediment,sampling,sampling_event,222,<empty>,\,/github/workspace/logsheets/filtered/sediment_sampling.csv,XSDString,mandatory
missing value,sediment,sampling,sampling_event,223,<empty>,\,/github/workspace/logsheets/filtered/sediment_sampling.csv,XSDString,mandatory
missing value,sediment,sampling,sampling_event,224,<empty>,\,/github/workspace/logsheets/filtered/sediment_sampling.csv,XSDString,mandatory
missing value,sediment,sampling,sampling_event,225,<empty>,\,/github/workspace/logsheets/filtered/sediment_sampling.csv,XSDString,mandatory
missing value,sediment,sampling,sampling_event,226,<empty>,\,/github/workspace/logsheets/filtered/sediment_sampling.csv,XSDString,mandatory
missing value,sediment,sampling,sampling_event,227,<empty>,\,/github/workspace/logsheets/filtered/sediment_sampling.csv,XSDString,mandatory
missing value,sediment,sampling,sampling_event,228,<empty>,\,/github/workspace/logsheets/filtered/sediment_sampling.csv,XSDString,mandatory
missing value,sediment,sampling,sampling_event,229,<empty>,\,/github/workspace/logsheets/filtered/sediment_sampling.csv,XSDString,mandatory
missing value,sediment,sampling,sampling_event,230,<empty>,\,/github/workspace/logsheets/filtered/sediment_sampling.csv,XSDString,mandatory
missing value,sediment,sampling,sampling_event,231,<empty>,\,/github/workspace/logsheets/filtered/sediment_sampling.csv,XSDString,mandatory
missing value,sediment,sampling,sampling_event,232,<empty>,\,/github/workspace/logsheets/filtered/sediment_sampling.csv,XSDString,mandatory
missing value,sediment,sampling,sampling_event,233,<empty>,\,/github/workspace/logsheets/filtered/sediment_sampling.csv,XSDString,mandatory
missing value,sediment,sampling,sampling_event,234,<empty>,\,/github/workspace/logsheets/filtered/sediment_sampling.csv,XSDString,mandatory
missing value,sediment,sampling,sampling_event,235,<empty>,\,/github/workspace/logsheets/filtered/sediment_sampling.csv,XSDString,mandatory
missing value,sediment,sampling,sampling_event,236,<empty>,\,/github/workspace/logsheets/filtered/sediment_sampling.csv,XSDString,mandatory
missing value,sediment,sampling,sampling_event,237,<empty>,\,/github/workspace/logsheets/filtered/sediment_sampling.csv,XSDString,mandatory
missing value,sediment,sampling,sampling_event,238,<empty>,\,/github/workspace/logsheets/filtered/sediment_sampling.csv,XSDString,mandatory
missing value,sediment,sampling,sampling_event,239,<empty>,\,/github/workspace/logsheets/filtered/sediment_sampling.csv,XSDString,mandatory
missing value,sediment,sampling,sampling_event,240,<empty>,\,/github/workspace/logsheets/filtered/sediment_sampling.csv,XSDString,mandatory
missing value,sediment,sampling,sampling_event,241,<empty>,\,/github/workspace/logsheets/filtered/sediment_sampling.csv,XSDString,mandatory
missing value,sediment,sampling,sampling_event,242,<empty>,\,/github/workspace/logsheets/filtered/sediment_sampling.csv,XSDString,mandatory
missing value,sediment,sampling,sampling_event,243,<empty>,\,/github/workspace/logsheets/filtered/sediment_sampling.csv,XSDString,mandatory
missing value,sediment,sampling,sampling_event,244,<empty>,\,/github/workspace/logsheets/filtered/sediment_sampling.csv,XSDString,mandatory
missing value,sediment,sampling,sampling_event,245,<empty>,\,/github/workspace/logsheets/filtered/sediment_sampling.csv,XSDString,mandatory
missing value,sediment,sampling,sampling_event,246,<empty>,\,/github/workspace/logsheets/filtered/sediment_sampling.csv,XSDString,mandatory
missing value,sediment,sampling,sampling_event,247,<empty>,\,/github/workspace/logsheets/filtered/sediment_sampling.csv,XSDString,mandatory
missing value,sediment,sampling,sampling_event,248,<empty>,\,/github/workspace/logsheets/filtered/sediment_sampling.csv,XSDString,mandatory
missing value,sediment,sampling,sampling_event,249,<empty>,\,/github/workspace/logsheets/filtered/sediment_sampling.csv,XSDString,mandatory
missing value,sediment,sampling,sampling_event,250,<empty>,\,/github/workspace/logsheets/filtered/sediment_sampling.csv,XSDString,mandatory
missing value,sediment,sampling,sampling_event,251,<empty>,\,/github/workspace/logsheets/filtered/sediment_sampling.csv,XSDString,mandatory
missing value,sediment,sampling,sampling_event,252,<empty>,\,/github/workspace/logsheets/filtered/sediment_sampling.csv,XSDString,mandatory
missing value,sediment,sampling,sampling_event,253,<empty>,\,/github/workspace/logsheets/filtered/sediment_sampling.csv,XSDString,mandatory
missing value,sediment,sampling,sampling_event,254,<empty>,\,/github/workspace/logsheets/filtered/sediment_sampling.csv,XSDString,mandatory
missing value,sediment,sampling,sampling_event,255,<empty>,\,/github/workspace/logsheets/filtered/sediment_sampling.csv,XSDString,mandatory
missing value,sediment,sampling,sampling_event,256,<empty>,\,/github/workspace/logsheets/filtered/sediment_sampling.csv,XSDString,mandatory
missing value,sediment,sampling,sampling_event,257,<empty>,\,/github/workspace/logsheets/filtered/sediment_sampling.csv,XSDString,mandatory
missing value,sediment,sampling,sampling_event,258,<empty>,\,/github/workspace/logsheets/filtered/sediment_sampling.csv,XSDString,mandatory
missing value,sediment,sampling,sampling_event,259,<empty>,\,/github/workspace/logsheets/filtered/sediment_sampling.csv,XSDString,mandatory
missing value,sediment,sampling,sampling_event,260,<empty>,\,/github/workspace/logsheets/filtered/sediment_sampling.csv,XSDString,mandatory
missing value,sediment,sampling,sampling_event,261,<empty>,\,/github/workspace/logsheets/filtered/sediment_sampling.csv,XSDString,mandatory
missing value,sediment,sampling,sampling_event,262,<empty>,\,/github/workspace/logsheets/filtered/sediment_sampling.csv,XSDString,mandatory
missing value,sediment,sampling,ship_date,2,<empty>,\,/github/workspace/logsheets/filtered/sediment_sampling.csv,XSDDate,mandatory
missing value,sediment,sampling,ship_date,3,<empty>,\,/github/workspace/logsheets/filtered/sediment_sampling.csv,XSDDate,mandatory
missing value,sediment,sampling,ship_date,4,<empty>,\,/github/workspace/logsheets/filtered/sediment_sampling.csv,XSDDate,mandatory
missing value,sediment,sampling,ship_date,7,<empty>,\,/github/workspace/logsheets/filtered/sediment_sampling.csv,XSDDate,mandatory
missing value,sediment,sampling,ship_date,8,<empty>,\,/github/workspace/logsheets/filtered/sediment_sampling.csv,XSDDate,mandatory
missing value,sediment,sampling,ship_date,9,<empty>,\,/github/workspace/logsheets/filtered/sediment_sampling.csv,XSDDate,mandatory
missing value,sediment,sampling,ship_date,12,<empty>,\,/github/workspace/logsheets/filtered/sediment_sampling.csv,XSDDate,mandatory
missing value,sediment,sampling,ship_date,13,<empty>,\,/github/workspace/logsheets/filtered/sediment_sampling.csv,XSDDate,mandatory
missing value,sediment,sampling,ship_date,16,<empty>,\,/github/workspace/logsheets/filtered/sediment_sampling.csv,XSDDate,mandatory
missing value,sediment,sampling,ship_date,17,<empty>,\,/github/workspace/logsheets/filtered/sediment_sampling.csv,XSDDate,mandatory
missing value,sediment,sampling,ship_date,18,<empty>,\,/github/workspace/logsheets/filtered/sediment_sampling.csv,XSDDate,mandatory
missing value,sediment,sampling,ship_date,212,<empty>,\,/github/workspace/logsheets/filtered/sediment_sampling.csv,XSDDate,mandatory
missing value,sediment,sampling,ship_date,213,<empty>,\,/github/workspace/logsheets/filtered/sediment_sampling.csv,XSDDate,mandatory
missing value,sediment,sampling,ship_date,214,<empty>,\,/github/workspace/logsheets/filtered/sediment_sampling.csv,XSDDate,mandatory
missing value,sediment,sampling,ship_date,215,<empty>,\,/github/workspace/logsheets/filtered/sediment_sampling.csv,XSDDate,mandatory
missing value,sediment,sampling,ship_date,216,<empty>,\,/github/workspace/logsheets/filtered/sediment_sampling.csv,XSDDate,mandatory
missing value,sediment,sampling,ship_date,217,<empty>,\,/github/workspace/logsheets/filtered/sediment_sampling.csv,XSDDate,mandatory
missing value,sediment,sampling,ship_date,218,<empty>,\,/github/workspace/logsheets/filtered/sediment_sampling.csv,XSDDate,mandatory
missing value,sediment,sampling,ship_date,219,<empty>,\,/github/workspace/logsheets/filtered/sediment_sampling.csv,XSDDate,mandatory
missing value,sediment,sampling,ship_date,220,<empty>,\,/github/workspace/logsheets/filtered/sediment_sampling.csv,XSDDate,mandatory
missing value,sediment,sampling,ship_date,221,<empty>,\,/github/workspace/logsheets/filtered/sediment_sampling.csv,XSDDate,mandatory
missing value,sediment,sampling,ship_date,222,<empty>,\,/github/workspace/logsheets/filtered/sediment_sampling.csv,XSDDate,mandatory
missing value,sediment,sampling,ship_date,223,<empty>,\,/github/workspace/logsheets/filtered/sediment_sampling.csv,XSDDate,mandatory
missing value,sediment,sampling,ship_date,224,<empty>,\,/github/workspace/logsheets/filtered/sediment_sampling.csv,XSDDate,mandatory
missing value,sediment,sampling,ship_date,225,<empty>,\,/github/workspace/logsheets/filtered/sediment_sampling.csv,XSDDate,mandatory
missing value,sediment,sampling,ship_date,226,<empty>,\,/github/workspace/logsheets/filtered/sediment_sampling.csv,XSDDate,mandatory
missing value,sediment,sampling,ship_date,227,<empty>,\,/github/workspace/logsheets/filtered/sediment_sampling.csv,XSDDate,mandatory
missing value,sediment,sampling,ship_date,228,<empty>,\,/github/workspace/logsheets/filtered/sediment_sampling.csv,XSDDate,mandatory
missing value,sediment,sampling,ship_date,229,<empty>,\,/github/workspace/logsheets/filtered/sediment_sampling.csv,XSDDate,mandatory
missing value,sediment,sampling,ship_date,230,<empty>,\,/github/workspace/logsheets/filtered/sediment_sampling.csv,XSDDate,mandatory
missing value,sediment,sampling,ship_date,231,<empty>,\,/github/workspace/logsheets/filtered/sediment_sampling.csv,XSDDate,mandatory
missing value,sediment,sampling,ship_date,232,<empty>,\,/github/workspace/logsheets/filtered/sediment_sampling.csv,XSDDate,mandatory
missing value,sediment,sampling,ship_date,233,<empty>,\,/github/workspace/logsheets/filtered/sediment_sampling.csv,XSDDate,mandatory
missing value,sediment,sampling,ship_date,234,<empty>,\,/github/workspace/logsheets/filtered/sediment_sampling.csv,XSDDate,mandatory
missing value,sediment,sampling,ship_date,235,<empty>,\,/github/workspace/logsheets/filtered/sediment_sampling.csv,XSDDate,mandatory
missing value,sediment,sampling,ship_date,236,<empty>,\,/github/workspace/logsheets/filtered/sediment_sampling.csv,XSDDate,mandatory
missing value,sediment,sampling,ship_date,237,<empty>,\,/github/workspace/logsheets/filtered/sediment_sampling.csv,XSDDate,mandatory
missing value,sediment,sampling,ship_date,238,<empty>,\,/github/workspace/logsheets/filtered/sediment_sampling.csv,XSDDate,mandatory
missing value,sediment,sampling,ship_date,239,<empty>,\,/github/workspace/logsheets/filtered/sediment_sampling.csv,XSDDate,mandatory
missing value,sediment,sampling,ship_date,240,<empty>,\,/github/workspace/logsheets/filtered/sediment_sampling.csv,XSDDate,mandatory
missing value,sediment,sampling,ship_date,241,<empty>,\,/github/workspace/logsheets/filtered/sediment_sampling.csv,XSDDate,mandatory
missing value,sediment,sampling,ship_date,242,<empty>,\,/github/workspace/logsheets/filtered/sediment_sampling.csv,XSDDate,mandatory
missing value,sediment,sampling,ship_date,243,<empty>,\,/github/workspace/logsheets/filtered/sediment_sampling.csv,XSDDate,mandatory
missing value,sediment,sampling,ship_date,244,<empty>,\,/github/workspace/logsheets/filtered/sediment_sampling.csv,XSDDate,mandatory
missing value,sediment,sampling,ship_date,245,<empty>,\,/github/workspace/logsheets/filtered/sediment_sampling.csv,XSDDate,mandatory
missing value,sediment,sampling,ship_date,246,<empty>,\,/github/workspace/logsheets/filtered/sediment_sampling.csv,XSDDate,mandatory
missing value,sediment,sampling,ship_date,247,<empty>,\,/github/workspace/logsheets/filtered/sediment_sampling.csv,XSDDate,mandatory
missing value,sediment,sampling,ship_date,248,<empty>,\,/github/workspace/logsheets/filtered/sediment_sampling.csv,XSDDate,mandatory
missing value,sediment,sampling,ship_date,249,<empty>,\,/github/workspace/logsheets/filtered/sediment_sampling.csv,XSDDate,mandatory
missing value,sediment,sampling,ship_date,250,<empty>,\,/github/workspace/logsheets/filtered/sediment_sampling.csv,XSDDate,mandatory
missing value,sediment,sampling,ship_date,251,<empty>,\,/github/workspace/logsheets/filtered/sediment_sampling.csv,XSDDate,mandatory
missing value,sediment,sampling,ship_date,252,<empty>,\,/github/workspace/logsheets/filtered/sediment_sampling.csv,XSDDate,mandatory
missing value,sediment,sampling,ship_date,253,<empty>,\,/github/workspace/logsheets/filtered/sediment_sampling.csv,XSDDate,mandatory
missing value,sediment,sampling,ship_date,254,<empty>,\,/github/workspace/logsheets/filtered/sediment_sampling.csv,XSDDate,mandatory
missing value,sediment,sampling,ship_date,255,<empty>,\,/github/workspace/logsheets/filtered/sediment_sampling.csv,XSDDate,mandatory
missing value,sediment,sampling,ship_date,256,<empty>,\,/github/workspace/logsheets/filtered/sediment_sampling.csv,XSDDate,mandatory
missing value,sediment,sampling,ship_date,257,<empty>,\,/github/workspace/logsheets/filtered/sediment_sampling.csv,XSDDate,mandatory
missing value,sediment,sampling,ship_date,258,<empty>,\,/github/workspace/logsheets/filtered/sediment_sampling.csv,XSDDate,mandatory
missing value,sediment,sampling,ship_date,259,<empty>,\,/github/workspace/logsheets/filtered/sediment_sampling.csv,XSDDate,mandatory
missing value,sediment,sampling,ship_date,260,<empty>,\,/github/workspace/logsheets/filtered/sediment_sampling.csv,XSDDate,mandatory
missing value,sediment,sampling,ship_date,261,<empty>,\,/github/workspace/logsheets/filtered/sediment_sampling.csv,XSDDate,mandatory
missing value,sediment,sampling,ship_date,262,<empty>,\,/github/workspace/logsheets/filtered/sediment_sampling.csv,XSDDate,mandatory
missing value,sediment,sampling,ship_date_seq,2,<empty>,\,/github/workspace/logsheets/filtered/sediment_sampling.csv,XSDDate,mandatory
missing value,sediment,sampling,ship_date_seq,3,<empty>,\,/github/workspace/logsheets/filtered/sediment_sampling.csv,XSDDate,mandatory
missing value,sediment,sampling,ship_date_seq,4,<empty>,\,/github/workspace/logsheets/filtered/sediment_sampling.csv,XSDDate,mandatory
missing value,sediment,sampling,ship_date_seq,7,<empty>,\,/github/workspace/logsheets/filtered/sediment_sampling.csv,XSDDate,mandatory
missing value,sediment,sampling,ship_date_seq,8,<empty>,\,/github/workspace/logsheets/filtered/sediment_sampling.csv,XSDDate,mandatory
missing value,sediment,sampling,ship_date_seq,9,<empty>,\,/github/workspace/logsheets/filtered/sediment_sampling.csv,XSDDate,mandatory
missing value,sediment,sampling,ship_date_seq,12,<empty>,\,/github/workspace/logsheets/filtered/sediment_sampling.csv,XSDDate,mandatory
missing value,sediment,sampling,ship_date_seq,13,<empty>,\,/github/workspace/logsheets/filtered/sediment_sampling.csv,XSDDate,mandatory
missing value,sediment,sampling,ship_date_seq,16,<empty>,\,/github/workspace/logsheets/filtered/sediment_sampling.csv,XSDDate,mandatory
missing value,sediment,sampling,ship_date_seq,17,<empty>,\,/github/workspace/logsheets/filtered/sediment_sampling.csv,XSDDate,mandatory
missing value,sediment,sampling,ship_date_seq,18,<empty>,\,/github/workspace/logsheets/filtered/sediment_sampling.csv,XSDDate,mandatory
missing value,sediment,sampling,ship_date_seq,212,<empty>,\,/github/workspace/logsheets/filtered/sediment_sampling.csv,XSDDate,mandatory
missing value,sediment,sampling,ship_date_seq,213,<empty>,\,/github/workspace/logsheets/filtered/sediment_sampling.csv,XSDDate,mandatory
missing value,sediment,sampling,ship_date_seq,214,<empty>,\,/github/workspace/logsheets/filtered/sediment_sampling.csv,XSDDate,mandatory
missing value,sediment,sampling,ship_date_seq,215,<empty>,\,/github/workspace/logsheets/filtered/sediment_sampling.csv,XSDDate,mandatory
missing value,sediment,sampling,ship_date_seq,216,<empty>,\,/github/workspace/logsheets/filtered/sediment_sampling.csv,XSDDate,mandatory
missing value,sediment,sampling,ship_date_seq,217,<empty>,\,/github/workspace/logsheets/filtered/sediment_sampling.csv,XSDDate,mandatory
missing value,sediment,sampling,ship_date_seq,218,<empty>,\,/github/workspace/logsheets/filtered/sediment_sampling.csv,XSDDate,mandatory
missing value,sediment,sampling,ship_date_seq,219,<empty>,\,/github/workspace/logsheets/filtered/sediment_sampling.csv,XSDDate,mandatory
missing value,sediment,sampling,ship_date_seq,220,<empty>,\,/github/workspace/logsheets/filtered/sediment_sampling.csv,XSDDate,mandatory
missing value,sediment,sampling,ship_date_seq,221,<empty>,\,/github/workspace/logsheets/filtered/sediment_sampling.csv,XSDDate,mandatory
missing value,sediment,sampling,ship_date_seq,222,<empty>,\,/github/workspace/logsheets/filtered/sediment_sampling.csv,XSDDate,mandatory
missing value,sediment,sampling,ship_date_seq,223,<empty>,\,/github/workspace/logsheets/filtered/sediment_sampling.csv,XSDDate,mandatory
missing value,sediment,sampling,ship_date_seq,224,<empty>,\,/github/workspace/logsheets/filtered/sediment_sampling.csv,XSDDate,mandatory
missing value,sediment,sampling,ship_date_seq,225,<empty>,\,/github/workspace/logsheets/filtered/sediment_sampling.csv,XSDDate,mandatory
missing value,sediment,sampling,ship_date_seq,226,<empty>,\,/github/workspace/logsheets/filtered/sediment_sampling.csv,XSDDate,mandatory
missing value,sediment,sampling,ship_date_seq,227,<empty>,\,/github/workspace/logsheets/filtered/sediment_sampling.csv,XSDDate,mandatory
missing value,sediment,sampling,ship_date_seq,228,<empty>,\,/github/workspace/logsheets/filtered/sediment_sampling.csv,XSDDate,mandatory
missing value,sediment,sampling,ship_date_seq,229,<empty>,\,/github/workspace/logsheets/filtered/sediment_sampling.csv,XSDDate,mandatory
missing value,sediment,sampling,ship_date_seq,230,<empty>,\,/github/workspace/logsheets/filtered/sediment_sampling.csv,XSDDate,mandatory
missing value,sediment,sampling,ship_date_seq,231,<empty>,\,/github/workspace/logsheets/filtered/sediment_sampling.csv,XSDDate,mandatory
missing value,sediment,sampling,ship_date_seq,232,<empty>,\,/github/workspace/logsheets/filtered/sediment_sampling.csv,XSDDate,mandatory
missing value,sediment,sampling,ship_date_seq,233,<empty>,\,/github/workspace/logsheets/filtered/sediment_sampling.csv,XSDDate,mandatory
missing value,sediment,sampling,ship_date_seq,234,<empty>,\,/github/workspace/logsheets/filtered/sediment_sampling.csv,XSDDate,mandatory
missing value,sediment,sampling,ship_date_seq,235,<empty>,\,/github/workspace/logsheets/filtered/sediment_sampling.csv,XSDDate,mandatory
missing value,sediment,sampling,ship_date_seq,236,<empty>,\,/github/workspace/logsheets/filtered/sediment_sampling.csv,XSDDate,mandatory
missing value,sediment,sampling,ship_date_seq,237,<empty>,\,/github/workspace/logsheets/filtered/sediment_sampling.csv,XSDDate,mandatory
missing value,sediment,sampling,ship_date_seq,238,<empty>,\,/github/workspace/logsheets/filtered/sediment_sampling.csv,XSDDate,mandatory
missing value,sediment,sampling,ship_date_seq,239,<empty>,\,/github/workspace/logsheets/filtered/sediment_sampling.csv,XSDDate,mandatory
missing value,sediment,sampling,ship_date_seq,240,<empty>,\,/github/workspace/logsheets/filtered/sediment_sampling.csv,XSDDate,mandatory
missing value,sediment,sampling,ship_date_seq,241,<empty>,\,/github/workspace/logsheets/filtered/sediment_sampling.csv,XSDDate,mandatory
missing value,sediment,sampling,ship_date_seq,242,<empty>,\,/github/workspace/logsheets/filtered/sediment_sampling.csv,XSDDate,mandatory
missing value,sediment,sampling,ship_date_seq,243,<empty>,\,/github/workspace/logsheets/filtered/sediment_sampling.csv,XSDDate,mandatory
missing value,sediment,sampling,ship_date_seq,244,<empty>,\,/github/workspace/logsheets/filtered/sediment_sampling.csv,XSDDate,mandatory
missing value,sediment,sampling,ship_date_seq,245,<empty>,\,/github/workspace/logsheets/filtered/sediment_sampling.csv,XSDDate,mandatory
missing value,sediment,sampling,ship_date_seq,246,<empty>,\,/github/workspace/logsheets/filtered/sediment_sampling.csv,XSDDate,mandatory
missing value,sediment,sampling,ship_date_seq,247,<empty>,\,/github/workspace/logsheets/filtered/sediment_sampling.csv,XSDDate,mandatory
missing value,sediment,sampling,ship_date_seq,248,<empty>,\,/github/workspace/logsheets/filtered/sediment_sampling.csv,XSDDate,mandatory
missing value,sediment,sampling,ship_date_seq,249,<empty>,\,/github/workspace/logsheets/filtered/sediment_sampling.csv,XSDDate,mandatory
missing value,sediment,sampling,ship_date_seq,250,<empty>,\,/github/workspace/logsheets/filtered/sediment_sampling.csv,XSDDate,mandatory
missing value,sediment,sampling,ship_date_seq,251,<empty>,\,/github/workspace/logsheets/filtered/sediment_sampling.csv,XSDDate,mandatory
missing value,sediment,sampling,ship_date_seq,252,<empty>,\,/github/workspace/logsheets/filtered/sediment_sampling.csv,XSDDate,mandatory
missing value,sediment,sampling,ship_date_seq,253,<empty>,\,/github/workspace/logsheets/filtered/sediment_sampling.csv,XSDDate,mandatory
missing value,sediment,sampling,ship_date_seq,254,<empty>,\,/github/workspace/logsheets/filtered/sediment_sampling.csv,XSDDate,mandatory
missing value,sediment,sampling,ship_date_seq,255,<empty>,\,/github/workspace/logsheets/filtered/sediment_sampling.csv,XSDDate,mandatory
missing value,sediment,sampling,ship_date_seq,256,<empty>,\,/github/workspace/logsheets/filtered/sediment_sampling.csv,XSDDate,mandatory
missing value,sediment,sampling,ship_date_seq,257,<empty>,\,/github/workspace/logsheets/filtered/sediment_sampling.csv,XSDDate,mandatory
missing value,sediment,sampling,ship_date_seq,258,<empty>,\,/github/workspace/logsheets/filtered/sediment_sampling.csv,XSDDate,mandatory
missing value,sediment,sampling,ship_date_seq,259,<empty>,\,/github/workspace/logsheets/filtered/sediment_sampling.csv,XSDDate,mandatory
missing value,sediment,sampling,ship_date_seq,260,<empty>,\,/github/workspace/logsheets/filtered/sediment_sampling.csv,XSDDate,mandatory
missing value,sediment,sampling,ship_date_seq,261,<empty>,\,/github/workspace/logsheets/filtered/sediment_sampling.csv,XSDDate,mandatory
missing value,sediment,sampling,ship_date_seq,262,<empty>,\,/github/workspace/logsheets/filtered/sediment_sampling.csv,XSDDate,mandatory
missing value,sediment,sampling,size_frac_low,5,<empty>,\,/github/workspace/logsheets/filtered/sediment_sampling.csv,XSDDouble,mandatory
missing value,sediment,sampling,size_frac_low,6,<empty>,\,/github/workspace/logsheets/filtered/sediment_sampling.csv,XSDDouble,mandatory
missing value,sediment,sampling,size_frac_low,7,<empty>,\,/github/workspace/logsheets/filtered/sediment_sampling.csv,XSDDouble,mandatory
missing value,sediment,sampling,size_frac_low,8,<empty>,\,/github/workspace/logsheets/filtered/sediment_sampling.csv,XSDDouble,mandatory
missing value,sediment,sampling,size_frac_low,9,<empty>,\,/github/workspace/logsheets/filtered/sediment_sampling.csv,XSDDouble,mandatory
missing value,sediment,sampling,size_frac_low,14,<empty>,\,/github/workspace/logsheets/filtered/sediment_sampling.csv,XSDDouble,mandatory
missing value,sediment,sampling,size_frac_low,15,<empty>,\,/github/workspace/logsheets/filtered/sediment_sampling.csv,XSDDouble,mandatory
missing value,sediment,sampling,size_frac_low,16,<empty>,\,/github/workspace/logsheets/filtered/sediment_sampling.csv,XSDDouble,mandatory
missing value,sediment,sampling,size_frac_low,17,<empty>,\,/github/workspace/logsheets/filtered/sediment_sampling.csv,XSDDouble,mandatory
missing value,sediment,sampling,size_frac_low,18,<empty>,\,/github/workspace/logsheets/filtered/sediment_sampling.csv,XSDDouble,mandatory
missing value,sediment,sampling,size_frac_low,212,<empty>,\,/github/workspace/logsheets/filtered/sediment_sampling.csv,XSDDouble,mandatory
missing value,sediment,sampling,size_frac_low,213,<empty>,\,/github/workspace/logsheets/filtered/sediment_sampling.csv,XSDDouble,mandatory
missing value,sediment,sampling,size_frac_low,214,<empty>,\,/github/workspace/logsheets/filtered/sediment_sampling.csv,XSDDouble,mandatory
missing value,sediment,sampling,size_frac_low,215,<empty>,\,/github/workspace/logsheets/filtered/sediment_sampling.csv,XSDDouble,mandatory
missing value,sediment,sampling,size_frac_low,216,<empty>,\,/github/workspace/logsheets/filtered/sediment_sampling.csv,XSDDouble,mandatory
missing value,sediment,sampling,size_frac_low,217,<empty>,\,/github/workspace/logsheets/filtered/sediment_sampling.csv,XSDDouble,mandatory
missing value,sediment,sampling,size_frac_low,218,<empty>,\,/github/workspace/logsheets/filtered/sediment_sampling.csv,XSDDouble,mandatory
missing value,sediment,sampling,size_frac_low,219,<empty>,\,/github/workspace/logsheets/filtered/sediment_sampling.csv,XSDDouble,mandatory
missing value,sediment,sampling,size_frac_low,220,<empty>,\,/github/workspace/logsheets/filtered/sediment_sampling.csv,XSDDouble,mandatory
missing value,sediment,sampling,size_frac_low,221,<empty>,\,/github/workspace/logsheets/filtered/sediment_sampling.csv,XSDDouble,mandatory
missing value,sediment,sampling,size_frac_low,222,<empty>,\,/github/workspace/logsheets/filtered/sediment_sampling.csv,XSDDouble,mandatory
missing value,sediment,sampling,size_frac_low,223,<empty>,\,/github/workspace/logsheets/filtered/sediment_sampling.csv,XSDDouble,mandatory
missing value,sediment,sampling,size_frac_low,224,<empty>,\,/github/workspace/logsheets/filtered/sediment_sampling.csv,XSDDouble,mandatory
missing value,sediment,sampling,size_frac_low,225,<empty>,\,/github/workspace/logsheets/filtered/sediment_sampling.csv,XSDDouble,mandatory
missing value,sediment,sampling,size_frac_low,226,<empty>,\,/github/workspace/logsheets/filtered/sediment_sampling.csv,XSDDouble,mandatory
missing value,sediment,sampling,size_frac_low,227,<empty>,\,/github/workspace/logsheets/filtered/sediment_sampling.csv,XSDDouble,mandatory
missing value,sediment,sampling,size_frac_low,228,<empty>,\,/github/workspace/logsheets/filtered/sediment_sampling.csv,XSDDouble,mandatory
missing value,sediment,sampling,size_frac_low,229,<empty>,\,/github/workspace/logsheets/filtered/sediment_sampling.csv,XSDDouble,mandatory
missing value,sediment,sampling,size_frac_low,230,<empty>,\,/github/workspace/logsheets/filtered/sediment_sampling.csv,XSDDouble,mandatory
missing value,sediment,sampling,size_frac_low,231,<empty>,\,/github/workspace/logsheets/filtered/sediment_sampling.csv,XSDDouble,mandatory
missing value,sediment,sampling,size_frac_low,232,<empty>,\,/github/workspace/logsheets/filtered/sediment_sampling.csv,XSDDouble,mandatory
missing value,sediment,sampling,size_frac_low,233,<empty>,\,/github/workspace/logsheets/filtered/sediment_sampling.csv,XSDDouble,mandatory
missing value,sediment,sampling,size_frac_low,234,<empty>,\,/github/workspace/logsheets/filtered/sediment_sampling.csv,XSDDouble,mandatory
missing value,sediment,sampling,size_frac_low,235,<empty>,\,/github/workspace/logsheets/filtered/sediment_sampling.csv,XSDDouble,mandatory
missing value,sediment,sampling,size_frac_low,236,<empty>,\,/github/workspace/logsheets/filtered/sediment_sampling.csv,XSDDouble,mandatory
missing value,sediment,sampling,size_frac_low,237,<empty>,\,/github/workspace/logsheets/filtered/sediment_sampling.csv,XSDDouble,mandatory
missing value,sediment,sampling,size_frac_low,238,<empty>,\,/github/workspace/logsheets/filtered/sediment_sampling.csv,XSDDouble,mandatory
missing value,sediment,sampling,size_frac_low,239,<empty>,\,/github/workspace/logsheets/filtered/sediment_sampling.csv,XSDDouble,mandatory
missing value,sediment,sampling,size_frac_low,240,<empty>,\,/github/workspace/logsheets/filtered/sediment_sampling.csv,XSDDouble,mandatory
missing value,sediment,sampling,size_frac_low,241,<empty>,\,/github/workspace/logsheets/filtered/sediment_sampling.csv,XSDDouble,mandatory
missing value,sediment,sampling,size_frac_low,242,<empty>,\,/github/workspace/logsheets/filtered/sediment_sampling.csv,XSDDouble,mandatory
missing value,sediment,sampling,size_frac_low,243,<empty>,\,/github/workspace/logsheets/filtered/sediment_sampling.csv,XSDDouble,mandatory
missing value,sediment,sampling,size_frac_low,244,<empty>,\,/github/workspace/logsheets/filtered/sediment_sampling.csv,XSDDouble,mandatory
missing value,sediment,sampling,size_frac_low,245,<empty>,\,/github/workspace/logsheets/filtered/sediment_sampling.csv,XSDDouble,mandatory
missing value,sediment,sampling,size_frac_low,246,<empty>,\,/github/workspace/logsheets/filtered/sediment_sampling.csv,XSDDouble,mandatory
missing value,sediment,sampling,size_frac_low,247,<empty>,\,/github/workspace/logsheets/filtered/sediment_sampling.csv,XSDDouble,mandatory
missing value,sediment,sampling,size_frac_low,248,<empty>,\,/github/workspace/logsheets/filtered/sediment_sampling.csv,XSDDouble,mandatory
missing value,sediment,sampling,size_frac_low,249,<empty>,\,/github/workspace/logsheets/filtered/sediment_sampling.csv,XSDDouble,mandatory
missing value,sediment,sampling,size_frac_low,250,<empty>,\,/github/workspace/logsheets/filtered/sediment_sampling.csv,XSDDouble,mandatory
missing value,sediment,sampling,size_frac_low,251,<empty>,\,/github/workspace/logsheets/filtered/sediment_sampling.csv,XSDDouble,mandatory
missing value,sediment,sampling,size_frac_low,252,<empty>,\,/github/workspace/logsheets/filtered/sediment_sampling.csv,XSDDouble,mandatory
missing value,sediment,sampling,size_frac_low,253,<empty>,\,/github/workspace/logsheets/filtered/sediment_sampling.csv,XSDDouble,mandatory
missing value,sediment,sampling,size_frac_low,254,<empty>,\,/github/workspace/logsheets/filtered/sediment_sampling.csv,XSDDouble,mandatory
missing value,sediment,sampling,size_frac_low,255,<empty>,\,/github/workspace/logsheets/filtered/sediment_sampling.csv,XSDDouble,mandatory
missing value,sediment,sampling,size_frac_low,256,<empty>,\,/github/workspace/logsheets/filtered/sediment_sampling.csv,XSDDouble,mandatory
missing value,sediment,sampling,size_frac_low,257,<empty>,\,/github/workspace/logsheets/filtered/sediment_sampling.csv,XSDDouble,mandatory
missing value,sediment,sampling,size_frac_low,258,<empty>,\,/github/workspace/logsheets/filtered/sediment_sampling.csv,XSDDouble,mandatory
missing value,sediment,sampling,size_frac_low,259,<empty>,\,/github/workspace/logsheets/filtered/sediment_sampling.csv,XSDDouble,mandatory
missing value,sediment,sampling,size_frac_low,260,<empty>,\,/github/workspace/logsheets/filtered/sediment_sampling.csv,XSDDouble,mandatory
missing value,sediment,sampling,size_frac_low,261,<empty>,\,/github/workspace/logsheets/filtered/sediment_sampling.csv,XSDDouble,mandatory
missing value,sediment,sampling,size_frac_low,262,<empty>,\,/github/workspace/logsheets/filtered/sediment_sampling.csv,XSDDouble,mandatory
missing value,sediment,sampling,size_frac_up,1,<empty>,\,/github/workspace/logsheets/filtered/sediment_sampling.csv,XSDDouble,mandatory
missing value,sediment,sampling,size_frac_up,2,<empty>,\,/github/workspace/logsheets/filtered/sediment_sampling.csv,XSDDouble,mandatory
missing value,sediment,sampling,size_frac_up,3,<empty>,\,/github/workspace/logsheets/filtered/sediment_sampling.csv,XSDDouble,mandatory
missing value,sediment,sampling,size_frac_up,4,<empty>,\,/github/workspace/logsheets/filtered/sediment_sampling.csv,XSDDouble,mandatory
missing value,sediment,sampling,size_frac_up,5,<empty>,\,/github/workspace/logsheets/filtered/sediment_sampling.csv,XSDDouble,mandatory
missing value,sediment,sampling,size_frac_up,6,<empty>,\,/github/workspace/logsheets/filtered/sediment_sampling.csv,XSDDouble,mandatory
missing value,sediment,sampling,size_frac_up,7,<empty>,\,/github/workspace/logsheets/filtered/sediment_sampling.csv,XSDDouble,mandatory
missing value,sediment,sampling,size_frac_up,8,<empty>,\,/github/workspace/logsheets/filtered/sediment_sampling.csv,XSDDouble,mandatory
missing value,sediment,sampling,size_frac_up,9,<empty>,\,/github/workspace/logsheets/filtered/sediment_sampling.csv,XSDDouble,mandatory
missing value,sediment,sampling,size_frac_up,10,<empty>,\,/github/workspace/logsheets/filtered/sediment_sampling.csv,XSDDouble,mandatory
missing value,sediment,sampling,size_frac_up,11,<empty>,\,/github/workspace/logsheets/filtered/sediment_sampling.csv,XSDDouble,mandatory
missing value,sediment,sampling,size_frac_up,12,<empty>,\,/github/workspace/logsheets/filtered/sediment_sampling.csv,XSDDouble,mandatory
missing value,sediment,sampling,size_frac_up,13,<empty>,\,/github/workspace/logsheets/filtered/sediment_sampling.csv,XSDDouble,mandatory
missing value,sediment,sampling,size_frac_up,14,<empty>,\,/github/workspace/logsheets/filtered/sediment_sampling.csv,XSDDouble,mandatory
missing value,sediment,sampling,size_frac_up,15,<empty>,\,/github/workspace/logsheets/filtered/sediment_sampling.csv,XSDDouble,mandatory
missing value,sediment,sampling,size_frac_up,16,<empty>,\,/github/workspace/logsheets/filtered/sediment_sampling.csv,XSDDouble,mandatory
missing value,sediment,sampling,size_frac_up,17,<empty>,\,/github/workspace/logsheets/filtered/sediment_sampling.csv,XSDDouble,mandatory
missing value,sediment,sampling,size_frac_up,18,<empty>,\,/github/workspace/logsheets/filtered/sediment_sampling.csv,XSDDouble,mandatory
missing value,sediment,sampling,size_frac_up,212,<empty>,\,/github/workspace/logsheets/filtered/sediment_sampling.csv,XSDDouble,mandatory
missing value,sediment,sampling,size_frac_up,213,<empty>,\,/github/workspace/logsheets/filtered/sediment_sampling.csv,XSDDouble,mandatory
missing value,sediment,sampling,size_frac_up,214,<empty>,\,/github/workspace/logsheets/filtered/sediment_sampling.csv,XSDDouble,mandatory
missing value,sediment,sampling,size_frac_up,215,<empty>,\,/github/workspace/logsheets/filtered/sediment_sampling.csv,XSDDouble,mandatory
missing value,sediment,sampling,size_frac_up,216,<empty>,\,/github/workspace/logsheets/filtered/sediment_sampling.csv,XSDDouble,mandatory
missing value,sediment,sampling,size_frac_up,217,<empty>,\,/github/workspace/logsheets/filtered/sediment_sampling.csv,XSDDouble,mandatory
missing value,sediment,sampling,size_frac_up,218,<empty>,\,/github/workspace/logsheets/filtered/sediment_sampling.csv,XSDDouble,mandatory
missing value,sediment,sampling,size_frac_up,219,<empty>,\,/github/workspace/logsheets/filtered/sediment_sampling.csv,XSDDouble,mandatory
missing value,sediment,sampling,size_frac_up,220,<empty>,\,/github/workspace/logsheets/filtered/sediment_sampling.csv,XSDDouble,mandatory
missing value,sediment,sampling,size_frac_up,221,<empty>,\,/github/workspace/logsheets/filtered/sediment_sampling.csv,XSDDouble,mandatory
missing value,sediment,sampling,size_frac_up,222,<empty>,\,/github/workspace/logsheets/filtered/sediment_sampling.csv,XSDDouble,mandatory
missing value,sediment,sampling,size_frac_up,223,<empty>,\,/github/workspace/logsheets/filtered/sediment_sampling.csv,XSDDouble,mandatory
missing value,sediment,sampling,size_frac_up,224,<empty>,\,/github/workspace/logsheets/filtered/sediment_sampling.csv,XSDDouble,mandatory
missing value,sediment,sampling,size_frac_up,225,<empty>,\,/github/workspace/logsheets/filtered/sediment_sampling.csv,XSDDouble,mandatory
missing value,sediment,sampling,size_frac_up,226,<empty>,\,/github/workspace/logsheets/filtered/sediment_sampling.csv,XSDDouble,mandatory
missing value,sediment,sampling,size_frac_up,227,<empty>,\,/github/workspace/logsheets/filtered/sediment_sampling.csv,XSDDouble,mandatory
missing value,sediment,sampling,size_frac_up,228,<empty>,\,/github/workspace/logsheets/filtered/sediment_sampling.csv,XSDDouble,mandatory
missing value,sediment,sampling,size_frac_up,229,<empty>,\,/github/workspace/logsheets/filtered/sediment_sampling.csv,XSDDouble,mandatory
missing value,sediment,sampling,size_frac_up,230,<empty>,\,/github/workspace/logsheets/filtered/sediment_sampling.csv,XSDDouble,mandatory
missing value,sediment,sampling,size_frac_up,231,<empty>,\,/github/workspace/logsheets/filtered/sediment_sampling.csv,XSDDouble,mandatory
missing value,sediment,sampling,size_frac_up,232,<empty>,\,/github/workspace/logsheets/filtered/sediment_sampling.csv,XSDDouble,mandatory
missing value,sediment,sampling,size_frac_up,233,<empty>,\,/github/workspace/logsheets/filtered/sediment_sampling.csv,XSDDouble,mandatory
missing value,sediment,sampling,size_frac_up,234,<empty>,\,/github/workspace/logsheets/filtered/sediment_sampling.csv,XSDDouble,mandatory
missing value,sediment,sampling,size_frac_up,235,<empty>,\,/github/workspace/logsheets/filtered/sediment_sampling.csv,XSDDouble,mandatory
missing value,sediment,sampling,size_frac_up,236,<empty>,\,/github/workspace/logsheets/filtered/sediment_sampling.csv,XSDDouble,mandatory
missing value,sediment,sampling,size_frac_up,237,<empty>,\,/github/workspace/logsheets/filtered/sediment_sampling.csv,XSDDouble,mandatory
missing value,sediment,sampling,size_frac_up,238,<empty>,\,/github/workspace/logsheets/filtered/sediment_sampling.csv,XSDDouble,mandatory
missing value,sediment,sampling,size_frac_up,239,<empty>,\,/github/workspace/logsheets/filtered/sediment_sampling.csv,XSDDouble,mandatory
missing value,sediment,sampling,size_frac_up,240,<empty>,\,/github/workspace/logsheets/filtered/sediment_sampling.csv,XSDDouble,mandatory
missing value,sediment,sampling,size_frac_up,241,<empty>,\,/github/workspace/logsheets/filtered/sediment_sampling.csv,XSDDouble,mandatory
missing value,sediment,sampling,size_frac_up,242,<empty>,\,/github/workspace/logsheets/filtered/sediment_sampling.csv,XSDDouble,mandatory
missing value,sediment,sampling,size_frac_up,243,<empty>,\,/github/workspace/logsheets/filtered/sediment_sampling.csv,XSDDouble,mandatory
missing value,sediment,sampling,size_frac_up,244,<empty>,\,/github/workspace/logsheets/filtered/sediment_sampling.csv,XSDDouble,mandatory
missing value,sediment,sampling,size_frac_up,245,<empty>,\,/github/workspace/logsheets/filtered/sediment_sampling.csv,XSDDouble,mandatory
missing value,sediment,sampling,size_frac_up,246,<empty>,\,/github/workspace/logsheets/filtered/sediment_sampling.csv,XSDDouble,mandatory
missing value,sediment,sampling,size_frac_up,247,<empty>,\,/github/workspace/logsheets/filtered/sediment_sampling.csv,XSDDouble,mandatory
missing value,sediment,sampling,size_frac_up,248,<empty>,\,/github/workspace/logsheets/filtered/sediment_sampling.csv,XSDDouble,mandatory
missing value,sediment,sampling,size_frac_up,249,<empty>,\,/github/workspace/logsheets/filtered/sediment_sampling.csv,XSDDouble,mandatory
missing value,sediment,sampling,size_frac_up,250,<empty>,\,/github/workspace/logsheets/filtered/sediment_sampling.csv,XSDDouble,mandatory
missing value,sediment,sampling,size_frac_up,251,<empty>,\,/github/workspace/logsheets/filtered/sediment_sampling.csv,XSDDouble,mandatory
missing value,sediment,sampling,size_frac_up,252,<empty>,\,/github/workspace/logsheets/filtered/sediment_sampling.csv,XSDDouble,mandatory
missing value,sediment,sampling,size_frac_up,253,<empty>,\,/github/workspace/logsheets/filtered/sediment_sampling.csv,XSDDouble,mandatory
missing value,sediment,sampling,size_frac_up,254,<empty>,\,/github/workspace/logsheets/filtered/sediment_sampling.csv,XSDDouble,mandatory
missing value,sediment,sampling,size_frac_up,255,<empty>,\,/github/workspace/logsheets/filtered/sediment_sampling.csv,XSDDouble,mandatory
missing value,sediment,sampling,size_frac_up,256,<empty>,\,/github/workspace/logsheets/filtered/sediment_sampling.csv,XSDDouble,mandatory
missing value,sediment,sampling,size_frac_up,257,<empty>,\,/github/workspace/logsheets/filtered/sediment_sampling.csv,XSDDouble,mandatory
missing value,sediment,sampling,size_frac_up,258,<empty>,\,/github/workspace/logsheets/filtered/sediment_sampling.csv,XSDDouble,mandatory
missing value,sediment,sampling,size_frac_up,259,<empty>,\,/github/workspace/logsheets/filtered/sediment_sampling.csv,XSDDouble,mandatory
missing value,sediment,sampling,size_frac_up,260,<empty>,\,/github/workspace/logsheets/filtered/sediment_sampling.csv,XSDDouble,mandatory
missing value,sediment,sampling,size_frac_up,261,<empty>,\,/github/workspace/logsheets/filtered/sediment_sampling.csv,XSDDouble,mandatory
missing value,sediment,sampling,size_frac_up,262,<empty>,\,/github/workspace/logsheets/filtered/sediment_sampling.csv,XSDDouble,mandatory
missing value,sediment,sampling,store_person,212,<empty>,\,/github/workspace/logsheets/filtered/sediment_sampling.csv,XSDString,mandatory
missing value,sediment,sampling,store_person,213,<empty>,\,/github/workspace/logsheets/filtered/sediment_sampling.csv,XSDString,mandatory
missing value,sediment,sampling,store_person,214,<empty>,\,/github/workspace/logsheets/filtered/sediment_sampling.csv,XSDString,mandatory
missing value,sediment,sampling,store_person,215,<empty>,\,/github/workspace/logsheets/filtered/sediment_sampling.csv,XSDString,mandatory
missing value,sediment,sampling,store_person,216,<empty>,\,/github/workspace/logsheets/filtered/sediment_sampling.csv,XSDString,mandatory
missing value,sediment,sampling,store_person,217,<empty>,\,/github/workspace/logsheets/filtered/sediment_sampling.csv,XSDString,mandatory
missing value,sediment,sampling,store_person,218,<empty>,\,/github/workspace/logsheets/filtered/sediment_sampling.csv,XSDString,mandatory
missing value,sediment,sampling,store_person,219,<empty>,\,/github/workspace/logsheets/filtered/sediment_sampling.csv,XSDString,mandatory
missing value,sediment,sampling,store_person,220,<empty>,\,/github/workspace/logsheets/filtered/sediment_sampling.csv,XSDString,mandatory
missing value,sediment,sampling,store_person,221,<empty>,\,/github/workspace/logsheets/filtered/sediment_sampling.csv,XSDString,mandatory
missing value,sediment,sampling,store_person,222,<empty>,\,/github/workspace/logsheets/filtered/sediment_sampling.csv,XSDString,mandatory
missing value,sediment,sampling,store_person,223,<empty>,\,/github/workspace/logsheets/filtered/sediment_sampling.csv,XSDString,mandatory
missing value,sediment,sampling,store_person,224,<empty>,\,/github/workspace/logsheets/filtered/sediment_sampling.csv,XSDString,mandatory
missing value,sediment,sampling,store_person,225,<empty>,\,/github/workspace/logsheets/filtered/sediment_sampling.csv,XSDString,mandatory
missing value,sediment,sampling,store_person,226,<empty>,\,/github/workspace/logsheets/filtered/sediment_sampling.csv,XSDString,mandatory
missing value,sediment,sampling,store_person,227,<empty>,\,/github/workspace/logsheets/filtered/sediment_sampling.csv,XSDString,mandatory
missing value,sediment,sampling,store_person,228,<empty>,\,/github/workspace/logsheets/filtered/sediment_sampling.csv,XSDString,mandatory
missing value,sediment,sampling,store_person,229,<empty>,\,/github/workspace/logsheets/filtered/sediment_sampling.csv,XSDString,mandatory
missing value,sediment,sampling,store_person,230,<empty>,\,/github/workspace/logsheets/filtered/sediment_sampling.csv,XSDString,mandatory
missing value,sediment,sampling,store_person,231,<empty>,\,/github/workspace/logsheets/filtered/sediment_sampling.csv,XSDString,mandatory
missing value,sediment,sampling,store_person,232,<empty>,\,/github/workspace/logsheets/filtered/sediment_sampling.csv,XSDString,mandatory
missing value,sediment,sampling,store_person,233,<empty>,\,/github/workspace/logsheets/filtered/sediment_sampling.csv,XSDString,mandatory
missing value,sediment,sampling,store_person,234,<empty>,\,/github/workspace/logsheets/filtered/sediment_sampling.csv,XSDString,mandatory
missing value,sediment,sampling,store_person,235,<empty>,\,/github/workspace/logsheets/filtered/sediment_sampling.csv,XSDString,mandatory
missing value,sediment,sampling,store_person,236,<empty>,\,/github/workspace/logsheets/filtered/sediment_sampling.csv,XSDString,mandatory
missing value,sediment,sampling,store_person,237,<empty>,\,/github/workspace/logsheets/filtered/sediment_sampling.csv,XSDString,mandatory
missing value,sediment,sampling,store_person,238,<empty>,\,/github/workspace/logsheets/filtered/sediment_sampling.csv,XSDString,mandatory
missing value,sediment,sampling,store_person,239,<empty>,\,/github/workspace/logsheets/filtered/sediment_sampling.csv,XSDString,mandatory
missing value,sediment,sampling,store_person,240,<empty>,\,/github/workspace/logsheets/filtered/sediment_sampling.csv,XSDString,mandatory
missing value,sediment,sampling,store_person,241,<empty>,\,/github/workspace/logsheets/filtered/sediment_sampling.csv,XSDString,mandatory
missing value,sediment,sampling,store_person,242,<empty>,\,/github/workspace/logsheets/filtered/sediment_sampling.csv,XSDString,mandatory
missing value,sediment,sampling,store_person,243,<empty>,\,/github/workspace/logsheets/filtered/sediment_sampling.csv,XSDString,mandatory
missing value,sediment,sampling,store_person,244,<empty>,\,/github/workspace/logsheets/filtered/sediment_sampling.csv,XSDString,mandatory
missing value,sediment,sampling,store_person,245,<empty>,\,/github/workspace/logsheets/filtered/sediment_sampling.csv,XSDString,mandatory
missing value,sediment,sampling,store_person,246,<empty>,\,/github/workspace/logsheets/filtered/sediment_sampling.csv,XSDString,mandatory
missing value,sediment,sampling,store_person,247,<empty>,\,/github/workspace/logsheets/filtered/sediment_sampling.csv,XSDString,mandatory
missing value,sediment,sampling,store_person,248,<empty>,\,/github/workspace/logsheets/filtered/sediment_sampling.csv,XSDString,mandatory
missing value,sediment,sampling,store_person,249,<empty>,\,/github/workspace/logsheets/filtered/sediment_sampling.csv,XSDString,mandatory
missing value,sediment,sampling,store_person,250,<empty>,\,/github/workspace/logsheets/filtered/sediment_sampling.csv,XSDString,mandatory
missing value,sediment,sampling,store_person,251,<empty>,\,/github/workspace/logsheets/filtered/sediment_sampling.csv,XSDString,mandatory
missing value,sediment,sampling,store_person,252,<empty>,\,/github/workspace/logsheets/filtered/sediment_sampling.csv,XSDString,mandatory
missing value,sediment,sampling,store_person,253,<empty>,\,/github/workspace/logsheets/filtered/sediment_sampling.csv,XSDString,mandatory
missing value,sediment,sampling,store_person,254,<empty>,\,/github/workspace/logsheets/filtered/sediment_sampling.csv,XSDString,mandatory
missing value,sediment,sampling,store_person,255,<empty>,\,/github/workspace/logsheets/filtered/sediment_sampling.csv,XSDString,mandatory
missing value,sediment,sampling,store_person,256,<empty>,\,/github/workspace/logsheets/filtered/sediment_sampling.csv,XSDString,mandatory
missing value,sediment,sampling,store_person,257,<empty>,\,/github/workspace/logsheets/filtered/sediment_sampling.csv,XSDString,mandatory
missing value,sediment,sampling,store_person,258,<empty>,\,/github/workspace/logsheets/filtered/sediment_sampling.csv,XSDString,mandatory
missing value,sediment,sampling,store_person,259,<empty>,\,/github/workspace/logsheets/filtered/sediment_sampling.csv,XSDString,mandatory
missing value,sediment,sampling,store_person,260,<empty>,\,/github/workspace/logsheets/filtered/sediment_sampling.csv,XSDString,mandatory
missing value,sediment,sampling,store_person,261,<empty>,\,/github/workspace/logsheets/filtered/sediment_sampling.csv,XSDString,mandatory
missing value,sediment,sampling,store_person,262,<empty>,\,/github/workspace/logsheets/filtered/sediment_sampling.csv,XSDString,mandatory
missing value,sediment,sampling,store_temp_hq,2,<empty>,\,/github/workspace/logsheets/filtered/sediment_sampling.csv,XSDDouble,mandatory
missing value,sediment,sampling,store_temp_hq,3,<empty>,\,/github/workspace/logsheets/filtered/sediment_sampling.csv,XSDDouble,mandatory
missing value,sediment,sampling,store_temp_hq,4,<empty>,\,/github/workspace/logsheets/filtered/sediment_sampling.csv,XSDDouble,mandatory
missing value,sediment,sampling,store_temp_hq,7,<empty>,\,/github/workspace/logsheets/filtered/sediment_sampling.csv,XSDDouble,mandatory
missing value,sediment,sampling,store_temp_hq,8,<empty>,\,/github/workspace/logsheets/filtered/sediment_sampling.csv,XSDDouble,mandatory
missing value,sediment,sampling,store_temp_hq,9,<empty>,\,/github/workspace/logsheets/filtered/sediment_sampling.csv,XSDDouble,mandatory
missing value,sediment,sampling,store_temp_hq,12,<empty>,\,/github/workspace/logsheets/filtered/sediment_sampling.csv,XSDDouble,mandatory
missing value,sediment,sampling,store_temp_hq,13,<empty>,\,/github/workspace/logsheets/filtered/sediment_sampling.csv,XSDDouble,mandatory
missing value,sediment,sampling,store_temp_hq,16,<empty>,\,/github/workspace/logsheets/filtered/sediment_sampling.csv,XSDDouble,mandatory
missing value,sediment,sampling,store_temp_hq,17,<empty>,\,/github/workspace/logsheets/filtered/sediment_sampling.csv,XSDDouble,mandatory
missing value,sediment,sampling,store_temp_hq,18,<empty>,\,/github/workspace/logsheets/filtered/sediment_sampling.csv,XSDDouble,mandatory
missing value,sediment,sampling,store_temp_hq,212,<empty>,\,/github/workspace/logsheets/filtered/sediment_sampling.csv,XSDDouble,mandatory
missing value,sediment,sampling,store_temp_hq,213,<empty>,\,/github/workspace/logsheets/filtered/sediment_sampling.csv,XSDDouble,mandatory
missing value,sediment,sampling,store_temp_hq,214,<empty>,\,/github/workspace/logsheets/filtered/sediment_sampling.csv,XSDDouble,mandatory
missing value,sediment,sampling,store_temp_hq,215,<empty>,\,/github/workspace/logsheets/filtered/sediment_sampling.csv,XSDDouble,mandatory
missing value,sediment,sampling,store_temp_hq,216,<empty>,\,/github/workspace/logsheets/filtered/sediment_sampling.csv,XSDDouble,mandatory
missing value,sediment,sampling,store_temp_hq,217,<empty>,\,/github/workspace/logsheets/filtered/sediment_sampling.csv,XSDDouble,mandatory
missing value,sediment,sampling,store_temp_hq,218,<empty>,\,/github/workspace/logsheets/filtered/sediment_sampling.csv,XSDDouble,mandatory
missing value,sediment,sampling,store_temp_hq,219,<empty>,\,/github/workspace/logsheets/filtered/sediment_sampling.csv,XSDDouble,mandatory
missing value,sediment,sampling,store_temp_hq,220,<empty>,\,/github/workspace/logsheets/filtered/sediment_sampling.csv,XSDDouble,mandatory
missing value,sediment,sampling,store_temp_hq,221,<empty>,\,/github/workspace/logsheets/filtered/sediment_sampling.csv,XSDDouble,mandatory
missing value,sediment,sampling,store_temp_hq,222,<empty>,\,/github/workspace/logsheets/filtered/sediment_sampling.csv,XSDDouble,mandatory
missing value,sediment,sampling,store_temp_hq,223,<empty>,\,/github/workspace/logsheets/filtered/sediment_sampling.csv,XSDDouble,mandatory
missing value,sediment,sampling,store_temp_hq,224,<empty>,\,/github/workspace/logsheets/filtered/sediment_sampling.csv,XSDDouble,mandatory
missing value,sediment,sampling,store_temp_hq,225,<empty>,\,/github/workspace/logsheets/filtered/sediment_sampling.csv,XSDDouble,mandatory
missing value,sediment,sampling,store_temp_hq,226,<empty>,\,/github/workspace/logsheets/filtered/sediment_sampling.csv,XSDDouble,mandatory
missing value,sediment,sampling,store_temp_hq,227,<empty>,\,/github/workspace/logsheets/filtered/sediment_sampling.csv,XSDDouble,mandatory
missing value,sediment,sampling,store_temp_hq,228,<empty>,\,/github/workspace/logsheets/filtered/sediment_sampling.csv,XSDDouble,mandatory
missing value,sediment,sampling,store_temp_hq,229,<empty>,\,/github/workspace/logsheets/filtered/sediment_sampling.csv,XSDDouble,mandatory
missing value,sediment,sampling,store_temp_hq,230,<empty>,\,/github/workspace/logsheets/filtered/sediment_sampling.csv,XSDDouble,mandatory
missing value,sediment,sampling,store_temp_hq,231,<empty>,\,/github/workspace/logsheets/filtered/sediment_sampling.csv,XSDDouble,mandatory
missing value,sediment,sampling,store_temp_hq,232,<empty>,\,/github/workspace/logsheets/filtered/sediment_sampling.csv,XSDDouble,mandatory
missing value,sediment,sampling,store_temp_hq,233,<empty>,\,/github/workspace/logsheets/filtered/sediment_sampling.csv,XSDDouble,mandatory
missing value,sediment,sampling,store_temp_hq,234,<empty>,\,/github/workspace/logsheets/filtered/sediment_sampling.csv,XSDDouble,mandatory
missing value,sediment,sampling,store_temp_hq,235,<empty>,\,/github/workspace/logsheets/filtered/sediment_sampling.csv,XSDDouble,mandatory
missing value,sediment,sampling,store_temp_hq,236,<empty>,\,/github/workspace/logsheets/filtered/sediment_sampling.csv,XSDDouble,mandatory
missing value,sediment,sampling,store_temp_hq,237,<empty>,\,/github/workspace/logsheets/filtered/sediment_sampling.csv,XSDDouble,mandatory
missing value,sediment,sampling,store_temp_hq,238,<empty>,\,/github/workspace/logsheets/filtered/sediment_sampling.csv,XSDDouble,mandatory
missing value,sediment,sampling,store_temp_hq,239,<empty>,\,/github/workspace/logsheets/filtered/sediment_sampling.csv,XSDDouble,mandatory
missing value,sediment,sampling,store_temp_hq,240,<empty>,\,/github/workspace/logsheets/filtered/sediment_sampling.csv,XSDDouble,mandatory
missing value,sediment,sampling,store_temp_hq,241,<empty>,\,/github/workspace/logsheets/filtered/sediment_sampling.csv,XSDDouble,mandatory
missing value,sediment,sampling,store_temp_hq,242,<empty>,\,/github/workspace/logsheets/filtered/sediment_sampling.csv,XSDDouble,mandatory
missing value,sediment,sampling,store_temp_hq,243,<empty>,\,/github/workspace/logsheets/filtered/sediment_sampling.csv,XSDDouble,mandatory
missing value,sediment,sampling,store_temp_hq,244,<empty>,\,/github/workspace/logsheets/filtered/sediment_sampling.csv,XSDDouble,mandatory
missing value,sediment,sampling,store_temp_hq,245,<empty>,\,/github/workspace/logsheets/filtered/sediment_sampling.csv,XSDDouble,mandatory
missing value,sediment,sampling,store_temp_hq,246,<empty>,\,/github/workspace/logsheets/filtered/sediment_sampling.csv,XSDDouble,mandatory
missing value,sediment,sampling,store_temp_hq,247,<empty>,\,/github/workspace/logsheets/filtered/sediment_sampling.csv,XSDDouble,mandatory
missing value,sediment,sampling,store_temp_hq,248,<empty>,\,/github/workspace/logsheets/filtered/sediment_sampling.csv,XSDDouble,mandatory
missing value,sediment,sampling,store_temp_hq,249,<empty>,\,/github/workspace/logsheets/filtered/sediment_sampling.csv,XSDDouble,mandatory
missing value,sediment,sampling,store_temp_hq,250,<empty>,\,/github/workspace/logsheets/filtered/sediment_sampling.csv,XSDDouble,mandatory
missing value,sediment,sampling,store_temp_hq,251,<empty>,\,/github/workspace/logsheets/filtered/sediment_sampling.csv,XSDDouble,mandatory
missing value,sediment,sampling,store_temp_hq,252,<empty>,\,/github/workspace/logsheets/filtered/sediment_sampling.csv,XSDDouble,mandatory
missing value,sediment,sampling,store_temp_hq,253,<empty>,\,/github/workspace/logsheets/filtered/sediment_sampling.csv,XSDDouble,mandatory
missing value,sediment,sampling,store_temp_hq,254,<empty>,\,/github/workspace/logsheets/filtered/sediment_sampling.csv,XSDDouble,mandatory
missing value,sediment,sampling,store_temp_hq,255,<empty>,\,/github/workspace/logsheets/filtered/sediment_sampling.csv,XSDDouble,mandatory
missing value,sediment,sampling,store_temp_hq,256,<empty>,\,/github/workspace/logsheets/filtered/sediment_sampling.csv,XSDDouble,mandatory
missing value,sediment,sampling,store_temp_hq,257,<empty>,\,/github/workspace/logsheets/filtered/sediment_sampling.csv,XSDDouble,mandatory
missing value,sediment,sampling,store_temp_hq,258,<empty>,\,/github/workspace/logsheets/filtered/sediment_sampling.csv,XSDDouble,mandatory
missing value,sediment,sampling,store_temp_hq,259,<empty>,\,/github/workspace/logsheets/filtered/sediment_sampling.csv,XSDDouble,mandatory
missing value,sediment,sampling,store_temp_hq,260,<empty>,\,/github/workspace/logsheets/filtered/sediment_sampling.csv,XSDDouble,mandatory
missing value,sediment,sampling,store_temp_hq,261,<empty>,\,/github/workspace/logsheets/filtered/sediment_sampling.csv,XSDDouble,mandatory
missing value,sediment,sampling,store_temp_hq,262,<empty>,\,/github/workspace/logsheets/filtered/sediment_sampling.csv,XSDDouble,mandatory
missing value,sediment,sampling,tax_id,212,<empty>,\,/github/workspace/logsheets/filtered/sediment_sampling.csv,XSDAnyURI,mandatory
missing value,sediment,sampling,tax_id,213,<empty>,\,/github/workspace/logsheets/filtered/sediment_sampling.csv,XSDAnyURI,mandatory
missing value,sediment,sampling,tax_id,214,<empty>,\,/github/workspace/logsheets/filtered/sediment_sampling.csv,XSDAnyURI,mandatory
missing value,sediment,sampling,tax_id,215,<empty>,\,/github/workspace/logsheets/filtered/sediment_sampling.csv,XSDAnyURI,mandatory
missing value,sediment,sampling,tax_id,216,<empty>,\,/github/workspace/logsheets/filtered/sediment_sampling.csv,XSDAnyURI,mandatory
missing value,sediment,sampling,tax_id,217,<empty>,\,/github/workspace/logsheets/filtered/sediment_sampling.csv,XSDAnyURI,mandatory
missing value,sediment,sampling,tax_id,218,<empty>,\,/github/workspace/logsheets/filtered/sediment_sampling.csv,XSDAnyURI,mandatory
missing value,sediment,sampling,tax_id,219,<empty>,\,/github/workspace/logsheets/filtered/sediment_sampling.csv,XSDAnyURI,mandatory
missing value,sediment,sampling,tax_id,220,<empty>,\,/github/workspace/logsheets/filtered/sediment_sampling.csv,XSDAnyURI,mandatory
missing value,sediment,sampling,tax_id,221,<empty>,\,/github/workspace/logsheets/filtered/sediment_sampling.csv,XSDAnyURI,mandatory
missing value,sediment,sampling,tax_id,222,<empty>,\,/github/workspace/logsheets/filtered/sediment_sampling.csv,XSDAnyURI,mandatory
missing value,sediment,sampling,tax_id,223,<empty>,\,/github/workspace/logsheets/filtered/sediment_sampling.csv,XSDAnyURI,mandatory
missing value,sediment,sampling,tax_id,224,<empty>,\,/github/workspace/logsheets/filtered/sediment_sampling.csv,XSDAnyURI,mandatory
missing value,sediment,sampling,tax_id,225,<empty>,\,/github/workspace/logsheets/filtered/sediment_sampling.csv,XSDAnyURI,mandatory
missing value,sediment,sampling,tax_id,226,<empty>,\,/github/workspace/logsheets/filtered/sediment_sampling.csv,XSDAnyURI,mandatory
missing value,sediment,sampling,tax_id,227,<empty>,\,/github/workspace/logsheets/filtered/sediment_sampling.csv,XSDAnyURI,mandatory
missing value,sediment,sampling,tax_id,228,<empty>,\,/github/workspace/logsheets/filtered/sediment_sampling.csv,XSDAnyURI,mandatory
missing value,sediment,sampling,tax_id,229,<empty>,\,/github/workspace/logsheets/filtered/sediment_sampling.csv,XSDAnyURI,mandatory
missing value,sediment,sampling,tax_id,230,<empty>,\,/github/workspace/logsheets/filtered/sediment_sampling.csv,XSDAnyURI,mandatory
missing value,sediment,sampling,tax_id,231,<empty>,\,/github/workspace/logsheets/filtered/sediment_sampling.csv,XSDAnyURI,mandatory
missing value,sediment,sampling,tax_id,232,<empty>,\,/github/workspace/logsheets/filtered/sediment_sampling.csv,XSDAnyURI,mandatory
missing value,sediment,sampling,tax_id,233,<empty>,\,/github/workspace/logsheets/filtered/sediment_sampling.csv,XSDAnyURI,mandatory
missing value,sediment,sampling,tax_id,234,<empty>,\,/github/workspace/logsheets/filtered/sediment_sampling.csv,XSDAnyURI,mandatory
missing value,sediment,sampling,tax_id,235,<empty>,\,/github/workspace/logsheets/filtered/sediment_sampling.csv,XSDAnyURI,mandatory
missing value,sediment,sampling,tax_id,236,<empty>,\,/github/workspace/logsheets/filtered/sediment_sampling.csv,XSDAnyURI,mandatory
missing value,sediment,sampling,tax_id,237,<empty>,\,/github/workspace/logsheets/filtered/sediment_sampling.csv,XSDAnyURI,mandatory
missing value,sediment,sampling,tax_id,238,<empty>,\,/github/workspace/logsheets/filtered/sediment_sampling.csv,XSDAnyURI,mandatory
missing value,sediment,sampling,tax_id,239,<empty>,\,/github/workspace/logsheets/filtered/sediment_sampling.csv,XSDAnyURI,mandatory
missing value,sediment,sampling,tax_id,240,<empty>,\,/github/workspace/logsheets/filtered/sediment_sampling.csv,XSDAnyURI,mandatory
missing value,sediment,sampling,tax_id,241,<empty>,\,/github/workspace/logsheets/filtered/sediment_sampling.csv,XSDAnyURI,mandatory
missing value,sediment,sampling,tax_id,242,<empty>,\,/github/workspace/logsheets/filtered/sediment_sampling.csv,XSDAnyURI,mandatory
missing value,sediment,sampling,tax_id,243,<empty>,\,/github/workspace/logsheets/filtered/sediment_sampling.csv,XSDAnyURI,mandatory
missing value,sediment,sampling,tax_id,244,<empty>,\,/github/workspace/logsheets/filtered/sediment_sampling.csv,XSDAnyURI,mandatory
missing value,sediment,sampling,tax_id,245,<empty>,\,/github/workspace/logsheets/filtered/sediment_sampling.csv,XSDAnyURI,mandatory
missing value,sediment,sampling,tax_id,246,<empty>,\,/github/workspace/logsheets/filtered/sediment_sampling.csv,XSDAnyURI,mandatory
missing value,sediment,sampling,tax_id,247,<empty>,\,/github/workspace/logsheets/filtered/sediment_sampling.csv,XSDAnyURI,mandatory
missing value,sediment,sampling,tax_id,248,<empty>,\,/github/workspace/logsheets/filtered/sediment_sampling.csv,XSDAnyURI,mandatory
missing value,sediment,sampling,tax_id,249,<empty>,\,/github/workspace/logsheets/filtered/sediment_sampling.csv,XSDAnyURI,mandatory
missing value,sediment,sampling,tax_id,250,<empty>,\,/github/workspace/logsheets/filtered/sediment_sampling.csv,XSDAnyURI,mandatory
missing value,sediment,sampling,tax_id,251,<empty>,\,/github/workspace/logsheets/filtered/sediment_sampling.csv,XSDAnyURI,mandatory
missing value,sediment,sampling,tax_id,252,<empty>,\,/github/workspace/logsheets/filtered/sediment_sampling.csv,XSDAnyURI,mandatory
missing value,sediment,sampling,tax_id,253,<empty>,\,/github/workspace/logsheets/filtered/sediment_sampling.csv,XSDAnyURI,mandatory
missing value,sediment,sampling,tax_id,254,<empty>,\,/github/workspace/logsheets/filtered/sediment_sampling.csv,XSDAnyURI,mandatory
missing value,sediment,sampling,tax_id,255,<empty>,\,/github/workspace/logsheets/filtered/sediment_sampling.csv,XSDAnyURI,mandatory
missing value,sediment,sampling,tax_id,256,<empty>,\,/github/workspace/logsheets/filtered/sediment_sampling.csv,XSDAnyURI,mandatory
missing value,sediment,sampling,tax_id,257,<empty>,\,/github/workspace/logsheets/filtered/sediment_sampling.csv,XSDAnyURI,mandatory
missing value,sediment,sampling,tax_id,258,<empty>,\,/github/workspace/logsheets/filtered/sediment_sampling.csv,XSDAnyURI,mandatory
missing value,sediment,sampling,tax_id,259,<empty>,\,/github/workspace/logsheets/filtered/sediment_sampling.csv,XSDAnyURI,mandatory
missing value,sediment,sampling,tax_id,260,<empty>,\,/github/workspace/logsheets/filtered/sediment_sampling.csv,XSDAnyURI,mandatory
missing value,sediment,sampling,tax_id,261,<empty>,\,/github/workspace/logsheets/filtered/sediment_sampling.csv,XSDAnyURI,mandatory
missing value,sediment,sampling,tax_id,262,<empty>,\,/github/workspace/logsheets/filtered/sediment_sampling.csv,XSDAnyURI,mandatory
missing value,sediment,sampling,failure,2,<empty>,\,/github/workspace/logsheets/filtered/sediment_sampling.csv,XSDBoolean,mandatory
missing value,sediment,sampling,failure,3,<empty>,\,/github/workspace/logsheets/filtered/sediment_sampling.csv,XSDBoolean,mandatory
missing value,sediment,sampling,failure,4,<empty>,\,/github/workspace/logsheets/filtered/sediment_sampling.csv,XSDBoolean,mandatory
missing value,sediment,sampling,failure,7,<empty>,\,/github/workspace/logsheets/filtered/sediment_sampling.csv,XSDBoolean,mandatory
missing value,sediment,sampling,failure,8,<empty>,\,/github/workspace/logsheets/filtered/sediment_sampling.csv,XSDBoolean,mandatory
missing value,sediment,sampling,failure,9,<empty>,\,/github/workspace/logsheets/filtered/sediment_sampling.csv,XSDBoolean,mandatory
missing value,sediment,sampling,failure,12,<empty>,\,/github/workspace/logsheets/filtered/sediment_sampling.csv,XSDBoolean,mandatory
missing value,sediment,sampling,failure,13,<empty>,\,/github/workspace/logsheets/filtered/sediment_sampling.csv,XSDBoolean,mandatory
missing value,sediment,sampling,failure,16,<empty>,\,/github/workspace/logsheets/filtered/sediment_sampling.csv,XSDBoolean,mandatory
missing value,sediment,sampling,failure,17,<empty>,\,/github/workspace/logsheets/filtered/sediment_sampling.csv,XSDBoolean,mandatory
missing value,sediment,sampling,failure,18,<empty>,\,/github/workspace/logsheets/filtered/sediment_sampling.csv,XSDBoolean,mandatory
missing value,sediment,sampling,failure,212,<empty>,\,/github/workspace/logsheets/filtered/sediment_sampling.csv,XSDBoolean,mandatory
missing value,sediment,sampling,failure,213,<empty>,\,/github/workspace/logsheets/filtered/sediment_sampling.csv,XSDBoolean,mandatory
missing value,sediment,sampling,failure,214,<empty>,\,/github/workspace/logsheets/filtered/sediment_sampling.csv,XSDBoolean,mandatory
missing value,sediment,sampling,failure,215,<empty>,\,/github/workspace/logsheets/filtered/sediment_sampling.csv,XSDBoolean,mandatory
missing value,sediment,sampling,failure,216,<empty>,\,/github/workspace/logsheets/filtered/sediment_sampling.csv,XSDBoolean,mandatory
missing value,sediment,sampling,failure,217,<empty>,\,/github/workspace/logsheets/filtered/sediment_sampling.csv,XSDBoolean,mandatory
missing value,sediment,sampling,failure,218,<empty>,\,/github/workspace/logsheets/filtered/sediment_sampling.csv,XSDBoolean,mandatory
missing value,sediment,sampling,failure,219,<empty>,\,/github/workspace/logsheets/filtered/sediment_sampling.csv,XSDBoolean,mandatory
missing value,sediment,sampling,failure,220,<empty>,\,/github/workspace/logsheets/filtered/sediment_sampling.csv,XSDBoolean,mandatory
missing value,sediment,sampling,failure,221,<empty>,\,/github/workspace/logsheets/filtered/sediment_sampling.csv,XSDBoolean,mandatory
missing value,sediment,sampling,failure,222,<empty>,\,/github/workspace/logsheets/filtered/sediment_sampling.csv,XSDBoolean,mandatory
missing value,sediment,sampling,failure,223,<empty>,\,/github/workspace/logsheets/filtered/sediment_sampling.csv,XSDBoolean,mandatory
missing value,sediment,sampling,failure,224,<empty>,\,/github/workspace/logsheets/filtered/sediment_sampling.csv,XSDBoolean,mandatory
missing value,sediment,sampling,failure,225,<empty>,\,/github/workspace/logsheets/filtered/sediment_sampling.csv,XSDBoolean,mandatory
missing value,sediment,sampling,failure,226,<empty>,\,/github/workspace/logsheets/filtered/sediment_sampling.csv,XSDBoolean,mandatory
missing value,sediment,sampling,failure,227,<empty>,\,/github/workspace/logsheets/filtered/sediment_sampling.csv,XSDBoolean,mandatory
missing value,sediment,sampling,failure,228,<empty>,\,/github/workspace/logsheets/filtered/sediment_sampling.csv,XSDBoolean,mandatory
missing value,sediment,sampling,failure,229,<empty>,\,/github/workspace/logsheets/filtered/sediment_sampling.csv,XSDBoolean,mandatory
missing value,sediment,sampling,failure,230,<empty>,\,/github/workspace/logsheets/filtered/sediment_sampling.csv,XSDBoolean,mandatory
missing value,sediment,sampling,failure,231,<empty>,\,/github/workspace/logsheets/filtered/sediment_sampling.csv,XSDBoolean,mandatory
missing value,sediment,sampling,failure,232,<empty>,\,/github/workspace/logsheets/filtered/sediment_sampling.csv,XSDBoolean,mandatory
missing value,sediment,sampling,failure,233,<empty>,\,/github/workspace/logsheets/filtered/sediment_sampling.csv,XSDBoolean,mandatory
missing value,sediment,sampling,failure,234,<empty>,\,/github/workspace/logsheets/filtered/sediment_sampling.csv,XSDBoolean,mandatory
missing value,sediment,sampling,failure,235,<empty>,\,/github/workspace/logsheets/filtered/sediment_sampling.csv,XSDBoolean,mandatory
missing value,sediment,sampling,failure,236,<empty>,\,/github/workspace/logsheets/filtered/sediment_sampling.csv,XSDBoolean,mandatory
missing value,sediment,sampling,failure,237,<empty>,\,/github/workspace/logsheets/filtered/sediment_sampling.csv,XSDBoolean,mandatory
missing value,sediment,sampling,failure,238,<empty>,\,/github/workspace/logsheets/filtered/sediment_sampling.csv,XSDBoolean,mandatory
missing value,sediment,sampling,failure,239,<empty>,\,/github/workspace/logsheets/filtered/sediment_sampling.csv,XSDBoolean,mandatory
missing value,sediment,sampling,failure,240,<empty>,\,/github/workspace/logsheets/filtered/sediment_sampling.csv,XSDBoolean,mandatory
missing value,sediment,sampling,failure,241,<empty>,\,/github/workspace/logsheets/filtered/sediment_sampling.csv,XSDBoolean,mandatory
missing value,sediment,sampling,failure,242,<empty>,\,/github/workspace/logsheets/filtered/sediment_sampling.csv,XSDBoolean,mandatory
missing value,sediment,sampling,failure,243,<empty>,\,/github/workspace/logsheets/filtered/sediment_sampling.csv,XSDBoolean,mandatory
missing value,sediment,sampling,failure,244,<empty>,\,/github/workspace/logsheets/filtered/sediment_sampling.csv,XSDBoolean,mandatory
missing value,sediment,sampling,failure,245,<empty>,\,/github/workspace/logsheets/filtered/sediment_sampling.csv,XSDBoolean,mandatory
missing value,sediment,sampling,failure,246,<empty>,\,/github/workspace/logsheets/filtered/sediment_sampling.csv,XSDBoolean,mandatory
missing value,sediment,sampling,failure,247,<empty>,\,/github/workspace/logsheets/filtered/sediment_sampling.csv,XSDBoolean,mandatory
missing value,sediment,sampling,failure,248,<empty>,\,/github/workspace/logsheets/filtered/sediment_sampling.csv,XSDBoolean,mandatory
missing value,sediment,sampling,failure,249,<empty>,\,/github/workspace/logsheets/filtered/sediment_sampling.csv,XSDBoolean,mandatory
missing value,sediment,sampling,failure,250,<empty>,\,/github/workspace/logsheets/filtered/sediment_sampling.csv,XSDBoolean,mandatory
missing value,sediment,sampling,failure,251,<empty>,\,/github/workspace/logsheets/filtered/sediment_sampling.csv,XSDBoolean,mandatory
missing value,sediment,sampling,failure,252,<empty>,\,/github/workspace/logsheets/filtered/sediment_sampling.csv,XSDBoolean,mandatory
missing value,sediment,sampling,failure,253,<empty>,\,/github/workspace/logsheets/filtered/sediment_sampling.csv,XSDBoolean,mandatory
missing value,sediment,sampling,failure,254,<empty>,\,/github/workspace/logsheets/filtered/sediment_sampling.csv,XSDBoolean,mandatory
missing value,sediment,sampling,failure,255,<empty>,\,/github/workspace/logsheets/filtered/sediment_sampling.csv,XSDBoolean,mandatory
missing value,sediment,sampling,failure,256,<empty>,\,/github/workspace/logsheets/filtered/sediment_sampling.csv,XSDBoolean,mandatory
missing value,sediment,sampling,failure,257,<empty>,\,/github/workspace/logsheets/filtered/sediment_sampling.csv,XSDBoolean,mandatory
missing value,sediment,sampling,failure,258,<empty>,\,/github/workspace/logsheets/filtered/sediment_sampling.csv,XSDBoolean,mandatory
missing value,sediment,sampling,failure,259,<empty>,\,/github/workspace/logsheets/filtered/sediment_sampling.csv,XSDBoolean,mandatory
missing value,sediment,sampling,failure,260,<empty>,\,/github/workspace/logsheets/filtered/sediment_sampling.csv,XSDBoolean,mandatory
missing value,sediment,sampling,failure,261,<empty>,\,/github/workspace/logsheets/filtered/sediment_sampling.csv,XSDBoolean,mandatory
missing value,sediment,sampling,failure,262,<empty>,\,/github/workspace/logsheets/filtered/sediment_sampling.csv,XSDBoolean,mandatory
missing value,sediment,sampling,scientific_name,212,<empty>,\,/github/workspace/logsheets/filtered/sediment_sampling.csv,XSDString,mandatory
missing value,sediment,sampling,scientific_name,213,<empty>,\,/github/workspace/logsheets/filtered/sediment_sampling.csv,XSDString,mandatory
missing value,sediment,sampling,scientific_name,214,<empty>,\,/github/workspace/logsheets/filtered/sediment_sampling.csv,XSDString,mandatory
missing value,sediment,sampling,scientific_name,215,<empty>,\,/github/workspace/logsheets/filtered/sediment_sampling.csv,XSDString,mandatory
missing value,sediment,sampling,scientific_name,216,<empty>,\,/github/workspace/logsheets/filtered/sediment_sampling.csv,XSDString,mandatory
missing value,sediment,sampling,scientific_name,217,<empty>,\,/github/workspace/logsheets/filtered/sediment_sampling.csv,XSDString,mandatory
missing value,sediment,sampling,scientific_name,218,<empty>,\,/github/workspace/logsheets/filtered/sediment_sampling.csv,XSDString,mandatory
missing value,sediment,sampling,scientific_name,219,<empty>,\,/github/workspace/logsheets/filtered/sediment_sampling.csv,XSDString,mandatory
missing value,sediment,sampling,scientific_name,220,<empty>,\,/github/workspace/logsheets/filtered/sediment_sampling.csv,XSDString,mandatory
missing value,sediment,sampling,scientific_name,221,<empty>,\,/github/workspace/logsheets/filtered/sediment_sampling.csv,XSDString,mandatory
missing value,sediment,sampling,scientific_name,222,<empty>,\,/github/workspace/logsheets/filtered/sediment_sampling.csv,XSDString,mandatory
missing value,sediment,sampling,scientific_name,223,<empty>,\,/github/workspace/logsheets/filtered/sediment_sampling.csv,XSDString,mandatory
missing value,sediment,sampling,scientific_name,224,<empty>,\,/github/workspace/logsheets/filtered/sediment_sampling.csv,XSDString,mandatory
missing value,sediment,sampling,scientific_name,225,<empty>,\,/github/workspace/logsheets/filtered/sediment_sampling.csv,XSDString,mandatory
missing value,sediment,sampling,scientific_name,226,<empty>,\,/github/workspace/logsheets/filtered/sediment_sampling.csv,XSDString,mandatory
missing value,sediment,sampling,scientific_name,227,<empty>,\,/github/workspace/logsheets/filtered/sediment_sampling.csv,XSDString,mandatory
missing value,sediment,sampling,scientific_name,228,<empty>,\,/github/workspace/logsheets/filtered/sediment_sampling.csv,XSDString,mandatory
missing value,sediment,sampling,scientific_name,229,<empty>,\,/github/workspace/logsheets/filtered/sediment_sampling.csv,XSDString,mandatory
missing value,sediment,sampling,scientific_name,230,<empty>,\,/github/workspace/logsheets/filtered/sediment_sampling.csv,XSDString,mandatory
missing value,sediment,sampling,scientific_name,231,<empty>,\,/github/workspace/logsheets/filtered/sediment_sampling.csv,XSDString,mandatory
missing value,sediment,sampling,scientific_name,232,<empty>,\,/github/workspace/logsheets/filtered/sediment_sampling.csv,XSDString,mandatory
missing value,sediment,sampling,scientific_name,233,<empty>,\,/github/workspace/logsheets/filtered/sediment_sampling.csv,XSDString,mandatory
missing value,sediment,sampling,scientific_name,234,<empty>,\,/github/workspace/logsheets/filtered/sediment_sampling.csv,XSDString,mandatory
missing value,sediment,sampling,scientific_name,235,<empty>,\,/github/workspace/logsheets/filtered/sediment_sampling.csv,XSDString,mandatory
missing value,sediment,sampling,scientific_name,236,<empty>,\,/github/workspace/logsheets/filtered/sediment_sampling.csv,XSDString,mandatory
missing value,sediment,sampling,scientific_name,237,<empty>,\,/github/workspace/logsheets/filtered/sediment_sampling.csv,XSDString,mandatory
missing value,sediment,sampling,scientific_name,238,<empty>,\,/github/workspace/logsheets/filtered/sediment_sampling.csv,XSDString,mandatory
missing value,sediment,sampling,scientific_name,239,<empty>,\,/github/workspace/logsheets/filtered/sediment_sampling.csv,XSDString,mandatory
missing value,sediment,sampling,scientific_name,240,<empty>,\,/github/workspace/logsheets/filtered/sediment_sampling.csv,XSDString,mandatory
missing value,sediment,sampling,scientific_name,241,<empty>,\,/github/workspace/logsheets/filtered/sediment_sampling.csv,XSDString,mandatory
missing value,sediment,sampling,scientific_name,242,<empty>,\,/github/workspace/logsheets/filtered/sediment_sampling.csv,XSDString,mandatory
missing value,sediment,sampling,scientific_name,243,<empty>,\,/github/workspace/logsheets/filtered/sediment_sampling.csv,XSDString,mandatory
missing value,sediment,sampling,scientific_name,244,<empty>,\,/github/workspace/logsheets/filtered/sediment_sampling.csv,XSDString,mandatory
missing value,sediment,sampling,scientific_name,245,<empty>,\,/github/workspace/logsheets/filtered/sediment_sampling.csv,XSDString,mandatory
missing value,sediment,sampling,scientific_name,246,<empty>,\,/github/workspace/logsheets/filtered/sediment_sampling.csv,XSDString,mandatory
missing value,sediment,sampling,scientific_name,247,<empty>,\,/github/workspace/logsheets/filtered/sediment_sampling.csv,XSDString,mandatory
missing value,sediment,sampling,scientific_name,248,<empty>,\,/github/workspace/logsheets/filtered/sediment_sampling.csv,XSDString,mandatory
missing value,sediment,sampling,scientific_name,249,<empty>,\,/github/workspace/logsheets/filtered/sediment_sampling.csv,XSDString,mandatory
missing value,sediment,sampling,scientific_name,250,<empty>,\,/github/workspace/logsheets/filtered/sediment_sampling.csv,XSDString,mandatory
missing value,sediment,sampling,scientific_name,251,<empty>,\,/github/workspace/logsheets/filtered/sediment_sampling.csv,XSDString,mandatory
missing value,sediment,sampling,scientific_name,252,<empty>,\,/github/workspace/logsheets/filtered/sediment_sampling.csv,XSDString,mandatory
missing value,sediment,sampling,scientific_name,253,<empty>,\,/github/workspace/logsheets/filtered/sediment_sampling.csv,XSDString,mandatory
missing value,sediment,sampling,scientific_name,254,<empty>,\,/github/workspace/logsheets/filtered/sediment_sampling.csv,XSDString,mandatory
missing value,sediment,sampling,scientific_name,255,<empty>,\,/github/workspace/logsheets/filtered/sediment_sampling.csv,XSDString,mandatory
missing value,sediment,sampling,scientific_name,256,<empty>,\,/github/workspace/logsheets/filtered/sediment_sampling.csv,XSDString,mandatory
missing value,sediment,sampling,scientific_name,257,<empty>,\,/github/workspace/logsheets/filtered/sediment_sampling.csv,XSDString,mandatory
missing value,sediment,sampling,scientific_name,258,<empty>,\,/github/workspace/logsheets/filtered/sediment_sampling.csv,XSDString,mandatory
missing value,sediment,sampling,scientific_name,259,<empty>,\,/github/workspace/logsheets/filtered/sediment_sampling.csv,XSDString,mandatory
missing value,sediment,sampling,scientific_name,260,<empty>,\,/github/workspace/logsheets/filtered/sediment_sampling.csv,XSDString,mandatory
missing value,sediment,sampling,scientific_name,261,<empty>,\,/github/workspace/logsheets/filtered/sediment_sampling.csv,XSDString,mandatory
missing value,sediment,sampling,scientific_name,262,<empty>,\,/github/workspace/logsheets/filtered/sediment_sampling.csv,XSDString,mandatory
missing value,sediment,sampling,comm_samp,214,<empty>,\,/github/workspace/logsheets/filtered/sediment_sampling.csv,XSDString,mandatory
missing value,sediment,sampling,comm_samp,215,<empty>,\,/github/workspace/logsheets/filtered/sediment_sampling.csv,XSDString,mandatory
missing value,sediment,sampling,comm_samp,216,<empty>,\,/github/workspace/logsheets/filtered/sediment_sampling.csv,XSDString,mandatory
missing value,sediment,sampling,comm_samp,217,<empty>,\,/github/workspace/logsheets/filtered/sediment_sampling.csv,XSDString,mandatory
missing value,sediment,sampling,comm_samp,218,<empty>,\,/github/workspace/logsheets/filtered/sediment_sampling.csv,XSDString,mandatory
missing value,sediment,sampling,comm_samp,219,<empty>,\,/github/workspace/logsheets/filtered/sediment_sampling.csv,XSDString,mandatory
missing value,sediment,sampling,comm_samp,220,<empty>,\,/github/workspace/logsheets/filtered/sediment_sampling.csv,XSDString,mandatory
missing value,sediment,sampling,comm_samp,221,<empty>,\,/github/workspace/logsheets/filtered/sediment_sampling.csv,XSDString,mandatory
missing value,sediment,sampling,comm_samp,222,<empty>,\,/github/workspace/logsheets/filtered/sediment_sampling.csv,XSDString,mandatory
missing value,sediment,sampling,comm_samp,223,<empty>,\,/github/workspace/logsheets/filtered/sediment_sampling.csv,XSDString,mandatory
missing value,sediment,sampling,comm_samp,224,<empty>,\,/github/workspace/logsheets/filtered/sediment_sampling.csv,XSDString,mandatory
missing value,sediment,sampling,comm_samp,225,<empty>,\,/github/workspace/logsheets/filtered/sediment_sampling.csv,XSDString,mandatory
missing value,sediment,sampling,comm_samp,226,<empty>,\,/github/workspace/logsheets/filtered/sediment_sampling.csv,XSDString,mandatory
missing value,sediment,sampling,comm_samp,227,<empty>,\,/github/workspace/logsheets/filtered/sediment_sampling.csv,XSDString,mandatory
missing value,sediment,sampling,comm_samp,228,<empty>,\,/github/workspace/logsheets/filtered/sediment_sampling.csv,XSDString,mandatory
missing value,sediment,sampling,comm_samp,229,<empty>,\,/github/workspace/logsheets/filtered/sediment_sampling.csv,XSDString,mandatory
missing value,sediment,sampling,comm_samp,230,<empty>,\,/github/workspace/logsheets/filtered/sediment_sampling.csv,XSDString,mandatory
missing value,sediment,sampling,comm_samp,231,<empty>,\,/github/workspace/logsheets/filtered/sediment_sampling.csv,XSDString,mandatory
missing value,sediment,sampling,comm_samp,232,<empty>,\,/github/workspace/logsheets/filtered/sediment_sampling.csv,XSDString,mandatory
missing value,sediment,sampling,comm_samp,233,<empty>,\,/github/workspace/logsheets/filtered/sediment_sampling.csv,XSDString,mandatory
missing value,sediment,sampling,comm_samp,234,<empty>,\,/github/workspace/logsheets/filtered/sediment_sampling.csv,XSDString,mandatory
missing value,sediment,sampling,comm_samp,235,<empty>,\,/github/workspace/logsheets/filtered/sediment_sampling.csv,XSDString,mandatory
missing value,sediment,sampling,comm_samp,236,<empty>,\,/github/workspace/logsheets/filtered/sediment_sampling.csv,XSDString,mandatory
missing value,sediment,sampling,comm_samp,237,<empty>,\,/github/workspace/logsheets/filtered/sediment_sampling.csv,XSDString,mandatory
missing value,sediment,sampling,comm_samp,238,<empty>,\,/github/workspace/logsheets/filtered/sediment_sampling.csv,XSDString,mandatory
missing value,sediment,sampling,comm_samp,239,<empty>,\,/github/workspace/logsheets/filtered/sediment_sampling.csv,XSDString,mandatory
missing value,sediment,sampling,comm_samp,240,<empty>,\,/github/workspace/logsheets/filtered/sediment_sampling.csv,XSDString,mandatory
missing value,sediment,sampling,comm_samp,241,<empty>,\,/github/workspace/logsheets/filtered/sediment_sampling.csv,XSDString,mandatory
missing value,sediment,sampling,comm_samp,242,<empty>,\,/github/workspace/logsheets/filtered/sediment_sampling.csv,XSDString,mandatory
missing value,sediment,sampling,comm_samp,243,<empty>,\,/github/workspace/logsheets/filtered/sediment_sampling.csv,XSDString,mandatory
missing value,sediment,sampling,comm_samp,244,<empty>,\,/github/workspace/logsheets/filtered/sediment_sampling.csv,XSDString,mandatory
missing value,sediment,sampling,comm_samp,245,<empty>,\,/github/workspace/logsheets/filtered/sediment_sampling.csv,XSDString,mandatory
missing value,sediment,sampling,comm_samp,246,<empty>,\,/github/workspace/logsheets/filtered/sediment_sampling.csv,XSDString,mandatory
missing value,sediment,sampling,comm_samp,247,<empty>,\,/github/workspace/logsheets/filtered/sediment_sampling.csv,XSDString,mandatory
missing value,sediment,sampling,comm_samp,248,<empty>,\,/github/workspace/logsheets/filtered/sediment_sampling.csv,XSDString,mandatory
missing value,sediment,sampling,comm_samp,249,<empty>,\,/github/workspace/logsheets/filtered/sediment_sampling.csv,XSDString,mandatory
missing value,sediment,sampling,comm_samp,250,<empty>,\,/github/workspace/logsheets/filtered/sediment_sampling.csv,XSDString,mandatory
missing value,sediment,sampling,comm_samp,251,<empty>,\,/github/workspace/logsheets/filtered/sediment_sampling.csv,XSDString,mandatory
missing value,sediment,sampling,comm_samp,252,<empty>,\,/github/workspace/logsheets/filtered/sediment_sampling.csv,XSDString,mandatory
missing value,sediment,sampling,comm_samp,253,<empty>,\,/github/workspace/logsheets/filtered/sediment_sampling.csv,XSDString,mandatory
missing value,sediment,sampling,comm_samp,254,<empty>,\,/github/workspace/logsheets/filtered/sediment_sampling.csv,XSDString,mandatory
missing value,sediment,sampling,comm_samp,255,<empty>,\,/github/workspace/logsheets/filtered/sediment_sampling.csv,XSDString,mandatory
missing value,sediment,sampling,comm_samp,256,<empty>,\,/github/workspace/logsheets/filtered/sediment_sampling.csv,XSDString,mandatory
missing value,sediment,sampling,comm_samp,257,<empty>,\,/github/workspace/logsheets/filtered/sediment_sampling.csv,XSDString,mandatory
missing value,sediment,sampling,comm_samp,258,<empty>,\,/github/workspace/logsheets/filtered/sediment_sampling.csv,XSDString,mandatory
missing value,sediment,sampling,comm_samp,259,<empty>,\,/github/workspace/logsheets/filtered/sediment_sampling.csv,XSDString,mandatory
missing value,sediment,sampling,comm_samp,260,<empty>,\,/github/workspace/logsheets/filtered/sediment_sampling.csv,XSDString,mandatory
missing value,sediment,sampling,comm_samp,261,<empty>,\,/github/workspace/logsheets/filtered/sediment_sampling.csv,XSDString,mandatory
missing value,sediment,sampling,comm_samp,262,<empty>,\,/github/workspace/logsheets/filtered/sediment_sampling.csv,XSDString,mandatory
missing value,sediment,sampling,source_mat_id_orig,214,<empty>,\,/github/workspace/logsheets/filtered/sediment_sampling.csv,XSDString,mandatory
missing value,sediment,sampling,source_mat_id_orig,215,<empty>,\,/github/workspace/logsheets/filtered/sediment_sampling.csv,XSDString,mandatory
missing value,sediment,sampling,source_mat_id_orig,216,<empty>,\,/github/workspace/logsheets/filtered/sediment_sampling.csv,XSDString,mandatory
missing value,sediment,sampling,source_mat_id_orig,217,<empty>,\,/github/workspace/logsheets/filtered/sediment_sampling.csv,XSDString,mandatory
missing value,sediment,sampling,source_mat_id_orig,218,<empty>,\,/github/workspace/logsheets/filtered/sediment_sampling.csv,XSDString,mandatory
missing value,sediment,sampling,source_mat_id_orig,219,<empty>,\,/github/workspace/logsheets/filtered/sediment_sampling.csv,XSDString,mandatory
missing value,sediment,sampling,source_mat_id_orig,220,<empty>,\,/github/workspace/logsheets/filtered/sediment_sampling.csv,XSDString,mandatory
missing value,sediment,sampling,source_mat_id_orig,221,<empty>,\,/github/workspace/logsheets/filtered/sediment_sampling.csv,XSDString,mandatory
missing value,sediment,sampling,source_mat_id_orig,222,<empty>,\,/github/workspace/logsheets/filtered/sediment_sampling.csv,XSDString,mandatory
missing value,sediment,sampling,source_mat_id_orig,223,<empty>,\,/github/workspace/logsheets/filtered/sediment_sampling.csv,XSDString,mandatory
missing value,sediment,sampling,source_mat_id_orig,224,<empty>,\,/github/workspace/logsheets/filtered/sediment_sampling.csv,XSDString,mandatory
missing value,sediment,sampling,source_mat_id_orig,225,<empty>,\,/github/workspace/logsheets/filtered/sediment_sampling.csv,XSDString,mandatory
missing value,sediment,sampling,source_mat_id_orig,226,<empty>,\,/github/workspace/logsheets/filtered/sediment_sampling.csv,XSDString,mandatory
missing value,sediment,sampling,source_mat_id_orig,227,<empty>,\,/github/workspace/logsheets/filtered/sediment_sampling.csv,XSDString,mandatory
missing value,sediment,sampling,source_mat_id_orig,228,<empty>,\,/github/workspace/logsheets/filtered/sediment_sampling.csv,XSDString,mandatory
missing value,sediment,sampling,source_mat_id_orig,229,<empty>,\,/github/workspace/logsheets/filtered/sediment_sampling.csv,XSDString,mandatory
missing value,sediment,sampling,source_mat_id_orig,230,<empty>,\,/github/workspace/logsheets/filtered/sediment_sampling.csv,XSDString,mandatory
missing value,sediment,sampling,source_mat_id_orig,231,<empty>,\,/github/workspace/logsheets/filtered/sediment_sampling.csv,XSDString,mandatory
missing value,sediment,sampling,source_mat_id_orig,232,<empty>,\,/github/workspace/logsheets/filtered/sediment_sampling.csv,XSDString,mandatory
missing value,sediment,sampling,source_mat_id_orig,233,<empty>,\,/github/workspace/logsheets/filtered/sediment_sampling.csv,XSDString,mandatory
missing value,sediment,sampling,source_mat_id_orig,234,<empty>,\,/github/workspace/logsheets/filtered/sediment_sampling.csv,XSDString,mandatory
missing value,sediment,sampling,source_mat_id_orig,235,<empty>,\,/github/workspace/logsheets/filtered/sediment_sampling.csv,XSDString,mandatory
missing value,sediment,sampling,source_mat_id_orig,236,<empty>,\,/github/workspace/logsheets/filtered/sediment_sampling.csv,XSDString,mandatory
missing value,sediment,sampling,source_mat_id_orig,237,<empty>,\,/github/workspace/logsheets/filtered/sediment_sampling.csv,XSDString,mandatory
missing value,sediment,sampling,source_mat_id_orig,238,<empty>,\,/github/workspace/logsheets/filtered/sediment_sampling.csv,XSDString,mandatory
missing value,sediment,sampling,source_mat_id_orig,239,<empty>,\,/github/workspace/logsheets/filtered/sediment_sampling.csv,XSDString,mandatory
missing value,sediment,sampling,source_mat_id_orig,240,<empty>,\,/github/workspace/logsheets/filtered/sediment_sampling.csv,XSDString,mandatory
missing value,sediment,sampling,source_mat_id_orig,241,<empty>,\,/github/workspace/logsheets/filtered/sediment_sampling.csv,XSDString,mandatory
missing value,sediment,sampling,source_mat_id_orig,242,<empty>,\,/github/workspace/logsheets/filtered/sediment_sampling.csv,XSDString,mandatory
missing value,sediment,sampling,source_mat_id_orig,243,<empty>,\,/github/workspace/logsheets/filtered/sediment_sampling.csv,XSDString,mandatory
missing value,sediment,sampling,source_mat_id_orig,244,<empty>,\,/github/workspace/logsheets/filtered/sediment_sampling.csv,XSDString,mandatory
missing value,sediment,sampling,source_mat_id_orig,245,<empty>,\,/github/workspace/logsheets/filtered/sediment_sampling.csv,XSDString,mandatory
missing value,sediment,sampling,source_mat_id_orig,246,<empty>,\,/github/workspace/logsheets/filtered/sediment_sampling.csv,XSDString,mandatory
missing value,sediment,sampling,source_mat_id_orig,247,<empty>,\,/github/workspace/logsheets/filtered/sediment_sampling.csv,XSDString,mandatory
missing value,sediment,sampling,source_mat_id_orig,248,<empty>,\,/github/workspace/logsheets/filtered/sediment_sampling.csv,XSDString,mandatory
missing value,sediment,sampling,source_mat_id_orig,249,<empty>,\,/github/workspace/logsheets/filtered/sediment_sampling.csv,XSDString,mandatory
missing value,sediment,sampling,source_mat_id_orig,250,<empty>,\,/github/workspace/logsheets/filtered/sediment_sampling.csv,XSDString,mandatory
missing value,sediment,sampling,source_mat_id_orig,251,<empty>,\,/github/workspace/logsheets/filtered/sediment_sampling.csv,XSDString,mandatory
missing value,sediment,sampling,source_mat_id_orig,252,<empty>,\,/github/workspace/logsheets/filtered/sediment_sampling.csv,XSDString,mandatory
missing value,sediment,sampling,source_mat_id_orig,253,<empty>,\,/github/workspace/logsheets/filtered/sediment_sampling.csv,XSDString,mandatory
missing value,sediment,sampling,source_mat_id_orig,254,<empty>,\,/github/workspace/logsheets/filtered/sediment_sampling.csv,XSDString,mandatory
missing value,sediment,sampling,source_mat_id_orig,255,<empty>,\,/github/workspace/logsheets/filtered/sediment_sampling.csv,XSDString,mandatory
missing value,sediment,sampling,source_mat_id_orig,256,<empty>,\,/github/workspace/logsheets/filtered/sediment_sampling.csv,XSDString,mandatory
missing value,sediment,sampling,source_mat_id_orig,257,<empty>,\,/github/workspace/logsheets/filtered/sediment_sampling.csv,XSDString,mandatory
missing value,sediment,sampling,source_mat_id_orig,258,<empty>,\,/github/workspace/logsheets/filtered/sediment_sampling.csv,XSDString,mandatory
missing value,sediment,sampling,source_mat_id_orig,259,<empty>,\,/github/workspace/logsheets/filtered/sediment_sampling.csv,XSDString,mandatory
missing value,sediment,sampling,source_mat_id_orig,260,<empty>,\,/github/workspace/logsheets/filtered/sediment_sampling.csv,XSDString,mandatory
missing value,sediment,sampling,source_mat_id_orig,261,<empty>,\,/github/workspace/logsheets/filtered/sediment_sampling.csv,XSDString,mandatory
missing value,sediment,sampling,source_mat_id_orig,262,<empty>,\,/github/workspace/logsheets/filtered/sediment_sampling.csv,XSDString,mandatory
missing value,sediment,sampling,samp_store_date,212,<empty>,\,/github/workspace/logsheets/filtered/sediment_sampling.csv,XSDDate,mandatory
missing value,sediment,sampling,samp_store_date,213,<empty>,\,/github/workspace/logsheets/filtered/sediment_sampling.csv,XSDDate,mandatory
missing value,sediment,sampling,samp_store_date,214,<empty>,\,/github/workspace/logsheets/filtered/sediment_sampling.csv,XSDDate,mandatory
missing value,sediment,sampling,samp_store_date,215,<empty>,\,/github/workspace/logsheets/filtered/sediment_sampling.csv,XSDDate,mandatory
missing value,sediment,sampling,samp_store_date,216,<empty>,\,/github/workspace/logsheets/filtered/sediment_sampling.csv,XSDDate,mandatory
missing value,sediment,sampling,samp_store_date,217,<empty>,\,/github/workspace/logsheets/filtered/sediment_sampling.csv,XSDDate,mandatory
missing value,sediment,sampling,samp_store_date,218,<empty>,\,/github/workspace/logsheets/filtered/sediment_sampling.csv,XSDDate,mandatory
missing value,sediment,sampling,samp_store_date,219,<empty>,\,/github/workspace/logsheets/filtered/sediment_sampling.csv,XSDDate,mandatory
missing value,sediment,sampling,samp_store_date,220,<empty>,\,/github/workspace/logsheets/filtered/sediment_sampling.csv,XSDDate,mandatory
missing value,sediment,sampling,samp_store_date,221,<empty>,\,/github/workspace/logsheets/filtered/sediment_sampling.csv,XSDDate,mandatory
missing value,sediment,sampling,samp_store_date,222,<empty>,\,/github/workspace/logsheets/filtered/sediment_sampling.csv,XSDDate,mandatory
missing value,sediment,sampling,samp_store_date,223,<empty>,\,/github/workspace/logsheets/filtered/sediment_sampling.csv,XSDDate,mandatory
missing value,sediment,sampling,samp_store_date,224,<empty>,\,/github/workspace/logsheets/filtered/sediment_sampling.csv,XSDDate,mandatory
missing value,sediment,sampling,samp_store_date,225,<empty>,\,/github/workspace/logsheets/filtered/sediment_sampling.csv,XSDDate,mandatory
missing value,sediment,sampling,samp_store_date,226,<empty>,\,/github/workspace/logsheets/filtered/sediment_sampling.csv,XSDDate,mandatory
missing value,sediment,sampling,samp_store_date,227,<empty>,\,/github/workspace/logsheets/filtered/sediment_sampling.csv,XSDDate,mandatory
missing value,sediment,sampling,samp_store_date,228,<empty>,\,/github/workspace/logsheets/filtered/sediment_sampling.csv,XSDDate,mandatory
missing value,sediment,sampling,samp_store_date,229,<empty>,\,/github/workspace/logsheets/filtered/sediment_sampling.csv,XSDDate,mandatory
missing value,sediment,sampling,samp_store_date,230,<empty>,\,/github/workspace/logsheets/filtered/sediment_sampling.csv,XSDDate,mandatory
missing value,sediment,sampling,samp_store_date,231,<empty>,\,/github/workspace/logsheets/filtered/sediment_sampling.csv,XSDDate,mandatory
missing value,sediment,sampling,samp_store_date,232,<empty>,\,/github/workspace/logsheets/filtered/sediment_sampling.csv,XSDDate,mandatory
missing value,sediment,sampling,samp_store_date,233,<empty>,\,/github/workspace/logsheets/filtered/sediment_sampling.csv,XSDDate,mandatory
missing value,sediment,sampling,samp_store_date,234,<empty>,\,/github/workspace/logsheets/filtered/sediment_sampling.csv,XSDDate,mandatory
missing value,sediment,sampling,samp_store_date,235,<empty>,\,/github/workspace/logsheets/filtered/sediment_sampling.csv,XSDDate,mandatory
missing value,sediment,sampling,samp_store_date,236,<empty>,\,/github/workspace/logsheets/filtered/sediment_sampling.csv,XSDDate,mandatory
missing value,sediment,sampling,samp_store_date,237,<empty>,\,/github/workspace/logsheets/filtered/sediment_sampling.csv,XSDDate,mandatory
missing value,sediment,sampling,samp_store_date,238,<empty>,\,/github/workspace/logsheets/filtered/sediment_sampling.csv,XSDDate,mandatory
missing value,sediment,sampling,samp_store_date,239,<empty>,\,/github/workspace/logsheets/filtered/sediment_sampling.csv,XSDDate,mandatory
missing value,sediment,sampling,samp_store_date,240,<empty>,\,/github/workspace/logsheets/filtered/sediment_sampling.csv,XSDDate,mandatory
missing value,sediment,sampling,samp_store_date,241,<empty>,\,/github/workspace/logsheets/filtered/sediment_sampling.csv,XSDDate,mandatory
missing value,sediment,sampling,samp_store_date,242,<empty>,\,/github/workspace/logsheets/filtered/sediment_sampling.csv,XSDDate,mandatory
missing value,sediment,sampling,samp_store_date,243,<empty>,\,/github/workspace/logsheets/filtered/sediment_sampling.csv,XSDDate,mandatory
missing value,sediment,sampling,samp_store_date,244,<empty>,\,/github/workspace/logsheets/filtered/sediment_sampling.csv,XSDDate,mandatory
missing value,sediment,sampling,samp_store_date,245,<empty>,\,/github/workspace/logsheets/filtered/sediment_sampling.csv,XSDDate,mandatory
missing value,sediment,sampling,samp_store_date,246,<empty>,\,/github/workspace/logsheets/filtered/sediment_sampling.csv,XSDDate,mandatory
missing value,sediment,sampling,samp_store_date,247,<empty>,\,/github/workspace/logsheets/filtered/sediment_sampling.csv,XSDDate,mandatory
missing value,sediment,sampling,samp_store_date,248,<empty>,\,/github/workspace/logsheets/filtered/sediment_sampling.csv,XSDDate,mandatory
missing value,sediment,sampling,samp_store_date,249,<empty>,\,/github/workspace/logsheets/filtered/sediment_sampling.csv,XSDDate,mandatory
missing value,sediment,sampling,samp_store_date,250,<empty>,\,/github/workspace/logsheets/filtered/sediment_sampling.csv,XSDDate,mandatory
missing value,sediment,sampling,samp_store_date,251,<empty>,\,/github/workspace/logsheets/filtered/sediment_sampling.csv,XSDDate,mandatory
missing value,sediment,sampling,samp_store_date,252,<empty>,\,/github/workspace/logsheets/filtered/sediment_sampling.csv,XSDDate,mandatory
missing value,sediment,sampling,samp_store_date,253,<empty>,\,/github/workspace/logsheets/filtered/sediment_sampling.csv,XSDDate,mandatory
missing value,sediment,sampling,samp_store_date,254,<empty>,\,/github/workspace/logsheets/filtered/sediment_sampling.csv,XSDDate,mandatory
missing value,sediment,sampling,samp_store_date,255,<empty>,\,/github/workspace/logsheets/filtered/sediment_sampling.csv,XSDDate,mandatory
missing value,sediment,sampling,samp_store_date,256,<empty>,\,/github/workspace/logsheets/filtered/sediment_sampling.csv,XSDDate,mandatory
missing value,sediment,sampling,samp_store_date,257,<empty>,\,/github/workspace/logsheets/filtered/sediment_sampling.csv,XSDDate,mandatory
missing value,sediment,sampling,samp_store_date,258,<empty>,\,/github/workspace/logsheets/filtered/sediment_sampling.csv,XSDDate,mandatory
missing value,sediment,sampling,samp_store_date,259,<empty>,\,/github/workspace/logsheets/filtered/sediment_sampling.csv,XSDDate,mandatory
missing value,sediment,sampling,samp_store_date,260,<empty>,\,/github/workspace/logsheets/filtered/sediment_sampling.csv,XSDDate,mandatory
missing value,sediment,sampling,samp_store_date,261,<empty>,\,/github/workspace/logsheets/filtered/sediment_sampling.csv,XSDDate,mandatory
missing value,sediment,sampling,samp_store_date,262,<empty>,\,/github/workspace/logsheets/filtered/sediment_sampling.csv,XSDDate,mandatory
missing value,sediment,sampling,replicate,212,<empty>,\,/github/workspace/logsheets/filtered/sediment_sampling.csv,XSDString,mandatory
missing value,sediment,sampling,replicate,213,<empty>,\,/github/workspace/logsheets/filtered/sediment_sampling.csv,XSDString,mandatory
missing value,sediment,sampling,replicate,214,<empty>,\,/github/workspace/logsheets/filtered/sediment_sampling.csv,XSDString,mandatory
missing value,sediment,sampling,replicate,215,<empty>,\,/github/workspace/logsheets/filtered/sediment_sampling.csv,XSDString,mandatory
missing value,sediment,sampling,replicate,216,<empty>,\,/github/workspace/logsheets/filtered/sediment_sampling.csv,XSDString,mandatory
missing value,sediment,sampling,replicate,217,<empty>,\,/github/workspace/logsheets/filtered/sediment_sampling.csv,XSDString,mandatory
missing value,sediment,sampling,replicate,218,<empty>,\,/github/workspace/logsheets/filtered/sediment_sampling.csv,XSDString,mandatory
missing value,sediment,sampling,replicate,219,<empty>,\,/github/workspace/logsheets/filtered/sediment_sampling.csv,XSDString,mandatory
missing value,sediment,sampling,replicate,220,<empty>,\,/github/workspace/logsheets/filtered/sediment_sampling.csv,XSDString,mandatory
missing value,sediment,sampling,replicate,221,<empty>,\,/github/workspace/logsheets/filtered/sediment_sampling.csv,XSDString,mandatory
missing value,sediment,sampling,replicate,222,<empty>,\,/github/workspace/logsheets/filtered/sediment_sampling.csv,XSDString,mandatory
missing value,sediment,sampling,replicate,223,<empty>,\,/github/workspace/logsheets/filtered/sediment_sampling.csv,XSDString,mandatory
missing value,sediment,sampling,replicate,224,<empty>,\,/github/workspace/logsheets/filtered/sediment_sampling.csv,XSDString,mandatory
missing value,sediment,sampling,replicate,225,<empty>,\,/github/workspace/logsheets/filtered/sediment_sampling.csv,XSDString,mandatory
missing value,sediment,sampling,replicate,226,<empty>,\,/github/workspace/logsheets/filtered/sediment_sampling.csv,XSDString,mandatory
missing value,sediment,sampling,replicate,227,<empty>,\,/github/workspace/logsheets/filtered/sediment_sampling.csv,XSDString,mandatory
missing value,sediment,sampling,replicate,228,<empty>,\,/github/workspace/logsheets/filtered/sediment_sampling.csv,XSDString,mandatory
missing value,sediment,sampling,replicate,229,<empty>,\,/github/workspace/logsheets/filtered/sediment_sampling.csv,XSDString,mandatory
missing value,sediment,sampling,replicate,230,<empty>,\,/github/workspace/logsheets/filtered/sediment_sampling.csv,XSDString,mandatory
missing value,sediment,sampling,replicate,231,<empty>,\,/github/workspace/logsheets/filtered/sediment_sampling.csv,XSDString,mandatory
missing value,sediment,sampling,replicate,232,<empty>,\,/github/workspace/logsheets/filtered/sediment_sampling.csv,XSDString,mandatory
missing value,sediment,sampling,replicate,233,<empty>,\,/github/workspace/logsheets/filtered/sediment_sampling.csv,XSDString,mandatory
missing value,sediment,sampling,replicate,234,<empty>,\,/github/workspace/logsheets/filtered/sediment_sampling.csv,XSDString,mandatory
missing value,sediment,sampling,replicate,235,<empty>,\,/github/workspace/logsheets/filtered/sediment_sampling.csv,XSDString,mandatory
missing value,sediment,sampling,replicate,236,<empty>,\,/github/workspace/logsheets/filtered/sediment_sampling.csv,XSDString,mandatory
missing value,sediment,sampling,replicate,237,<empty>,\,/github/workspace/logsheets/filtered/sediment_sampling.csv,XSDString,mandatory
missing value,sediment,sampling,replicate,238,<empty>,\,/github/workspace/logsheets/filtered/sediment_sampling.csv,XSDString,mandatory
missing value,sediment,sampling,replicate,239,<empty>,\,/github/workspace/logsheets/filtered/sediment_sampling.csv,XSDString,mandatory
missing value,sediment,sampling,replicate,240,<empty>,\,/github/workspace/logsheets/filtered/sediment_sampling.csv,XSDString,mandatory
missing value,sediment,sampling,replicate,241,<empty>,\,/github/workspace/logsheets/filtered/sediment_sampling.csv,XSDString,mandatory
missing value,sediment,sampling,replicate,242,<empty>,\,/github/workspace/logsheets/filtered/sediment_sampling.csv,XSDString,mandatory
missing value,sediment,sampling,replicate,243,<empty>,\,/github/workspace/logsheets/filtered/sediment_sampling.csv,XSDString,mandatory
missing value,sediment,sampling,replicate,244,<empty>,\,/github/workspace/logsheets/filtered/sediment_sampling.csv,XSDString,mandatory
missing value,sediment,sampling,replicate,245,<empty>,\,/github/workspace/logsheets/filtered/sediment_sampling.csv,XSDString,mandatory
missing value,sediment,sampling,replicate,246,<empty>,\,/github/workspace/logsheets/filtered/sediment_sampling.csv,XSDString,mandatory
missing value,sediment,sampling,replicate,247,<empty>,\,/github/workspace/logsheets/filtered/sediment_sampling.csv,XSDString,mandatory
missing value,sediment,sampling,replicate,248,<empty>,\,/github/workspace/logsheets/filtered/sediment_sampling.csv,XSDString,mandatory
missing value,sediment,sampling,replicate,249,<empty>,\,/github/workspace/logsheets/filtered/sediment_sampling.csv,XSDString,mandatory
missing value,sediment,sampling,replicate,250,<empty>,\,/github/workspace/logsheets/filtered/sediment_sampling.csv,XSDString,mandatory
missing value,sediment,sampling,replicate,251,<empty>,\,/github/workspace/logsheets/filtered/sediment_sampling.csv,XSDString,mandatory
missing value,sediment,sampling,replicate,252,<empty>,\,/github/workspace/logsheets/filtered/sediment_sampling.csv,XSDString,mandatory
missing value,sediment,sampling,replicate,253,<empty>,\,/github/workspace/logsheets/filtered/sediment_sampling.csv,XSDString,mandatory
missing value,sediment,sampling,replicate,254,<empty>,\,/github/workspace/logsheets/filtered/sediment_sampling.csv,XSDString,mandatory
missing value,sediment,sampling,replicate,255,<empty>,\,/github/workspace/logsheets/filtered/sediment_sampling.csv,XSDString,mandatory
missing value,sediment,sampling,replicate,256,<empty>,\,/github/workspace/logsheets/filtered/sediment_sampling.csv,XSDString,mandatory
missing value,sediment,sampling,replicate,257,<empty>,\,/github/workspace/logsheets/filtered/sediment_sampling.csv,XSDString,mandatory
missing value,sediment,sampling,replicate,258,<empty>,\,/github/workspace/logsheets/filtered/sediment_sampling.csv,XSDString,mandatory
missing value,sediment,sampling,replicate,259,<empty>,\,/github/workspace/logsheets/filtered/sediment_sampling.csv,XSDString,mandatory
missing value,sediment,sampling,replicate,260,<empty>,\,/github/workspace/logsheets/filtered/sediment_sampling.csv,XSDString,mandatory
missing value,sediment,sampling,replicate,261,<empty>,\,/github/workspace/logsheets/filtered/sediment_sampling.csv,XSDString,mandatory
missing value,sediment,sampling,replicate,262,<empty>,\,/github/workspace/logsheets/filtered/sediment_sampling.csv,XSDString,mandatory
missing value,sediment,sampling,failure_comment,1,<empty>,\,/github/workspace/logsheets/filtered/sediment_sampling.csv,XSDString,mandatory
missing value,sediment,sampling,failure_comment,2,<empty>,\,/github/workspace/logsheets/filtered/sediment_sampling.csv,XSDString,mandatory
missing value,sediment,sampling,failure_comment,3,<empty>,\,/github/workspace/logsheets/filtered/sediment_sampling.csv,XSDString,mandatory
missing value,sediment,sampling,failure_comment,4,<empty>,\,/github/workspace/logsheets/filtered/sediment_sampling.csv,XSDString,mandatory
missing value,sediment,sampling,failure_comment,5,<empty>,\,/github/workspace/logsheets/filtered/sediment_sampling.csv,XSDString,mandatory
missing value,sediment,sampling,failure_comment,6,<empty>,\,/github/workspace/logsheets/filtered/sediment_sampling.csv,XSDString,mandatory
missing value,sediment,sampling,failure_comment,7,<empty>,\,/github/workspace/logsheets/filtered/sediment_sampling.csv,XSDString,mandatory
missing value,sediment,sampling,failure_comment,8,<empty>,\,/github/workspace/logsheets/filtered/sediment_sampling.csv,XSDString,mandatory
missing value,sediment,sampling,failure_comment,9,<empty>,\,/github/workspace/logsheets/filtered/sediment_sampling.csv,XSDString,mandatory
missing value,sediment,sampling,failure_comment,10,<empty>,\,/github/workspace/logsheets/filtered/sediment_sampling.csv,XSDString,mandatory
missing value,sediment,sampling,failure_comment,11,<empty>,\,/github/workspace/logsheets/filtered/sediment_sampling.csv,XSDString,mandatory
missing value,sediment,sampling,failure_comment,12,<empty>,\,/github/workspace/logsheets/filtered/sediment_sampling.csv,XSDString,mandatory
missing value,sediment,sampling,failure_comment,13,<empty>,\,/github/workspace/logsheets/filtered/sediment_sampling.csv,XSDString,mandatory
missing value,sediment,sampling,failure_comment,14,<empty>,\,/github/workspace/logsheets/filtered/sediment_sampling.csv,XSDString,mandatory
missing value,sediment,sampling,failure_comment,15,<empty>,\,/github/workspace/logsheets/filtered/sediment_sampling.csv,XSDString,mandatory
missing value,sediment,sampling,failure_comment,16,<empty>,\,/github/workspace/logsheets/filtered/sediment_sampling.csv,XSDString,mandatory
missing value,sediment,sampling,failure_comment,17,<empty>,\,/github/workspace/logsheets/filtered/sediment_sampling.csv,XSDString,mandatory
missing value,sediment,sampling,failure_comment,18,<empty>,\,/github/workspace/logsheets/filtered/sediment_sampling.csv,XSDString,mandatory
missing value,sediment,sampling,failure_comment,212,<empty>,\,/github/workspace/logsheets/filtered/sediment_sampling.csv,XSDString,mandatory
missing value,sediment,sampling,failure_comment,213,<empty>,\,/github/workspace/logsheets/filtered/sediment_sampling.csv,XSDString,mandatory
missing value,sediment,sampling,failure_comment,214,<empty>,\,/github/workspace/logsheets/filtered/sediment_sampling.csv,XSDString,mandatory
missing value,sediment,sampling,failure_comment,215,<empty>,\,/github/workspace/logsheets/filtered/sediment_sampling.csv,XSDString,mandatory
missing value,sediment,sampling,failure_comment,216,<empty>,\,/github/workspace/logsheets/filtered/sediment_sampling.csv,XSDString,mandatory
missing value,sediment,sampling,failure_comment,217,<empty>,\,/github/workspace/logsheets/filtered/sediment_sampling.csv,XSDString,mandatory
missing value,sediment,sampling,failure_comment,218,<empty>,\,/github/workspace/logsheets/filtered/sediment_sampling.csv,XSDString,mandatory
missing value,sediment,sampling,failure_comment,219,<empty>,\,/github/workspace/logsheets/filtered/sediment_sampling.csv,XSDString,mandatory
missing value,sediment,sampling,failure_comment,220,<empty>,\,/github/workspace/logsheets/filtered/sediment_sampling.csv,XSDString,mandatory
missing value,sediment,sampling,failure_comment,221,<empty>,\,/github/workspace/logsheets/filtered/sediment_sampling.csv,XSDString,mandatory
missing value,sediment,sampling,failure_comment,222,<empty>,\,/github/workspace/logsheets/filtered/sediment_sampling.csv,XSDString,mandatory
missing value,sediment,sampling,failure_comment,223,<empty>,\,/github/workspace/logsheets/filtered/sediment_sampling.csv,XSDString,mandatory
missing value,sediment,sampling,failure_comment,224,<empty>,\,/github/workspace/logsheets/filtered/sediment_sampling.csv,XSDString,mandatory
missing value,sediment,sampling,failure_comment,225,<empty>,\,/github/workspace/logsheets/filtered/sediment_sampling.csv,XSDString,mandatory
missing value,sediment,sampling,failure_comment,226,<empty>,\,/github/workspace/logsheets/filtered/sediment_sampling.csv,XSDString,mandatory
missing value,sediment,sampling,failure_comment,227,<empty>,\,/github/workspace/logsheets/filtered/sediment_sampling.csv,XSDString,mandatory
missing value,sediment,sampling,failure_comment,228,<empty>,\,/github/workspace/logsheets/filtered/sediment_sampling.csv,XSDString,mandatory
missing value,sediment,sampling,failure_comment,229,<empty>,\,/github/workspace/logsheets/filtered/sediment_sampling.csv,XSDString,mandatory
missing value,sediment,sampling,failure_comment,230,<empty>,\,/github/workspace/logsheets/filtered/sediment_sampling.csv,XSDString,mandatory
missing value,sediment,sampling,failure_comment,231,<empty>,\,/github/workspace/logsheets/filtered/sediment_sampling.csv,XSDString,mandatory
missing value,sediment,sampling,failure_comment,232,<empty>,\,/github/workspace/logsheets/filtered/sediment_sampling.csv,XSDString,mandatory
missing value,sediment,sampling,failure_comment,233,<empty>,\,/github/workspace/logsheets/filtered/sediment_sampling.csv,XSDString,mandatory
missing value,sediment,sampling,failure_comment,234,<empty>,\,/github/workspace/logsheets/filtered/sediment_sampling.csv,XSDString,mandatory
missing value,sediment,sampling,failure_comment,235,<empty>,\,/github/workspace/logsheets/filtered/sediment_sampling.csv,XSDString,mandatory
missing value,sediment,sampling,failure_comment,236,<empty>,\,/github/workspace/logsheets/filtered/sediment_sampling.csv,XSDString,mandatory
missing value,sediment,sampling,failure_comment,237,<empty>,\,/github/workspace/logsheets/filtered/sediment_sampling.csv,XSDString,mandatory
missing value,sediment,sampling,failure_comment,238,<empty>,\,/github/workspace/logsheets/filtered/sediment_sampling.csv,XSDString,mandatory
missing value,sediment,sampling,failure_comment,239,<empty>,\,/github/workspace/logsheets/filtered/sediment_sampling.csv,XSDString,mandatory
missing value,sediment,sampling,failure_comment,240,<empty>,\,/github/workspace/logsheets/filtered/sediment_sampling.csv,XSDString,mandatory
missing value,sediment,sampling,failure_comment,241,<empty>,\,/github/workspace/logsheets/filtered/sediment_sampling.csv,XSDString,mandatory
missing value,sediment,sampling,failure_comment,242,<empty>,\,/github/workspace/logsheets/filtered/sediment_sampling.csv,XSDString,mandatory
missing value,sediment,sampling,failure_comment,243,<empty>,\,/github/workspace/logsheets/filtered/sediment_sampling.csv,XSDString,mandatory
missing value,sediment,sampling,failure_comment,244,<empty>,\,/github/workspace/logsheets/filtered/sediment_sampling.csv,XSDString,mandatory
missing value,sediment,sampling,failure_comment,245,<empty>,\,/github/workspace/logsheets/filtered/sediment_sampling.csv,XSDString,mandatory
missing value,sediment,sampling,failure_comment,246,<empty>,\,/github/workspace/logsheets/filtered/sediment_sampling.csv,XSDString,mandatory
missing value,sediment,sampling,failure_comment,247,<empty>,\,/github/workspace/logsheets/filtered/sediment_sampling.csv,XSDString,mandatory
missing value,sediment,sampling,failure_comment,248,<empty>,\,/github/workspace/logsheets/filtered/sediment_sampling.csv,XSDString,mandatory
missing value,sediment,sampling,failure_comment,249,<empty>,\,/github/workspace/logsheets/filtered/sediment_sampling.csv,XSDString,mandatory
missing value,sediment,sampling,failure_comment,250,<empty>,\,/github/workspace/logsheets/filtered/sediment_sampling.csv,XSDString,mandatory
missing value,sediment,sampling,failure_comment,251,<empty>,\,/github/workspace/logsheets/filtered/sediment_sampling.csv,XSDString,mandatory
missing value,sediment,sampling,failure_comment,252,<empty>,\,/github/workspace/logsheets/filtered/sediment_sampling.csv,XSDString,mandatory
missing value,sediment,sampling,failure_comment,253,<empty>,\,/github/workspace/logsheets/filtered/sediment_sampling.csv,XSDString,mandatory
missing value,sediment,sampling,failure_comment,254,<empty>,\,/github/workspace/logsheets/filtered/sediment_sampling.csv,XSDString,mandatory
missing value,sediment,sampling,failure_comment,255,<empty>,\,/github/workspace/logsheets/filtered/sediment_sampling.csv,XSDString,mandatory
missing value,sediment,sampling,failure_comment,256,<empty>,\,/github/workspace/logsheets/filtered/sediment_sampling.csv,XSDString,mandatory
missing value,sediment,sampling,failure_comment,257,<empty>,\,/github/workspace/logsheets/filtered/sediment_sampling.csv,XSDString,mandatory
missing value,sediment,sampling,failure_comment,258,<empty>,\,/github/workspace/logsheets/filtered/sediment_sampling.csv,XSDString,mandatory
missing value,sediment,sampling,failure_comment,259,<empty>,\,/github/workspace/logsheets/filtered/sediment_sampling.csv,XSDString,mandatory
missing value,sediment,sampling,failure_comment,260,<empty>,\,/github/workspace/logsheets/filtered/sediment_sampling.csv,XSDString,mandatory
missing value,sediment,sampling,failure_comment,261,<empty>,\,/github/workspace/logsheets/filtered/sediment_sampling.csv,XSDString,mandatory
missing value,sediment,sampling,failure_comment,262,<empty>,\,/github/workspace/logsheets/filtered/sediment_sampling.csv,XSDString,mandatory
missing value,water,measured,sea_subsurf_salinity,155,<empty>,\,/github/workspace/logsheets/filtered/water_measured.csv,XSDDouble,mandatory
missing value,water,measured,sea_subsurf_salinity,156,<empty>,\,/github/workspace/logsheets/filtered/water_measured.csv,XSDDouble,mandatory
missing value,water,measured,sea_subsurf_salinity,165,<empty>,\,/github/workspace/logsheets/filtered/water_measured.csv,XSDDouble,mandatory
missing value,water,measured,sea_subsurf_salinity,170,<empty>,\,/github/workspace/logsheets/filtered/water_measured.csv,XSDDouble,mandatory
missing value,water,measured,sea_subsurf_salinity,171,<empty>,\,/github/workspace/logsheets/filtered/water_measured.csv,XSDDouble,mandatory
missing value,water,measured,sea_subsurf_salinity,180,<empty>,\,/github/workspace/logsheets/filtered/water_measured.csv,XSDDouble,mandatory
missing value,water,measured,sea_subsurf_salinity,185,<empty>,\,/github/workspace/logsheets/filtered/water_measured.csv,XSDDouble,mandatory
missing value,water,measured,sea_subsurf_salinity,186,<empty>,\,/github/workspace/logsheets/filtered/water_measured.csv,XSDDouble,mandatory
missing value,water,measured,sea_subsurf_salinity,195,<empty>,\,/github/workspace/logsheets/filtered/water_measured.csv,XSDDouble,mandatory
missing value,water,measured,sea_subsurf_salinity,200,<empty>,\,/github/workspace/logsheets/filtered/water_measured.csv,XSDDouble,mandatory
missing value,water,measured,sea_subsurf_salinity,201,<empty>,\,/github/workspace/logsheets/filtered/water_measured.csv,XSDDouble,mandatory
missing value,water,measured,sea_subsurf_salinity,210,<empty>,\,/github/workspace/logsheets/filtered/water_measured.csv,XSDDouble,mandatory
missing value,water,measured,sea_subsurf_salinity,215,<empty>,\,/github/workspace/logsheets/filtered/water_measured.csv,XSDDouble,mandatory
missing value,water,measured,sea_subsurf_salinity,216,<empty>,\,/github/workspace/logsheets/filtered/water_measured.csv,XSDDouble,mandatory
missing value,water,measured,sea_subsurf_salinity,225,<empty>,\,/github/workspace/logsheets/filtered/water_measured.csv,XSDDouble,mandatory
missing value,water,measured,sea_subsurf_salinity,230,<empty>,\,/github/workspace/logsheets/filtered/water_measured.csv,XSDDouble,mandatory
missing value,water,measured,sea_subsurf_salinity,231,<empty>,\,/github/workspace/logsheets/filtered/water_measured.csv,XSDDouble,mandatory
missing value,water,measured,sea_subsurf_salinity,232,<empty>,\,/github/workspace/logsheets/filtered/water_measured.csv,XSDDouble,mandatory
missing value,water,measured,sea_subsurf_salinity,233,<empty>,\,/github/workspace/logsheets/filtered/water_measured.csv,XSDDouble,mandatory
missing value,water,measured,sea_subsurf_salinity,234,<empty>,\,/github/workspace/logsheets/filtered/water_measured.csv,XSDDouble,mandatory
missing value,water,measured,sea_subsurf_salinity,235,<empty>,\,/github/workspace/logsheets/filtered/water_measured.csv,XSDDouble,mandatory
missing value,water,measured,sea_subsurf_salinity,236,<empty>,\,/github/workspace/logsheets/filtered/water_measured.csv,XSDDouble,mandatory
missing value,water,measured,sea_subsurf_salinity,237,<empty>,\,/github/workspace/logsheets/filtered/water_measured.csv,XSDDouble,mandatory
missing value,water,measured,sea_subsurf_salinity,238,<empty>,\,/github/workspace/logsheets/filtered/water_measured.csv,XSDDouble,mandatory
missing value,water,measured,sea_subsurf_salinity,239,<empty>,\,/github/workspace/logsheets/filtered/water_measured.csv,XSDDouble,mandatory
missing value,water,measured,sea_subsurf_salinity,240,<empty>,\,/github/workspace/logsheets/filtered/water_measured.csv,XSDDouble,mandatory
missing value,water,measured,sea_subsurf_salinity,241,<empty>,\,/github/workspace/logsheets/filtered/water_measured.csv,XSDDouble,mandatory
missing value,water,measured,sea_subsurf_salinity,242,<empty>,\,/github/workspace/logsheets/filtered/water_measured.csv,XSDDouble,mandatory
missing value,water,measured,sea_subsurf_salinity,243,<empty>,\,/github/workspace/logsheets/filtered/water_measured.csv,XSDDouble,mandatory
missing value,water,measured,sea_subsurf_salinity,244,<empty>,\,/github/workspace/logsheets/filtered/water_measured.csv,XSDDouble,mandatory
missing value,water,measured,sea_subsurf_salinity,245,<empty>,\,/github/workspace/logsheets/filtered/water_measured.csv,XSDDouble,mandatory
missing value,water,measured,sea_subsurf_salinity,246,<empty>,\,/github/workspace/logsheets/filtered/water_measured.csv,XSDDouble,mandatory
missing value,water,measured,sea_subsurf_salinity,247,<empty>,\,/github/workspace/logsheets/filtered/water_measured.csv,XSDDouble,mandatory
missing value,water,measured,sea_subsurf_salinity,248,<empty>,\,/github/workspace/logsheets/filtered/water_measured.csv,XSDDouble,mandatory
missing value,water,measured,sea_subsurf_salinity,249,<empty>,\,/github/workspace/logsheets/filtered/water_measured.csv,XSDDouble,mandatory
missing value,water,measured,sea_subsurf_salinity,250,<empty>,\,/github/workspace/logsheets/filtered/water_measured.csv,XSDDouble,mandatory
missing value,water,measured,sea_subsurf_salinity,251,<empty>,\,/github/workspace/logsheets/filtered/water_measured.csv,XSDDouble,mandatory
missing value,water,measured,sea_subsurf_salinity,252,<empty>,\,/github/workspace/logsheets/filtered/water_measured.csv,XSDDouble,mandatory
missing value,water,measured,sea_subsurf_salinity,253,<empty>,\,/github/workspace/logsheets/filtered/water_measured.csv,XSDDouble,mandatory
missing value,water,measured,sea_subsurf_salinity,254,<empty>,\,/github/workspace/logsheets/filtered/water_measured.csv,XSDDouble,mandatory
missing value,water,measured,sea_subsurf_salinity,255,<empty>,\,/github/workspace/logsheets/filtered/water_measured.csv,XSDDouble,mandatory
missing value,water,measured,sea_subsurf_salinity,256,<empty>,\,/github/workspace/logsheets/filtered/water_measured.csv,XSDDouble,mandatory
missing value,water,measured,sea_subsurf_salinity,257,<empty>,\,/github/workspace/logsheets/filtered/water_measured.csv,XSDDouble,mandatory
missing value,water,measured,sea_subsurf_salinity,258,<empty>,\,/github/workspace/logsheets/filtered/water_measured.csv,XSDDouble,mandatory
missing value,water,measured,sea_subsurf_salinity,259,<empty>,\,/github/workspace/logsheets/filtered/water_measured.csv,XSDDouble,mandatory
missing value,water,measured,sea_subsurf_salinity,260,<empty>,\,/github/workspace/logsheets/filtered/water_measured.csv,XSDDouble,mandatory
missing value,water,measured,sea_subsurf_salinity,261,<empty>,\,/github/workspace/logsheets/filtered/water_measured.csv,XSDDouble,mandatory
missing value,water,measured,sea_subsurf_salinity,262,<empty>,\,/github/workspace/logsheets/filtered/water_measured.csv,XSDDouble,mandatory
missing value,water,measured,sea_subsurf_salinity,263,<empty>,\,/github/workspace/logsheets/filtered/water_measured.csv,XSDDouble,mandatory
missing value,water,measured,sea_subsurf_salinity,264,<empty>,\,/github/workspace/logsheets/filtered/water_measured.csv,XSDDouble,mandatory
missing value,water,measured,sea_subsurf_salinity,265,<empty>,\,/github/workspace/logsheets/filtered/water_measured.csv,XSDDouble,mandatory
missing value,water,measured,sea_subsurf_salinity,266,<empty>,\,/github/workspace/logsheets/filtered/water_measured.csv,XSDDouble,mandatory
missing value,water,measured,sea_subsurf_salinity,267,<empty>,\,/github/workspace/logsheets/filtered/water_measured.csv,XSDDouble,mandatory
missing value,water,measured,sea_subsurf_salinity,268,<empty>,\,/github/workspace/logsheets/filtered/water_measured.csv,XSDDouble,mandatory
missing value,water,measured,sea_subsurf_salinity,269,<empty>,\,/github/workspace/logsheets/filtered/water_measured.csv,XSDDouble,mandatory
missing value,water,measured,sea_subsurf_salinity,270,<empty>,\,/github/workspace/logsheets/filtered/water_measured.csv,XSDDouble,mandatory
missing value,water,measured,sea_subsurf_salinity,271,<empty>,\,/github/workspace/logsheets/filtered/water_measured.csv,XSDDouble,mandatory
missing value,water,measured,sea_subsurf_salinity,272,<empty>,\,/github/workspace/logsheets/filtered/water_measured.csv,XSDDouble,mandatory
missing value,water,measured,sea_subsurf_salinity,273,<empty>,\,/github/workspace/logsheets/filtered/water_measured.csv,XSDDouble,mandatory
missing value,water,measured,sea_subsurf_salinity,274,<empty>,\,/github/workspace/logsheets/filtered/water_measured.csv,XSDDouble,mandatory
missing value,water,measured,sea_subsurf_salinity,275,<empty>,\,/github/workspace/logsheets/filtered/water_measured.csv,XSDDouble,mandatory
missing value,water,measured,sea_subsurf_salinity,276,<empty>,\,/github/workspace/logsheets/filtered/water_measured.csv,XSDDouble,mandatory
missing value,water,measured,sea_subsurf_salinity,277,<empty>,\,/github/workspace/logsheets/filtered/water_measured.csv,XSDDouble,mandatory
missing value,water,measured,sea_subsurf_salinity,278,<empty>,\,/github/workspace/logsheets/filtered/water_measured.csv,XSDDouble,mandatory
missing value,water,measured,sea_subsurf_salinity,279,<empty>,\,/github/workspace/logsheets/filtered/water_measured.csv,XSDDouble,mandatory
missing value,water,measured,sea_subsurf_salinity,280,<empty>,\,/github/workspace/logsheets/filtered/water_measured.csv,XSDDouble,mandatory
missing value,water,measured,sea_subsurf_salinity,281,<empty>,\,/github/workspace/logsheets/filtered/water_measured.csv,XSDDouble,mandatory
missing value,water,measured,sea_subsurf_salinity,282,<empty>,\,/github/workspace/logsheets/filtered/water_measured.csv,XSDDouble,mandatory
missing value,water,measured,sea_subsurf_salinity,283,<empty>,\,/github/workspace/logsheets/filtered/water_measured.csv,XSDDouble,mandatory
missing value,water,measured,sea_subsurf_salinity,284,<empty>,\,/github/workspace/logsheets/filtered/water_measured.csv,XSDDouble,mandatory
missing value,water,measured,sea_subsurf_salinity,285,<empty>,\,/github/workspace/logsheets/filtered/water_measured.csv,XSDDouble,mandatory
missing value,water,measured,sea_subsurf_salinity,290,<empty>,\,/github/workspace/logsheets/filtered/water_measured.csv,XSDDouble,mandatory
missing value,water,measured,sea_subsurf_salinity,291,<empty>,\,/github/workspace/logsheets/filtered/water_measured.csv,XSDDouble,mandatory
missing value,water,measured,sea_subsurf_salinity,292,<empty>,\,/github/workspace/logsheets/filtered/water_measured.csv,XSDDouble,mandatory
missing value,water,measured,sea_subsurf_salinity,293,<empty>,\,/github/workspace/logsheets/filtered/water_measured.csv,XSDDouble,mandatory
missing value,water,measured,sea_subsurf_salinity,294,<empty>,\,/github/workspace/logsheets/filtered/water_measured.csv,XSDDouble,mandatory
missing value,water,measured,sea_subsurf_salinity,295,<empty>,\,/github/workspace/logsheets/filtered/water_measured.csv,XSDDouble,mandatory
missing value,water,measured,sea_subsurf_salinity,296,<empty>,\,/github/workspace/logsheets/filtered/water_measured.csv,XSDDouble,mandatory
missing value,water,measured,sea_subsurf_salinity,297,<empty>,\,/github/workspace/logsheets/filtered/water_measured.csv,XSDDouble,mandatory
missing value,water,measured,sea_subsurf_salinity,298,<empty>,\,/github/workspace/logsheets/filtered/water_measured.csv,XSDDouble,mandatory
missing value,water,measured,sea_subsurf_salinity,299,<empty>,\,/github/workspace/logsheets/filtered/water_measured.csv,XSDDouble,mandatory
missing value,water,measured,sea_subsurf_salinity,300,<empty>,\,/github/workspace/logsheets/filtered/water_measured.csv,XSDDouble,mandatory
missing value,water,measured,sea_subsurf_salinity,301,<empty>,\,/github/workspace/logsheets/filtered/water_measured.csv,XSDDouble,mandatory
missing value,water,measured,sea_subsurf_salinity,302,<empty>,\,/github/workspace/logsheets/filtered/water_measured.csv,XSDDouble,mandatory
missing value,water,measured,sea_subsurf_salinity,303,<empty>,\,/github/workspace/logsheets/filtered/water_measured.csv,XSDDouble,mandatory
missing value,water,measured,sea_subsurf_salinity,304,<empty>,\,/github/workspace/logsheets/filtered/water_measured.csv,XSDDouble,mandatory
missing value,water,measured,sea_subsurf_salinity,305,<empty>,\,/github/workspace/logsheets/filtered/water_measured.csv,XSDDouble,mandatory
missing value,water,measured,sea_subsurf_salinity,306,<empty>,\,/github/workspace/logsheets/filtered/water_measured.csv,XSDDouble,mandatory
missing value,water,measured,sea_subsurf_salinity,307,<empty>,\,/github/workspace/logsheets/filtered/water_measured.csv,XSDDouble,mandatory
missing value,water,measured,sea_subsurf_salinity,308,<empty>,\,/github/workspace/logsheets/filtered/water_measured.csv,XSDDouble,mandatory
missing value,water,measured,sea_subsurf_salinity,309,<empty>,\,/github/workspace/logsheets/filtered/water_measured.csv,XSDDouble,mandatory
missing value,water,measured,sea_subsurf_salinity,310,<empty>,\,/github/workspace/logsheets/filtered/water_measured.csv,XSDDouble,mandatory
missing value,water,measured,sea_subsurf_salinity,311,<empty>,\,/github/workspace/logsheets/filtered/water_measured.csv,XSDDouble,mandatory
missing value,water,measured,sea_subsurf_salinity,312,<empty>,\,/github/workspace/logsheets/filtered/water_measured.csv,XSDDouble,mandatory
missing value,water,measured,sea_subsurf_salinity,313,<empty>,\,/github/workspace/logsheets/filtered/water_measured.csv,XSDDouble,mandatory
missing value,water,measured,sea_subsurf_salinity,314,<empty>,\,/github/workspace/logsheets/filtered/water_measured.csv,XSDDouble,mandatory
missing value,water,measured,sea_subsurf_salinity,315,<empty>,\,/github/workspace/logsheets/filtered/water_measured.csv,XSDDouble,mandatory
missing value,water,measured,sea_subsurf_salinity,316,<empty>,\,/github/workspace/logsheets/filtered/water_measured.csv,XSDDouble,mandatory
missing value,water,measured,sea_subsurf_salinity,317,<empty>,\,/github/workspace/logsheets/filtered/water_measured.csv,XSDDouble,mandatory
missing value,water,measured,sea_subsurf_salinity,318,<empty>,\,/github/workspace/logsheets/filtered/water_measured.csv,XSDDouble,mandatory
missing value,water,measured,sea_subsurf_salinity,319,<empty>,\,/github/workspace/logsheets/filtered/water_measured.csv,XSDDouble,mandatory
missing value,water,measured,sea_subsurf_salinity,320,<empty>,\,/github/workspace/logsheets/filtered/water_measured.csv,XSDDouble,mandatory
missing value,water,measured,sea_subsurf_salinity,321,<empty>,\,/github/workspace/logsheets/filtered/water_measured.csv,XSDDouble,mandatory
missing value,water,measured,sea_subsurf_salinity,322,<empty>,\,/github/workspace/logsheets/filtered/water_measured.csv,XSDDouble,mandatory
missing value,water,measured,sea_subsurf_salinity,323,<empty>,\,/github/workspace/logsheets/filtered/water_measured.csv,XSDDouble,mandatory
missing value,water,measured,sea_subsurf_salinity,324,<empty>,\,/github/workspace/logsheets/filtered/water_measured.csv,XSDDouble,mandatory
missing value,water,measured,sea_subsurf_salinity_method,155,<empty>,\,/github/workspace/logsheets/filtered/water_measured.csv,XSDString,mandatory
missing value,water,measured,sea_subsurf_salinity_method,156,<empty>,\,/github/workspace/logsheets/filtered/water_measured.csv,XSDString,mandatory
missing value,water,measured,sea_subsurf_salinity_method,165,<empty>,\,/github/workspace/logsheets/filtered/water_measured.csv,XSDString,mandatory
missing value,water,measured,sea_subsurf_salinity_method,170,<empty>,\,/github/workspace/logsheets/filtered/water_measured.csv,XSDString,mandatory
missing value,water,measured,sea_subsurf_salinity_method,171,<empty>,\,/github/workspace/logsheets/filtered/water_measured.csv,XSDString,mandatory
missing value,water,measured,sea_subsurf_salinity_method,180,<empty>,\,/github/workspace/logsheets/filtered/water_measured.csv,XSDString,mandatory
missing value,water,measured,sea_subsurf_salinity_method,185,<empty>,\,/github/workspace/logsheets/filtered/water_measured.csv,XSDString,mandatory
missing value,water,measured,sea_subsurf_salinity_method,186,<empty>,\,/github/workspace/logsheets/filtered/water_measured.csv,XSDString,mandatory
missing value,water,measured,sea_subsurf_salinity_method,195,<empty>,\,/github/workspace/logsheets/filtered/water_measured.csv,XSDString,mandatory
missing value,water,measured,sea_subsurf_salinity_method,200,<empty>,\,/github/workspace/logsheets/filtered/water_measured.csv,XSDString,mandatory
missing value,water,measured,sea_subsurf_salinity_method,201,<empty>,\,/github/workspace/logsheets/filtered/water_measured.csv,XSDString,mandatory
missing value,water,measured,sea_subsurf_salinity_method,210,<empty>,\,/github/workspace/logsheets/filtered/water_measured.csv,XSDString,mandatory
missing value,water,measured,sea_subsurf_salinity_method,215,<empty>,\,/github/workspace/logsheets/filtered/water_measured.csv,XSDString,mandatory
missing value,water,measured,sea_subsurf_salinity_method,216,<empty>,\,/github/workspace/logsheets/filtered/water_measured.csv,XSDString,mandatory
missing value,water,measured,sea_subsurf_salinity_method,225,<empty>,\,/github/workspace/logsheets/filtered/water_measured.csv,XSDString,mandatory
missing value,water,measured,sea_subsurf_salinity_method,230,<empty>,\,/github/workspace/logsheets/filtered/water_measured.csv,XSDString,mandatory
missing value,water,measured,sea_subsurf_salinity_method,231,<empty>,\,/github/workspace/logsheets/filtered/water_measured.csv,XSDString,mandatory
missing value,water,measured,sea_subsurf_salinity_method,232,<empty>,\,/github/workspace/logsheets/filtered/water_measured.csv,XSDString,mandatory
missing value,water,measured,sea_subsurf_salinity_method,233,<empty>,\,/github/workspace/logsheets/filtered/water_measured.csv,XSDString,mandatory
missing value,water,measured,sea_subsurf_salinity_method,234,<empty>,\,/github/workspace/logsheets/filtered/water_measured.csv,XSDString,mandatory
missing value,water,measured,sea_subsurf_salinity_method,235,<empty>,\,/github/workspace/logsheets/filtered/water_measured.csv,XSDString,mandatory
missing value,water,measured,sea_subsurf_salinity_method,236,<empty>,\,/github/workspace/logsheets/filtered/water_measured.csv,XSDString,mandatory
missing value,water,measured,sea_subsurf_salinity_method,237,<empty>,\,/github/workspace/logsheets/filtered/water_measured.csv,XSDString,mandatory
missing value,water,measured,sea_subsurf_salinity_method,238,<empty>,\,/github/workspace/logsheets/filtered/water_measured.csv,XSDString,mandatory
missing value,water,measured,sea_subsurf_salinity_method,239,<empty>,\,/github/workspace/logsheets/filtered/water_measured.csv,XSDString,mandatory
missing value,water,measured,sea_subsurf_salinity_method,240,<empty>,\,/github/workspace/logsheets/filtered/water_measured.csv,XSDString,mandatory
missing value,water,measured,sea_subsurf_salinity_method,241,<empty>,\,/github/workspace/logsheets/filtered/water_measured.csv,XSDString,mandatory
missing value,water,measured,sea_subsurf_salinity_method,242,<empty>,\,/github/workspace/logsheets/filtered/water_measured.csv,XSDString,mandatory
missing value,water,measured,sea_subsurf_salinity_method,243,<empty>,\,/github/workspace/logsheets/filtered/water_measured.csv,XSDString,mandatory
missing value,water,measured,sea_subsurf_salinity_method,244,<empty>,\,/github/workspace/logsheets/filtered/water_measured.csv,XSDString,mandatory
missing value,water,measured,sea_subsurf_salinity_method,245,<empty>,\,/github/workspace/logsheets/filtered/water_measured.csv,XSDString,mandatory
missing value,water,measured,sea_subsurf_salinity_method,246,<empty>,\,/github/workspace/logsheets/filtered/water_measured.csv,XSDString,mandatory
missing value,water,measured,sea_subsurf_salinity_method,247,<empty>,\,/github/workspace/logsheets/filtered/water_measured.csv,XSDString,mandatory
missing value,water,measured,sea_subsurf_salinity_method,248,<empty>,\,/github/workspace/logsheets/filtered/water_measured.csv,XSDString,mandatory
missing value,water,measured,sea_subsurf_salinity_method,249,<empty>,\,/github/workspace/logsheets/filtered/water_measured.csv,XSDString,mandatory
missing value,water,measured,sea_subsurf_salinity_method,250,<empty>,\,/github/workspace/logsheets/filtered/water_measured.csv,XSDString,mandatory
missing value,water,measured,sea_subsurf_salinity_method,251,<empty>,\,/github/workspace/logsheets/filtered/water_measured.csv,XSDString,mandatory
missing value,water,measured,sea_subsurf_salinity_method,252,<empty>,\,/github/workspace/logsheets/filtered/water_measured.csv,XSDString,mandatory
missing value,water,measured,sea_subsurf_salinity_method,253,<empty>,\,/github/workspace/logsheets/filtered/water_measured.csv,XSDString,mandatory
missing value,water,measured,sea_subsurf_salinity_method,254,<empty>,\,/github/workspace/logsheets/filtered/water_measured.csv,XSDString,mandatory
missing value,water,measured,sea_subsurf_salinity_method,255,<empty>,\,/github/workspace/logsheets/filtered/water_measured.csv,XSDString,mandatory
missing value,water,measured,sea_subsurf_salinity_method,256,<empty>,\,/github/workspace/logsheets/filtered/water_measured.csv,XSDString,mandatory
missing value,water,measured,sea_subsurf_salinity_method,257,<empty>,\,/github/workspace/logsheets/filtered/water_measured.csv,XSDString,mandatory
missing value,water,measured,sea_subsurf_salinity_method,258,<empty>,\,/github/workspace/logsheets/filtered/water_measured.csv,XSDString,mandatory
missing value,water,measured,sea_subsurf_salinity_method,259,<empty>,\,/github/workspace/logsheets/filtered/water_measured.csv,XSDString,mandatory
missing value,water,measured,sea_subsurf_salinity_method,260,<empty>,\,/github/workspace/logsheets/filtered/water_measured.csv,XSDString,mandatory
missing value,water,measured,sea_subsurf_salinity_method,261,<empty>,\,/github/workspace/logsheets/filtered/water_measured.csv,XSDString,mandatory
missing value,water,measured,sea_subsurf_salinity_method,262,<empty>,\,/github/workspace/logsheets/filtered/water_measured.csv,XSDString,mandatory
missing value,water,measured,sea_subsurf_salinity_method,263,<empty>,\,/github/workspace/logsheets/filtered/water_measured.csv,XSDString,mandatory
missing value,water,measured,sea_subsurf_salinity_method,264,<empty>,\,/github/workspace/logsheets/filtered/water_measured.csv,XSDString,mandatory
missing value,water,measured,sea_subsurf_salinity_method,265,<empty>,\,/github/workspace/logsheets/filtered/water_measured.csv,XSDString,mandatory
missing value,water,measured,sea_subsurf_salinity_method,266,<empty>,\,/github/workspace/logsheets/filtered/water_measured.csv,XSDString,mandatory
missing value,water,measured,sea_subsurf_salinity_method,267,<empty>,\,/github/workspace/logsheets/filtered/water_measured.csv,XSDString,mandatory
missing value,water,measured,sea_subsurf_salinity_method,268,<empty>,\,/github/workspace/logsheets/filtered/water_measured.csv,XSDString,mandatory
missing value,water,measured,sea_subsurf_salinity_method,269,<empty>,\,/github/workspace/logsheets/filtered/water_measured.csv,XSDString,mandatory
missing value,water,measured,sea_subsurf_salinity_method,270,<empty>,\,/github/workspace/logsheets/filtered/water_measured.csv,XSDString,mandatory
missing value,water,measured,sea_subsurf_salinity_method,271,<empty>,\,/github/workspace/logsheets/filtered/water_measured.csv,XSDString,mandatory
missing value,water,measured,sea_subsurf_salinity_method,272,<empty>,\,/github/workspace/logsheets/filtered/water_measured.csv,XSDString,mandatory
missing value,water,measured,sea_subsurf_salinity_method,273,<empty>,\,/github/workspace/logsheets/filtered/water_measured.csv,XSDString,mandatory
missing value,water,measured,sea_subsurf_salinity_method,274,<empty>,\,/github/workspace/logsheets/filtered/water_measured.csv,XSDString,mandatory
missing value,water,measured,sea_subsurf_salinity_method,275,<empty>,\,/github/workspace/logsheets/filtered/water_measured.csv,XSDString,mandatory
missing value,water,measured,sea_subsurf_salinity_method,276,<empty>,\,/github/workspace/logsheets/filtered/water_measured.csv,XSDString,mandatory
missing value,water,measured,sea_subsurf_salinity_method,277,<empty>,\,/github/workspace/logsheets/filtered/water_measured.csv,XSDString,mandatory
missing value,water,measured,sea_subsurf_salinity_method,278,<empty>,\,/github/workspace/logsheets/filtered/water_measured.csv,XSDString,mandatory
missing value,water,measured,sea_subsurf_salinity_method,279,<empty>,\,/github/workspace/logsheets/filtered/water_measured.csv,XSDString,mandatory
missing value,water,measured,sea_subsurf_salinity_method,280,<empty>,\,/github/workspace/logsheets/filtered/water_measured.csv,XSDString,mandatory
missing value,water,measured,sea_subsurf_salinity_method,281,<empty>,\,/github/workspace/logsheets/filtered/water_measured.csv,XSDString,mandatory
missing value,water,measured,sea_subsurf_salinity_method,282,<empty>,\,/github/workspace/logsheets/filtered/water_measured.csv,XSDString,mandatory
missing value,water,measured,sea_subsurf_salinity_method,283,<empty>,\,/github/workspace/logsheets/filtered/water_measured.csv,XSDString,mandatory
missing value,water,measured,sea_subsurf_salinity_method,284,<empty>,\,/github/workspace/logsheets/filtered/water_measured.csv,XSDString,mandatory
missing value,water,measured,sea_subsurf_salinity_method,285,<empty>,\,/github/workspace/logsheets/filtered/water_measured.csv,XSDString,mandatory
missing value,water,measured,sea_subsurf_salinity_method,290,<empty>,\,/github/workspace/logsheets/filtered/water_measured.csv,XSDString,mandatory
missing value,water,measured,sea_subsurf_salinity_method,291,<empty>,\,/github/workspace/logsheets/filtered/water_measured.csv,XSDString,mandatory
missing value,water,measured,sea_subsurf_salinity_method,292,<empty>,\,/github/workspace/logsheets/filtered/water_measured.csv,XSDString,mandatory
missing value,water,measured,sea_subsurf_salinity_method,293,<empty>,\,/github/workspace/logsheets/filtered/water_measured.csv,XSDString,mandatory
missing value,water,measured,sea_subsurf_salinity_method,294,<empty>,\,/github/workspace/logsheets/filtered/water_measured.csv,XSDString,mandatory
missing value,water,measured,sea_subsurf_salinity_method,295,<empty>,\,/github/workspace/logsheets/filtered/water_measured.csv,XSDString,mandatory
missing value,water,measured,sea_subsurf_salinity_method,296,<empty>,\,/github/workspace/logsheets/filtered/water_measured.csv,XSDString,mandatory
missing value,water,measured,sea_subsurf_salinity_method,297,<empty>,\,/github/workspace/logsheets/filtered/water_measured.csv,XSDString,mandatory
missing value,water,measured,sea_subsurf_salinity_method,298,<empty>,\,/github/workspace/logsheets/filtered/water_measured.csv,XSDString,mandatory
missing value,water,measured,sea_subsurf_salinity_method,299,<empty>,\,/github/workspace/logsheets/filtered/water_measured.csv,XSDString,mandatory
missing value,water,measured,sea_subsurf_salinity_method,300,<empty>,\,/github/workspace/logsheets/filtered/water_measured.csv,XSDString,mandatory
missing value,water,measured,sea_subsurf_salinity_method,301,<empty>,\,/github/workspace/logsheets/filtered/water_measured.csv,XSDString,mandatory
missing value,water,measured,sea_subsurf_salinity_method,302,<empty>,\,/github/workspace/logsheets/filtered/water_measured.csv,XSDString,mandatory
missing value,water,measured,sea_subsurf_salinity_method,303,<empty>,\,/github/workspace/logsheets/filtered/water_measured.csv,XSDString,mandatory
missing value,water,measured,sea_subsurf_salinity_method,304,<empty>,\,/github/workspace/logsheets/filtered/water_measured.csv,XSDString,mandatory
missing value,water,measured,sea_subsurf_salinity_method,305,<empty>,\,/github/workspace/logsheets/filtered/water_measured.csv,XSDString,mandatory
missing value,water,measured,sea_subsurf_salinity_method,306,<empty>,\,/github/workspace/logsheets/filtered/water_measured.csv,XSDString,mandatory
missing value,water,measured,sea_subsurf_salinity_method,307,<empty>,\,/github/workspace/logsheets/filtered/water_measured.csv,XSDString,mandatory
missing value,water,measured,sea_subsurf_salinity_method,308,<empty>,\,/github/workspace/logsheets/filtered/water_measured.csv,XSDString,mandatory
missing value,water,measured,sea_subsurf_salinity_method,309,<empty>,\,/github/workspace/logsheets/filtered/water_measured.csv,XSDString,mandatory
missing value,water,measured,sea_subsurf_salinity_method,310,<empty>,\,/github/workspace/logsheets/filtered/water_measured.csv,XSDString,mandatory
missing value,water,measured,sea_subsurf_salinity_method,311,<empty>,\,/github/workspace/logsheets/filtered/water_measured.csv,XSDString,mandatory
missing value,water,measured,sea_subsurf_salinity_method,312,<empty>,\,/github/workspace/logsheets/filtered/water_measured.csv,XSDString,mandatory
missing value,water,measured,sea_subsurf_salinity_method,313,<empty>,\,/github/workspace/logsheets/filtered/water_measured.csv,XSDString,mandatory
missing value,water,measured,sea_subsurf_salinity_method,314,<empty>,\,/github/workspace/logsheets/filtered/water_measured.csv,XSDString,mandatory
missing value,water,measured,sea_subsurf_salinity_method,315,<empty>,\,/github/workspace/logsheets/filtered/water_measured.csv,XSDString,mandatory
missing value,water,measured,sea_subsurf_salinity_method,316,<empty>,\,/github/workspace/logsheets/filtered/water_measured.csv,XSDString,mandatory
missing value,water,measured,sea_subsurf_salinity_method,317,<empty>,\,/github/workspace/logsheets/filtered/water_measured.csv,XSDString,mandatory
missing value,water,measured,sea_subsurf_salinity_method,318,<empty>,\,/github/workspace/logsheets/filtered/water_measured.csv,XSDString,mandatory
missing value,water,measured,sea_subsurf_salinity_method,319,<empty>,\,/github/workspace/logsheets/filtered/water_measured.csv,XSDString,mandatory
missing value,water,measured,sea_subsurf_salinity_method,320,<empty>,\,/github/workspace/logsheets/filtered/water_measured.csv,XSDString,mandatory
missing value,water,measured,sea_subsurf_salinity_method,321,<empty>,\,/github/workspace/logsheets/filtered/water_measured.csv,XSDString,mandatory
missing value,water,measured,sea_subsurf_salinity_method,322,<empty>,\,/github/workspace/logsheets/filtered/water_measured.csv,XSDString,mandatory
missing value,water,measured,sea_subsurf_salinity_method,323,<empty>,\,/github/workspace/logsheets/filtered/water_measured.csv,XSDString,mandatory
missing value,water,measured,sea_subsurf_salinity_method,324,<empty>,\,/github/workspace/logsheets/filtered/water_measured.csv,XSDString,mandatory
missing value,water,measured,sea_subsurf_temp,155,<empty>,\,/github/workspace/logsheets/filtered/water_measured.csv,XSDDouble,mandatory
missing value,water,measured,sea_subsurf_temp,156,<empty>,\,/github/workspace/logsheets/filtered/water_measured.csv,XSDDouble,mandatory
missing value,water,measured,sea_subsurf_temp,165,<empty>,\,/github/workspace/logsheets/filtered/water_measured.csv,XSDDouble,mandatory
missing value,water,measured,sea_subsurf_temp,170,<empty>,\,/github/workspace/logsheets/filtered/water_measured.csv,XSDDouble,mandatory
missing value,water,measured,sea_subsurf_temp,171,<empty>,\,/github/workspace/logsheets/filtered/water_measured.csv,XSDDouble,mandatory
missing value,water,measured,sea_subsurf_temp,180,<empty>,\,/github/workspace/logsheets/filtered/water_measured.csv,XSDDouble,mandatory
missing value,water,measured,sea_subsurf_temp,185,<empty>,\,/github/workspace/logsheets/filtered/water_measured.csv,XSDDouble,mandatory
missing value,water,measured,sea_subsurf_temp,186,<empty>,\,/github/workspace/logsheets/filtered/water_measured.csv,XSDDouble,mandatory
missing value,water,measured,sea_subsurf_temp,195,<empty>,\,/github/workspace/logsheets/filtered/water_measured.csv,XSDDouble,mandatory
missing value,water,measured,sea_subsurf_temp,200,<empty>,\,/github/workspace/logsheets/filtered/water_measured.csv,XSDDouble,mandatory
missing value,water,measured,sea_subsurf_temp,201,<empty>,\,/github/workspace/logsheets/filtered/water_measured.csv,XSDDouble,mandatory
missing value,water,measured,sea_subsurf_temp,210,<empty>,\,/github/workspace/logsheets/filtered/water_measured.csv,XSDDouble,mandatory
missing value,water,measured,sea_subsurf_temp,215,<empty>,\,/github/workspace/logsheets/filtered/water_measured.csv,XSDDouble,mandatory
missing value,water,measured,sea_subsurf_temp,216,<empty>,\,/github/workspace/logsheets/filtered/water_measured.csv,XSDDouble,mandatory
missing value,water,measured,sea_subsurf_temp,225,<empty>,\,/github/workspace/logsheets/filtered/water_measured.csv,XSDDouble,mandatory
missing value,water,measured,sea_subsurf_temp,230,<empty>,\,/github/workspace/logsheets/filtered/water_measured.csv,XSDDouble,mandatory
missing value,water,measured,sea_subsurf_temp,231,<empty>,\,/github/workspace/logsheets/filtered/water_measured.csv,XSDDouble,mandatory
missing value,water,measured,sea_subsurf_temp,232,<empty>,\,/github/workspace/logsheets/filtered/water_measured.csv,XSDDouble,mandatory
missing value,water,measured,sea_subsurf_temp,233,<empty>,\,/github/workspace/logsheets/filtered/water_measured.csv,XSDDouble,mandatory
missing value,water,measured,sea_subsurf_temp,234,<empty>,\,/github/workspace/logsheets/filtered/water_measured.csv,XSDDouble,mandatory
missing value,water,measured,sea_subsurf_temp,235,<empty>,\,/github/workspace/logsheets/filtered/water_measured.csv,XSDDouble,mandatory
missing value,water,measured,sea_subsurf_temp,236,<empty>,\,/github/workspace/logsheets/filtered/water_measured.csv,XSDDouble,mandatory
missing value,water,measured,sea_subsurf_temp,237,<empty>,\,/github/workspace/logsheets/filtered/water_measured.csv,XSDDouble,mandatory
missing value,water,measured,sea_subsurf_temp,238,<empty>,\,/github/workspace/logsheets/filtered/water_measured.csv,XSDDouble,mandatory
missing value,water,measured,sea_subsurf_temp,239,<empty>,\,/github/workspace/logsheets/filtered/water_measured.csv,XSDDouble,mandatory
missing value,water,measured,sea_subsurf_temp,240,<empty>,\,/github/workspace/logsheets/filtered/water_measured.csv,XSDDouble,mandatory
missing value,water,measured,sea_subsurf_temp,241,<empty>,\,/github/workspace/logsheets/filtered/water_measured.csv,XSDDouble,mandatory
missing value,water,measured,sea_subsurf_temp,242,<empty>,\,/github/workspace/logsheets/filtered/water_measured.csv,XSDDouble,mandatory
missing value,water,measured,sea_subsurf_temp,243,<empty>,\,/github/workspace/logsheets/filtered/water_measured.csv,XSDDouble,mandatory
missing value,water,measured,sea_subsurf_temp,244,<empty>,\,/github/workspace/logsheets/filtered/water_measured.csv,XSDDouble,mandatory
missing value,water,measured,sea_subsurf_temp,245,<empty>,\,/github/workspace/logsheets/filtered/water_measured.csv,XSDDouble,mandatory
missing value,water,measured,sea_subsurf_temp,246,<empty>,\,/github/workspace/logsheets/filtered/water_measured.csv,XSDDouble,mandatory
missing value,water,measured,sea_subsurf_temp,247,<empty>,\,/github/workspace/logsheets/filtered/water_measured.csv,XSDDouble,mandatory
missing value,water,measured,sea_subsurf_temp,248,<empty>,\,/github/workspace/logsheets/filtered/water_measured.csv,XSDDouble,mandatory
missing value,water,measured,sea_subsurf_temp,249,<empty>,\,/github/workspace/logsheets/filtered/water_measured.csv,XSDDouble,mandatory
missing value,water,measured,sea_subsurf_temp,250,<empty>,\,/github/workspace/logsheets/filtered/water_measured.csv,XSDDouble,mandatory
missing value,water,measured,sea_subsurf_temp,251,<empty>,\,/github/workspace/logsheets/filtered/water_measured.csv,XSDDouble,mandatory
missing value,water,measured,sea_subsurf_temp,252,<empty>,\,/github/workspace/logsheets/filtered/water_measured.csv,XSDDouble,mandatory
missing value,water,measured,sea_subsurf_temp,253,<empty>,\,/github/workspace/logsheets/filtered/water_measured.csv,XSDDouble,mandatory
missing value,water,measured,sea_subsurf_temp,254,<empty>,\,/github/workspace/logsheets/filtered/water_measured.csv,XSDDouble,mandatory
missing value,water,measured,sea_subsurf_temp,255,<empty>,\,/github/workspace/logsheets/filtered/water_measured.csv,XSDDouble,mandatory
missing value,water,measured,sea_subsurf_temp,256,<empty>,\,/github/workspace/logsheets/filtered/water_measured.csv,XSDDouble,mandatory
missing value,water,measured,sea_subsurf_temp,257,<empty>,\,/github/workspace/logsheets/filtered/water_measured.csv,XSDDouble,mandatory
missing value,water,measured,sea_subsurf_temp,258,<empty>,\,/github/workspace/logsheets/filtered/water_measured.csv,XSDDouble,mandatory
missing value,water,measured,sea_subsurf_temp,259,<empty>,\,/github/workspace/logsheets/filtered/water_measured.csv,XSDDouble,mandatory
missing value,water,measured,sea_subsurf_temp,260,<empty>,\,/github/workspace/logsheets/filtered/water_measured.csv,XSDDouble,mandatory
missing value,water,measured,sea_subsurf_temp,261,<empty>,\,/github/workspace/logsheets/filtered/water_measured.csv,XSDDouble,mandatory
missing value,water,measured,sea_subsurf_temp,262,<empty>,\,/github/workspace/logsheets/filtered/water_measured.csv,XSDDouble,mandatory
missing value,water,measured,sea_subsurf_temp,263,<empty>,\,/github/workspace/logsheets/filtered/water_measured.csv,XSDDouble,mandatory
missing value,water,measured,sea_subsurf_temp,264,<empty>,\,/github/workspace/logsheets/filtered/water_measured.csv,XSDDouble,mandatory
missing value,water,measured,sea_subsurf_temp,265,<empty>,\,/github/workspace/logsheets/filtered/water_measured.csv,XSDDouble,mandatory
missing value,water,measured,sea_subsurf_temp,266,<empty>,\,/github/workspace/logsheets/filtered/water_measured.csv,XSDDouble,mandatory
missing value,water,measured,sea_subsurf_temp,267,<empty>,\,/github/workspace/logsheets/filtered/water_measured.csv,XSDDouble,mandatory
missing value,water,measured,sea_subsurf_temp,268,<empty>,\,/github/workspace/logsheets/filtered/water_measured.csv,XSDDouble,mandatory
missing value,water,measured,sea_subsurf_temp,269,<empty>,\,/github/workspace/logsheets/filtered/water_measured.csv,XSDDouble,mandatory
missing value,water,measured,sea_subsurf_temp,270,<empty>,\,/github/workspace/logsheets/filtered/water_measured.csv,XSDDouble,mandatory
missing value,water,measured,sea_subsurf_temp,271,<empty>,\,/github/workspace/logsheets/filtered/water_measured.csv,XSDDouble,mandatory
missing value,water,measured,sea_subsurf_temp,272,<empty>,\,/github/workspace/logsheets/filtered/water_measured.csv,XSDDouble,mandatory
missing value,water,measured,sea_subsurf_temp,273,<empty>,\,/github/workspace/logsheets/filtered/water_measured.csv,XSDDouble,mandatory
missing value,water,measured,sea_subsurf_temp,274,<empty>,\,/github/workspace/logsheets/filtered/water_measured.csv,XSDDouble,mandatory
missing value,water,measured,sea_subsurf_temp,275,<empty>,\,/github/workspace/logsheets/filtered/water_measured.csv,XSDDouble,mandatory
missing value,water,measured,sea_subsurf_temp,276,<empty>,\,/github/workspace/logsheets/filtered/water_measured.csv,XSDDouble,mandatory
missing value,water,measured,sea_subsurf_temp,277,<empty>,\,/github/workspace/logsheets/filtered/water_measured.csv,XSDDouble,mandatory
missing value,water,measured,sea_subsurf_temp,278,<empty>,\,/github/workspace/logsheets/filtered/water_measured.csv,XSDDouble,mandatory
missing value,water,measured,sea_subsurf_temp,279,<empty>,\,/github/workspace/logsheets/filtered/water_measured.csv,XSDDouble,mandatory
missing value,water,measured,sea_subsurf_temp,280,<empty>,\,/github/workspace/logsheets/filtered/water_measured.csv,XSDDouble,mandatory
missing value,water,measured,sea_subsurf_temp,281,<empty>,\,/github/workspace/logsheets/filtered/water_measured.csv,XSDDouble,mandatory
missing value,water,measured,sea_subsurf_temp,282,<empty>,\,/github/workspace/logsheets/filtered/water_measured.csv,XSDDouble,mandatory
missing value,water,measured,sea_subsurf_temp,283,<empty>,\,/github/workspace/logsheets/filtered/water_measured.csv,XSDDouble,mandatory
missing value,water,measured,sea_subsurf_temp,284,<empty>,\,/github/workspace/logsheets/filtered/water_measured.csv,XSDDouble,mandatory
missing value,water,measured,sea_subsurf_temp,285,<empty>,\,/github/workspace/logsheets/filtered/water_measured.csv,XSDDouble,mandatory
missing value,water,measured,sea_subsurf_temp,290,<empty>,\,/github/workspace/logsheets/filtered/water_measured.csv,XSDDouble,mandatory
missing value,water,measured,sea_subsurf_temp,291,<empty>,\,/github/workspace/logsheets/filtered/water_measured.csv,XSDDouble,mandatory
missing value,water,measured,sea_subsurf_temp,292,<empty>,\,/github/workspace/logsheets/filtered/water_measured.csv,XSDDouble,mandatory
missing value,water,measured,sea_subsurf_temp,293,<empty>,\,/github/workspace/logsheets/filtered/water_measured.csv,XSDDouble,mandatory
missing value,water,measured,sea_subsurf_temp,294,<empty>,\,/github/workspace/logsheets/filtered/water_measured.csv,XSDDouble,mandatory
missing value,water,measured,sea_subsurf_temp,295,<empty>,\,/github/workspace/logsheets/filtered/water_measured.csv,XSDDouble,mandatory
missing value,water,measured,sea_subsurf_temp,296,<empty>,\,/github/workspace/logsheets/filtered/water_measured.csv,XSDDouble,mandatory
missing value,water,measured,sea_subsurf_temp,297,<empty>,\,/github/workspace/logsheets/filtered/water_measured.csv,XSDDouble,mandatory
missing value,water,measured,sea_subsurf_temp,298,<empty>,\,/github/workspace/logsheets/filtered/water_measured.csv,XSDDouble,mandatory
missing value,water,measured,sea_subsurf_temp,299,<empty>,\,/github/workspace/logsheets/filtered/water_measured.csv,XSDDouble,mandatory
missing value,water,measured,sea_subsurf_temp,300,<empty>,\,/github/workspace/logsheets/filtered/water_measured.csv,XSDDouble,mandatory
missing value,water,measured,sea_subsurf_temp,301,<empty>,\,/github/workspace/logsheets/filtered/water_measured.csv,XSDDouble,mandatory
missing value,water,measured,sea_subsurf_temp,302,<empty>,\,/github/workspace/logsheets/filtered/water_measured.csv,XSDDouble,mandatory
missing value,water,measured,sea_subsurf_temp,303,<empty>,\,/github/workspace/logsheets/filtered/water_measured.csv,XSDDouble,mandatory
missing value,water,measured,sea_subsurf_temp,304,<empty>,\,/github/workspace/logsheets/filtered/water_measured.csv,XSDDouble,mandatory
missing value,water,measured,sea_subsurf_temp,305,<empty>,\,/github/workspace/logsheets/filtered/water_measured.csv,XSDDouble,mandatory
missing value,water,measured,sea_subsurf_temp,306,<empty>,\,/github/workspace/logsheets/filtered/water_measured.csv,XSDDouble,mandatory
missing value,water,measured,sea_subsurf_temp,307,<empty>,\,/github/workspace/logsheets/filtered/water_measured.csv,XSDDouble,mandatory
missing value,water,measured,sea_subsurf_temp,308,<empty>,\,/github/workspace/logsheets/filtered/water_measured.csv,XSDDouble,mandatory
missing value,water,measured,sea_subsurf_temp,309,<empty>,\,/github/workspace/logsheets/filtered/water_measured.csv,XSDDouble,mandatory
missing value,water,measured,sea_subsurf_temp,310,<empty>,\,/github/workspace/logsheets/filtered/water_measured.csv,XSDDouble,mandatory
missing value,water,measured,sea_subsurf_temp,311,<empty>,\,/github/workspace/logsheets/filtered/water_measured.csv,XSDDouble,mandatory
missing value,water,measured,sea_subsurf_temp,312,<empty>,\,/github/workspace/logsheets/filtered/water_measured.csv,XSDDouble,mandatory
missing value,water,measured,sea_subsurf_temp,313,<empty>,\,/github/workspace/logsheets/filtered/water_measured.csv,XSDDouble,mandatory
missing value,water,measured,sea_subsurf_temp,314,<empty>,\,/github/workspace/logsheets/filtered/water_measured.csv,XSDDouble,mandatory
missing value,water,measured,sea_subsurf_temp,315,<empty>,\,/github/workspace/logsheets/filtered/water_measured.csv,XSDDouble,mandatory
missing value,water,measured,sea_subsurf_temp,316,<empty>,\,/github/workspace/logsheets/filtered/water_measured.csv,XSDDouble,mandatory
missing value,water,measured,sea_subsurf_temp,317,<empty>,\,/github/workspace/logsheets/filtered/water_measured.csv,XSDDouble,mandatory
missing value,water,measured,sea_subsurf_temp,318,<empty>,\,/github/workspace/logsheets/filtered/water_measured.csv,XSDDouble,mandatory
missing value,water,measured,sea_subsurf_temp,319,<empty>,\,/github/workspace/logsheets/filtered/water_measured.csv,XSDDouble,mandatory
missing value,water,measured,sea_subsurf_temp,320,<empty>,\,/github/workspace/logsheets/filtered/water_measured.csv,XSDDouble,mandatory
missing value,water,measured,sea_subsurf_temp,321,<empty>,\,/github/workspace/logsheets/filtered/water_measured.csv,XSDDouble,mandatory
missing value,water,measured,sea_subsurf_temp,322,<empty>,\,/github/workspace/logsheets/filtered/water_measured.csv,XSDDouble,mandatory
missing value,water,measured,sea_subsurf_temp,323,<empty>,\,/github/workspace/logsheets/filtered/water_measured.csv,XSDDouble,mandatory
missing value,water,measured,sea_subsurf_temp,324,<empty>,\,/github/workspace/logsheets/filtered/water_measured.csv,XSDDouble,mandatory
missing value,water,measured,sea_subsurf_temp_method,155,<empty>,\,/github/workspace/logsheets/filtered/water_measured.csv,XSDString,mandatory
missing value,water,measured,sea_subsurf_temp_method,156,<empty>,\,/github/workspace/logsheets/filtered/water_measured.csv,XSDString,mandatory
missing value,water,measured,sea_subsurf_temp_method,165,<empty>,\,/github/workspace/logsheets/filtered/water_measured.csv,XSDString,mandatory
missing value,water,measured,sea_subsurf_temp_method,170,<empty>,\,/github/workspace/logsheets/filtered/water_measured.csv,XSDString,mandatory
missing value,water,measured,sea_subsurf_temp_method,171,<empty>,\,/github/workspace/logsheets/filtered/water_measured.csv,XSDString,mandatory
missing value,water,measured,sea_subsurf_temp_method,180,<empty>,\,/github/workspace/logsheets/filtered/water_measured.csv,XSDString,mandatory
missing value,water,measured,sea_subsurf_temp_method,185,<empty>,\,/github/workspace/logsheets/filtered/water_measured.csv,XSDString,mandatory
missing value,water,measured,sea_subsurf_temp_method,186,<empty>,\,/github/workspace/logsheets/filtered/water_measured.csv,XSDString,mandatory
missing value,water,measured,sea_subsurf_temp_method,195,<empty>,\,/github/workspace/logsheets/filtered/water_measured.csv,XSDString,mandatory
missing value,water,measured,sea_subsurf_temp_method,200,<empty>,\,/github/workspace/logsheets/filtered/water_measured.csv,XSDString,mandatory
missing value,water,measured,sea_subsurf_temp_method,201,<empty>,\,/github/workspace/logsheets/filtered/water_measured.csv,XSDString,mandatory
missing value,water,measured,sea_subsurf_temp_method,210,<empty>,\,/github/workspace/logsheets/filtered/water_measured.csv,XSDString,mandatory
missing value,water,measured,sea_subsurf_temp_method,215,<empty>,\,/github/workspace/logsheets/filtered/water_measured.csv,XSDString,mandatory
missing value,water,measured,sea_subsurf_temp_method,216,<empty>,\,/github/workspace/logsheets/filtered/water_measured.csv,XSDString,mandatory
missing value,water,measured,sea_subsurf_temp_method,225,<empty>,\,/github/workspace/logsheets/filtered/water_measured.csv,XSDString,mandatory
missing value,water,measured,sea_subsurf_temp_method,230,<empty>,\,/github/workspace/logsheets/filtered/water_measured.csv,XSDString,mandatory
missing value,water,measured,sea_subsurf_temp_method,231,<empty>,\,/github/workspace/logsheets/filtered/water_measured.csv,XSDString,mandatory
missing value,water,measured,sea_subsurf_temp_method,232,<empty>,\,/github/workspace/logsheets/filtered/water_measured.csv,XSDString,mandatory
missing value,water,measured,sea_subsurf_temp_method,233,<empty>,\,/github/workspace/logsheets/filtered/water_measured.csv,XSDString,mandatory
missing value,water,measured,sea_subsurf_temp_method,234,<empty>,\,/github/workspace/logsheets/filtered/water_measured.csv,XSDString,mandatory
missing value,water,measured,sea_subsurf_temp_method,235,<empty>,\,/github/workspace/logsheets/filtered/water_measured.csv,XSDString,mandatory
missing value,water,measured,sea_subsurf_temp_method,236,<empty>,\,/github/workspace/logsheets/filtered/water_measured.csv,XSDString,mandatory
missing value,water,measured,sea_subsurf_temp_method,237,<empty>,\,/github/workspace/logsheets/filtered/water_measured.csv,XSDString,mandatory
missing value,water,measured,sea_subsurf_temp_method,238,<empty>,\,/github/workspace/logsheets/filtered/water_measured.csv,XSDString,mandatory
missing value,water,measured,sea_subsurf_temp_method,239,<empty>,\,/github/workspace/logsheets/filtered/water_measured.csv,XSDString,mandatory
missing value,water,measured,sea_subsurf_temp_method,240,<empty>,\,/github/workspace/logsheets/filtered/water_measured.csv,XSDString,mandatory
missing value,water,measured,sea_subsurf_temp_method,241,<empty>,\,/github/workspace/logsheets/filtered/water_measured.csv,XSDString,mandatory
missing value,water,measured,sea_subsurf_temp_method,242,<empty>,\,/github/workspace/logsheets/filtered/water_measured.csv,XSDString,mandatory
missing value,water,measured,sea_subsurf_temp_method,243,<empty>,\,/github/workspace/logsheets/filtered/water_measured.csv,XSDString,mandatory
missing value,water,measured,sea_subsurf_temp_method,244,<empty>,\,/github/workspace/logsheets/filtered/water_measured.csv,XSDString,mandatory
missing value,water,measured,sea_subsurf_temp_method,245,<empty>,\,/github/workspace/logsheets/filtered/water_measured.csv,XSDString,mandatory
missing value,water,measured,sea_subsurf_temp_method,246,<empty>,\,/github/workspace/logsheets/filtered/water_measured.csv,XSDString,mandatory
missing value,water,measured,sea_subsurf_temp_method,247,<empty>,\,/github/workspace/logsheets/filtered/water_measured.csv,XSDString,mandatory
missing value,water,measured,sea_subsurf_temp_method,248,<empty>,\,/github/workspace/logsheets/filtered/water_measured.csv,XSDString,mandatory
missing value,water,measured,sea_subsurf_temp_method,249,<empty>,\,/github/workspace/logsheets/filtered/water_measured.csv,XSDString,mandatory
missing value,water,measured,sea_subsurf_temp_method,250,<empty>,\,/github/workspace/logsheets/filtered/water_measured.csv,XSDString,mandatory
missing value,water,measured,sea_subsurf_temp_method,251,<empty>,\,/github/workspace/logsheets/filtered/water_measured.csv,XSDString,mandatory
missing value,water,measured,sea_subsurf_temp_method,252,<empty>,\,/github/workspace/logsheets/filtered/water_measured.csv,XSDString,mandatory
missing value,water,measured,sea_subsurf_temp_method,253,<empty>,\,/github/workspace/logsheets/filtered/water_measured.csv,XSDString,mandatory
missing value,water,measured,sea_subsurf_temp_method,254,<empty>,\,/github/workspace/logsheets/filtered/water_measured.csv,XSDString,mandatory
missing value,water,measured,sea_subsurf_temp_method,255,<empty>,\,/github/workspace/logsheets/filtered/water_measured.csv,XSDString,mandatory
missing value,water,measured,sea_subsurf_temp_method,256,<empty>,\,/github/workspace/logsheets/filtered/water_measured.csv,XSDString,mandatory
missing value,water,measured,sea_subsurf_temp_method,257,<empty>,\,/github/workspace/logsheets/filtered/water_measured.csv,XSDString,mandatory
missing value,water,measured,sea_subsurf_temp_method,258,<empty>,\,/github/workspace/logsheets/filtered/water_measured.csv,XSDString,mandatory
missing value,water,measured,sea_subsurf_temp_method,259,<empty>,\,/github/workspace/logsheets/filtered/water_measured.csv,XSDString,mandatory
missing value,water,measured,sea_subsurf_temp_method,260,<empty>,\,/github/workspace/logsheets/filtered/water_measured.csv,XSDString,mandatory
missing value,water,measured,sea_subsurf_temp_method,261,<empty>,\,/github/workspace/logsheets/filtered/water_measured.csv,XSDString,mandatory
missing value,water,measured,sea_subsurf_temp_method,262,<empty>,\,/github/workspace/logsheets/filtered/water_measured.csv,XSDString,mandatory
missing value,water,measured,sea_subsurf_temp_method,263,<empty>,\,/github/workspace/logsheets/filtered/water_measured.csv,XSDString,mandatory
missing value,water,measured,sea_subsurf_temp_method,264,<empty>,\,/github/workspace/logsheets/filtered/water_measured.csv,XSDString,mandatory
missing value,water,measured,sea_subsurf_temp_method,265,<empty>,\,/github/workspace/logsheets/filtered/water_measured.csv,XSDString,mandatory
missing value,water,measured,sea_subsurf_temp_method,266,<empty>,\,/github/workspace/logsheets/filtered/water_measured.csv,XSDString,mandatory
missing value,water,measured,sea_subsurf_temp_method,267,<empty>,\,/github/workspace/logsheets/filtered/water_measured.csv,XSDString,mandatory
missing value,water,measured,sea_subsurf_temp_method,268,<empty>,\,/github/workspace/logsheets/filtered/water_measured.csv,XSDString,mandatory
missing value,water,measured,sea_subsurf_temp_method,269,<empty>,\,/github/workspace/logsheets/filtered/water_measured.csv,XSDString,mandatory
missing value,water,measured,sea_subsurf_temp_method,270,<empty>,\,/github/workspace/logsheets/filtered/water_measured.csv,XSDString,mandatory
missing value,water,measured,sea_subsurf_temp_method,271,<empty>,\,/github/workspace/logsheets/filtered/water_measured.csv,XSDString,mandatory
missing value,water,measured,sea_subsurf_temp_method,272,<empty>,\,/github/workspace/logsheets/filtered/water_measured.csv,XSDString,mandatory
missing value,water,measured,sea_subsurf_temp_method,273,<empty>,\,/github/workspace/logsheets/filtered/water_measured.csv,XSDString,mandatory
missing value,water,measured,sea_subsurf_temp_method,274,<empty>,\,/github/workspace/logsheets/filtered/water_measured.csv,XSDString,mandatory
missing value,water,measured,sea_subsurf_temp_method,275,<empty>,\,/github/workspace/logsheets/filtered/water_measured.csv,XSDString,mandatory
missing value,water,measured,sea_subsurf_temp_method,276,<empty>,\,/github/workspace/logsheets/filtered/water_measured.csv,XSDString,mandatory
missing value,water,measured,sea_subsurf_temp_method,277,<empty>,\,/github/workspace/logsheets/filtered/water_measured.csv,XSDString,mandatory
missing value,water,measured,sea_subsurf_temp_method,278,<empty>,\,/github/workspace/logsheets/filtered/water_measured.csv,XSDString,mandatory
missing value,water,measured,sea_subsurf_temp_method,279,<empty>,\,/github/workspace/logsheets/filtered/water_measured.csv,XSDString,mandatory
missing value,water,measured,sea_subsurf_temp_method,280,<empty>,\,/github/workspace/logsheets/filtered/water_measured.csv,XSDString,mandatory
missing value,water,measured,sea_subsurf_temp_method,281,<empty>,\,/github/workspace/logsheets/filtered/water_measured.csv,XSDString,mandatory
missing value,water,measured,sea_subsurf_temp_method,282,<empty>,\,/github/workspace/logsheets/filtered/water_measured.csv,XSDString,mandatory
missing value,water,measured,sea_subsurf_temp_method,283,<empty>,\,/github/workspace/logsheets/filtered/water_measured.csv,XSDString,mandatory
missing value,water,measured,sea_subsurf_temp_method,284,<empty>,\,/github/workspace/logsheets/filtered/water_measured.csv,XSDString,mandatory
missing value,water,measured,sea_subsurf_temp_method,285,<empty>,\,/github/workspace/logsheets/filtered/water_measured.csv,XSDString,mandatory
missing value,water,measured,sea_subsurf_temp_method,290,<empty>,\,/github/workspace/logsheets/filtered/water_measured.csv,XSDString,mandatory
missing value,water,measured,sea_subsurf_temp_method,291,<empty>,\,/github/workspace/logsheets/filtered/water_measured.csv,XSDString,mandatory
missing value,water,measured,sea_subsurf_temp_method,292,<empty>,\,/github/workspace/logsheets/filtered/water_measured.csv,XSDString,mandatory
missing value,water,measured,sea_subsurf_temp_method,293,<empty>,\,/github/workspace/logsheets/filtered/water_measured.csv,XSDString,mandatory
missing value,water,measured,sea_subsurf_temp_method,294,<empty>,\,/github/workspace/logsheets/filtered/water_measured.csv,XSDString,mandatory
missing value,water,measured,sea_subsurf_temp_method,295,<empty>,\,/github/workspace/logsheets/filtered/water_measured.csv,XSDString,mandatory
missing value,water,measured,sea_subsurf_temp_method,296,<empty>,\,/github/workspace/logsheets/filtered/water_measured.csv,XSDString,mandatory
missing value,water,measured,sea_subsurf_temp_method,297,<empty>,\,/github/workspace/logsheets/filtered/water_measured.csv,XSDString,mandatory
missing value,water,measured,sea_subsurf_temp_method,298,<empty>,\,/github/workspace/logsheets/filtered/water_measured.csv,XSDString,mandatory
missing value,water,measured,sea_subsurf_temp_method,299,<empty>,\,/github/workspace/logsheets/filtered/water_measured.csv,XSDString,mandatory
missing value,water,measured,sea_subsurf_temp_method,300,<empty>,\,/github/workspace/logsheets/filtered/water_measured.csv,XSDString,mandatory
missing value,water,measured,sea_subsurf_temp_method,301,<empty>,\,/github/workspace/logsheets/filtered/water_measured.csv,XSDString,mandatory
missing value,water,measured,sea_subsurf_temp_method,302,<empty>,\,/github/workspace/logsheets/filtered/water_measured.csv,XSDString,mandatory
missing value,water,measured,sea_subsurf_temp_method,303,<empty>,\,/github/workspace/logsheets/filtered/water_measured.csv,XSDString,mandatory
missing value,water,measured,sea_subsurf_temp_method,304,<empty>,\,/github/workspace/logsheets/filtered/water_measured.csv,XSDString,mandatory
missing value,water,measured,sea_subsurf_temp_method,305,<empty>,\,/github/workspace/logsheets/filtered/water_measured.csv,XSDString,mandatory
missing value,water,measured,sea_subsurf_temp_method,306,<empty>,\,/github/workspace/logsheets/filtered/water_measured.csv,XSDString,mandatory
missing value,water,measured,sea_subsurf_temp_method,307,<empty>,\,/github/workspace/logsheets/filtered/water_measured.csv,XSDString,mandatory
missing value,water,measured,sea_subsurf_temp_method,308,<empty>,\,/github/workspace/logsheets/filtered/water_measured.csv,XSDString,mandatory
missing value,water,measured,sea_subsurf_temp_method,309,<empty>,\,/github/workspace/logsheets/filtered/water_measured.csv,XSDString,mandatory
missing value,water,measured,sea_subsurf_temp_method,310,<empty>,\,/github/workspace/logsheets/filtered/water_measured.csv,XSDString,mandatory
missing value,water,measured,sea_subsurf_temp_method,311,<empty>,\,/github/workspace/logsheets/filtered/water_measured.csv,XSDString,mandatory
missing value,water,measured,sea_subsurf_temp_method,312,<empty>,\,/github/workspace/logsheets/filtered/water_measured.csv,XSDString,mandatory
missing value,water,measured,sea_subsurf_temp_method,313,<empty>,\,/github/workspace/logsheets/filtered/water_measured.csv,XSDString,mandatory
missing value,water,measured,sea_subsurf_temp_method,314,<empty>,\,/github/workspace/logsheets/filtered/water_measured.csv,XSDString,mandatory
missing value,water,measured,sea_subsurf_temp_method,315,<empty>,\,/github/workspace/logsheets/filtered/water_measured.csv,XSDString,mandatory
missing value,water,measured,sea_subsurf_temp_method,316,<empty>,\,/github/workspace/logsheets/filtered/water_measured.csv,XSDString,mandatory
missing value,water,measured,sea_subsurf_temp_method,317,<empty>,\,/github/workspace/logsheets/filtered/water_measured.csv,XSDString,mandatory
missing value,water,measured,sea_subsurf_temp_method,318,<empty>,\,/github/workspace/logsheets/filtered/water_measured.csv,XSDString,mandatory
missing value,water,measured,sea_subsurf_temp_method,319,<empty>,\,/github/workspace/logsheets/filtered/water_measured.csv,XSDString,mandatory
missing value,water,measured,sea_subsurf_temp_method,320,<empty>,\,/github/workspace/logsheets/filtered/water_measured.csv,XSDString,mandatory
missing value,water,measured,sea_subsurf_temp_method,321,<empty>,\,/github/workspace/logsheets/filtered/water_measured.csv,XSDString,mandatory
missing value,water,measured,sea_subsurf_temp_method,322,<empty>,\,/github/workspace/logsheets/filtered/water_measured.csv,XSDString,mandatory
missing value,water,measured,sea_subsurf_temp_method,323,<empty>,\,/github/workspace/logsheets/filtered/water_measured.csv,XSDString,mandatory
missing value,water,measured,sea_subsurf_temp_method,324,<empty>,\,/github/workspace/logsheets/filtered/water_measured.csv,XSDString,mandatory
missing value,water,measured,sea_surf_temp,155,<empty>,\,/github/workspace/logsheets/filtered/water_measured.csv,XSDDouble,mandatory
missing value,water,measured,sea_surf_temp,156,<empty>,\,/github/workspace/logsheets/filtered/water_measured.csv,XSDDouble,mandatory
missing value,water,measured,sea_surf_temp,165,<empty>,\,/github/workspace/logsheets/filtered/water_measured.csv,XSDDouble,mandatory
missing value,water,measured,sea_surf_temp,170,<empty>,\,/github/workspace/logsheets/filtered/water_measured.csv,XSDDouble,mandatory
missing value,water,measured,sea_surf_temp,171,<empty>,\,/github/workspace/logsheets/filtered/water_measured.csv,XSDDouble,mandatory
missing value,water,measured,sea_surf_temp,180,<empty>,\,/github/workspace/logsheets/filtered/water_measured.csv,XSDDouble,mandatory
missing value,water,measured,sea_surf_temp,185,<empty>,\,/github/workspace/logsheets/filtered/water_measured.csv,XSDDouble,mandatory
missing value,water,measured,sea_surf_temp,186,<empty>,\,/github/workspace/logsheets/filtered/water_measured.csv,XSDDouble,mandatory
missing value,water,measured,sea_surf_temp,195,<empty>,\,/github/workspace/logsheets/filtered/water_measured.csv,XSDDouble,mandatory
missing value,water,measured,sea_surf_temp,200,<empty>,\,/github/workspace/logsheets/filtered/water_measured.csv,XSDDouble,mandatory
missing value,water,measured,sea_surf_temp,201,<empty>,\,/github/workspace/logsheets/filtered/water_measured.csv,XSDDouble,mandatory
missing value,water,measured,sea_surf_temp,210,<empty>,\,/github/workspace/logsheets/filtered/water_measured.csv,XSDDouble,mandatory
missing value,water,measured,sea_surf_temp,215,<empty>,\,/github/workspace/logsheets/filtered/water_measured.csv,XSDDouble,mandatory
missing value,water,measured,sea_surf_temp,216,<empty>,\,/github/workspace/logsheets/filtered/water_measured.csv,XSDDouble,mandatory
missing value,water,measured,sea_surf_temp,225,<empty>,\,/github/workspace/logsheets/filtered/water_measured.csv,XSDDouble,mandatory
missing value,water,measured,sea_surf_temp,230,<empty>,\,/github/workspace/logsheets/filtered/water_measured.csv,XSDDouble,mandatory
missing value,water,measured,sea_surf_temp,231,<empty>,\,/github/workspace/logsheets/filtered/water_measured.csv,XSDDouble,mandatory
missing value,water,measured,sea_surf_temp,240,<empty>,\,/github/workspace/logsheets/filtered/water_measured.csv,XSDDouble,mandatory
missing value,water,measured,sea_surf_temp,245,<empty>,\,/github/workspace/logsheets/filtered/water_measured.csv,XSDDouble,mandatory
missing value,water,measured,sea_surf_temp,246,<empty>,\,/github/workspace/logsheets/filtered/water_measured.csv,XSDDouble,mandatory
missing value,water,measured,sea_surf_temp,255,<empty>,\,/github/workspace/logsheets/filtered/water_measured.csv,XSDDouble,mandatory
missing value,water,measured,sea_surf_temp,260,<empty>,\,/github/workspace/logsheets/filtered/water_measured.csv,XSDDouble,mandatory
missing value,water,measured,sea_surf_temp,261,<empty>,\,/github/workspace/logsheets/filtered/water_measured.csv,XSDDouble,mandatory
missing value,water,measured,sea_surf_temp,270,<empty>,\,/github/workspace/logsheets/filtered/water_measured.csv,XSDDouble,mandatory
missing value,water,measured,sea_surf_temp,275,<empty>,\,/github/workspace/logsheets/filtered/water_measured.csv,XSDDouble,mandatory
missing value,water,measured,sea_surf_temp,276,<empty>,\,/github/workspace/logsheets/filtered/water_measured.csv,XSDDouble,mandatory
missing value,water,measured,sea_surf_temp,285,<empty>,\,/github/workspace/logsheets/filtered/water_measured.csv,XSDDouble,mandatory
missing value,water,measured,sea_surf_temp,290,<empty>,\,/github/workspace/logsheets/filtered/water_measured.csv,XSDDouble,mandatory
missing value,water,measured,sea_surf_temp,291,<empty>,\,/github/workspace/logsheets/filtered/water_measured.csv,XSDDouble,mandatory
missing value,water,measured,sea_surf_temp,300,<empty>,\,/github/workspace/logsheets/filtered/water_measured.csv,XSDDouble,mandatory
missing value,water,measured,sea_surf_temp,305,<empty>,\,/github/workspace/logsheets/filtered/water_measured.csv,XSDDouble,mandatory
missing value,water,measured,sea_surf_temp,306,<empty>,\,/github/workspace/logsheets/filtered/water_measured.csv,XSDDouble,mandatory
missing value,water,measured,sea_surf_temp,315,<empty>,\,/github/workspace/logsheets/filtered/water_measured.csv,XSDDouble,mandatory
missing value,water,measured,sea_surf_temp,320,<empty>,\,/github/workspace/logsheets/filtered/water_measured.csv,XSDDouble,mandatory
missing value,water,measured,sea_surf_temp_method,155,<empty>,\,/github/workspace/logsheets/filtered/water_measured.csv,XSDString,mandatory
missing value,water,measured,sea_surf_temp_method,156,<empty>,\,/github/workspace/logsheets/filtered/water_measured.csv,XSDString,mandatory
missing value,water,measured,sea_surf_temp_method,165,<empty>,\,/github/workspace/logsheets/filtered/water_measured.csv,XSDString,mandatory
missing value,water,measured,sea_surf_temp_method,170,<empty>,\,/github/workspace/logsheets/filtered/water_measured.csv,XSDString,mandatory
missing value,water,measured,sea_surf_temp_method,171,<empty>,\,/github/workspace/logsheets/filtered/water_measured.csv,XSDString,mandatory
missing value,water,measured,sea_surf_temp_method,180,<empty>,\,/github/workspace/logsheets/filtered/water_measured.csv,XSDString,mandatory
missing value,water,measured,sea_surf_temp_method,185,<empty>,\,/github/workspace/logsheets/filtered/water_measured.csv,XSDString,mandatory
missing value,water,measured,sea_surf_temp_method,186,<empty>,\,/github/workspace/logsheets/filtered/water_measured.csv,XSDString,mandatory
missing value,water,measured,sea_surf_temp_method,195,<empty>,\,/github/workspace/logsheets/filtered/water_measured.csv,XSDString,mandatory
missing value,water,measured,sea_surf_temp_method,200,<empty>,\,/github/workspace/logsheets/filtered/water_measured.csv,XSDString,mandatory
missing value,water,measured,sea_surf_temp_method,201,<empty>,\,/github/workspace/logsheets/filtered/water_measured.csv,XSDString,mandatory
missing value,water,measured,sea_surf_temp_method,210,<empty>,\,/github/workspace/logsheets/filtered/water_measured.csv,XSDString,mandatory
missing value,water,measured,sea_surf_temp_method,215,<empty>,\,/github/workspace/logsheets/filtered/water_measured.csv,XSDString,mandatory
missing value,water,measured,sea_surf_temp_method,216,<empty>,\,/github/workspace/logsheets/filtered/water_measured.csv,XSDString,mandatory
missing value,water,measured,sea_surf_temp_method,225,<empty>,\,/github/workspace/logsheets/filtered/water_measured.csv,XSDString,mandatory
missing value,water,measured,sea_surf_temp_method,230,<empty>,\,/github/workspace/logsheets/filtered/water_measured.csv,XSDString,mandatory
missing value,water,measured,sea_surf_temp_method,231,<empty>,\,/github/workspace/logsheets/filtered/water_measured.csv,XSDString,mandatory
missing value,water,measured,sea_surf_temp_method,240,<empty>,\,/github/workspace/logsheets/filtered/water_measured.csv,XSDString,mandatory
missing value,water,measured,sea_surf_temp_method,245,<empty>,\,/github/workspace/logsheets/filtered/water_measured.csv,XSDString,mandatory
missing value,water,measured,sea_surf_temp_method,246,<empty>,\,/github/workspace/logsheets/filtered/water_measured.csv,XSDString,mandatory
missing value,water,measured,sea_surf_temp_method,255,<empty>,\,/github/workspace/logsheets/filtered/water_measured.csv,XSDString,mandatory
missing value,water,measured,sea_surf_temp_method,260,<empty>,\,/github/workspace/logsheets/filtered/water_measured.csv,XSDString,mandatory
missing value,water,measured,sea_surf_temp_method,261,<empty>,\,/github/workspace/logsheets/filtered/water_measured.csv,XSDString,mandatory
missing value,water,measured,sea_surf_temp_method,270,<empty>,\,/github/workspace/logsheets/filtered/water_measured.csv,XSDString,mandatory
missing value,water,measured,sea_surf_temp_method,275,<empty>,\,/github/workspace/logsheets/filtered/water_measured.csv,XSDString,mandatory
missing value,water,measured,sea_surf_temp_method,276,<empty>,\,/github/workspace/logsheets/filtered/water_measured.csv,XSDString,mandatory
missing value,water,measured,sea_surf_temp_method,285,<empty>,\,/github/workspace/logsheets/filtered/water_measured.csv,XSDString,mandatory
missing value,water,measured,sea_surf_temp_method,290,<empty>,\,/github/workspace/logsheets/filtered/water_measured.csv,XSDString,mandatory
missing value,water,measured,sea_surf_temp_method,291,<empty>,\,/github/workspace/logsheets/filtered/water_measured.csv,XSDString,mandatory
missing value,water,measured,sea_surf_temp_method,300,<empty>,\,/github/workspace/logsheets/filtered/water_measured.csv,XSDString,mandatory
missing value,water,measured,sea_surf_temp_method,305,<empty>,\,/github/workspace/logsheets/filtered/water_measured.csv,XSDString,mandatory
missing value,water,measured,sea_surf_temp_method,306,<empty>,\,/github/workspace/logsheets/filtered/water_measured.csv,XSDString,mandatory
missing value,water,measured,sea_surf_temp_method,315,<empty>,\,/github/workspace/logsheets/filtered/water_measured.csv,XSDString,mandatory
missing value,water,measured,sea_surf_temp_method,320,<empty>,\,/github/workspace/logsheets/filtered/water_measured.csv,XSDString,mandatory
missing value,water,measured,source_mat_id,155,<empty>,\,/github/workspace/logsheets/filtered/water_measured.csv,XSDString,mandatory
missing value,water,measured,source_mat_id,156,<empty>,\,/github/workspace/logsheets/filtered/water_measured.csv,XSDString,mandatory
missing value,water,measured,source_mat_id,157,<empty>,\,/github/workspace/logsheets/filtered/water_measured.csv,XSDString,mandatory
missing value,water,measured,source_mat_id,158,<empty>,\,/github/workspace/logsheets/filtered/water_measured.csv,XSDString,mandatory
missing value,water,measured,source_mat_id,159,<empty>,\,/github/workspace/logsheets/filtered/water_measured.csv,XSDString,mandatory
missing value,water,measured,source_mat_id,160,<empty>,\,/github/workspace/logsheets/filtered/water_measured.csv,XSDString,mandatory
missing value,water,measured,source_mat_id,161,<empty>,\,/github/workspace/logsheets/filtered/water_measured.csv,XSDString,mandatory
missing value,water,measured,source_mat_id,162,<empty>,\,/github/workspace/logsheets/filtered/water_measured.csv,XSDString,mandatory
missing value,water,measured,source_mat_id,163,<empty>,\,/github/workspace/logsheets/filtered/water_measured.csv,XSDString,mandatory
missing value,water,measured,source_mat_id,164,<empty>,\,/github/workspace/logsheets/filtered/water_measured.csv,XSDString,mandatory
missing value,water,measured,source_mat_id,165,<empty>,\,/github/workspace/logsheets/filtered/water_measured.csv,XSDString,mandatory
missing value,water,measured,source_mat_id,166,<empty>,\,/github/workspace/logsheets/filtered/water_measured.csv,XSDString,mandatory
missing value,water,measured,source_mat_id,167,<empty>,\,/github/workspace/logsheets/filtered/water_measured.csv,XSDString,mandatory
missing value,water,measured,source_mat_id,168,<empty>,\,/github/workspace/logsheets/filtered/water_measured.csv,XSDString,mandatory
missing value,water,measured,source_mat_id,169,<empty>,\,/github/workspace/logsheets/filtered/water_measured.csv,XSDString,mandatory
missing value,water,measured,source_mat_id,170,<empty>,\,/github/workspace/logsheets/filtered/water_measured.csv,XSDString,mandatory
missing value,water,measured,source_mat_id,171,<empty>,\,/github/workspace/logsheets/filtered/water_measured.csv,XSDString,mandatory
missing value,water,measured,source_mat_id,172,<empty>,\,/github/workspace/logsheets/filtered/water_measured.csv,XSDString,mandatory
missing value,water,measured,source_mat_id,173,<empty>,\,/github/workspace/logsheets/filtered/water_measured.csv,XSDString,mandatory
missing value,water,measured,source_mat_id,174,<empty>,\,/github/workspace/logsheets/filtered/water_measured.csv,XSDString,mandatory
missing value,water,measured,source_mat_id,175,<empty>,\,/github/workspace/logsheets/filtered/water_measured.csv,XSDString,mandatory
missing value,water,measured,source_mat_id,176,<empty>,\,/github/workspace/logsheets/filtered/water_measured.csv,XSDString,mandatory
missing value,water,measured,source_mat_id,177,<empty>,\,/github/workspace/logsheets/filtered/water_measured.csv,XSDString,mandatory
missing value,water,measured,source_mat_id,178,<empty>,\,/github/workspace/logsheets/filtered/water_measured.csv,XSDString,mandatory
missing value,water,measured,source_mat_id,179,<empty>,\,/github/workspace/logsheets/filtered/water_measured.csv,XSDString,mandatory
missing value,water,measured,source_mat_id,180,<empty>,\,/github/workspace/logsheets/filtered/water_measured.csv,XSDString,mandatory
missing value,water,measured,source_mat_id,181,<empty>,\,/github/workspace/logsheets/filtered/water_measured.csv,XSDString,mandatory
missing value,water,measured,source_mat_id,182,<empty>,\,/github/workspace/logsheets/filtered/water_measured.csv,XSDString,mandatory
missing value,water,measured,source_mat_id,183,<empty>,\,/github/workspace/logsheets/filtered/water_measured.csv,XSDString,mandatory
missing value,water,measured,source_mat_id,184,<empty>,\,/github/workspace/logsheets/filtered/water_measured.csv,XSDString,mandatory
missing value,water,measured,source_mat_id,185,<empty>,\,/github/workspace/logsheets/filtered/water_measured.csv,XSDString,mandatory
missing value,water,measured,source_mat_id,186,<empty>,\,/github/workspace/logsheets/filtered/water_measured.csv,XSDString,mandatory
missing value,water,measured,source_mat_id,187,<empty>,\,/github/workspace/logsheets/filtered/water_measured.csv,XSDString,mandatory
missing value,water,measured,source_mat_id,188,<empty>,\,/github/workspace/logsheets/filtered/water_measured.csv,XSDString,mandatory
missing value,water,measured,source_mat_id,189,<empty>,\,/github/workspace/logsheets/filtered/water_measured.csv,XSDString,mandatory
missing value,water,measured,source_mat_id,190,<empty>,\,/github/workspace/logsheets/filtered/water_measured.csv,XSDString,mandatory
missing value,water,measured,source_mat_id,191,<empty>,\,/github/workspace/logsheets/filtered/water_measured.csv,XSDString,mandatory
missing value,water,measured,source_mat_id,192,<empty>,\,/github/workspace/logsheets/filtered/water_measured.csv,XSDString,mandatory
missing value,water,measured,source_mat_id,193,<empty>,\,/github/workspace/logsheets/filtered/water_measured.csv,XSDString,mandatory
missing value,water,measured,source_mat_id,194,<empty>,\,/github/workspace/logsheets/filtered/water_measured.csv,XSDString,mandatory
missing value,water,measured,source_mat_id,195,<empty>,\,/github/workspace/logsheets/filtered/water_measured.csv,XSDString,mandatory
missing value,water,measured,source_mat_id,196,<empty>,\,/github/workspace/logsheets/filtered/water_measured.csv,XSDString,mandatory
missing value,water,measured,source_mat_id,197,<empty>,\,/github/workspace/logsheets/filtered/water_measured.csv,XSDString,mandatory
missing value,water,measured,source_mat_id,198,<empty>,\,/github/workspace/logsheets/filtered/water_measured.csv,XSDString,mandatory
missing value,water,measured,source_mat_id,199,<empty>,\,/github/workspace/logsheets/filtered/water_measured.csv,XSDString,mandatory
missing value,water,measured,source_mat_id,200,<empty>,\,/github/workspace/logsheets/filtered/water_measured.csv,XSDString,mandatory
missing value,water,measured,source_mat_id,201,<empty>,\,/github/workspace/logsheets/filtered/water_measured.csv,XSDString,mandatory
missing value,water,measured,source_mat_id,202,<empty>,\,/github/workspace/logsheets/filtered/water_measured.csv,XSDString,mandatory
missing value,water,measured,source_mat_id,203,<empty>,\,/github/workspace/logsheets/filtered/water_measured.csv,XSDString,mandatory
missing value,water,measured,source_mat_id,204,<empty>,\,/github/workspace/logsheets/filtered/water_measured.csv,XSDString,mandatory
missing value,water,measured,source_mat_id,205,<empty>,\,/github/workspace/logsheets/filtered/water_measured.csv,XSDString,mandatory
missing value,water,measured,source_mat_id,206,<empty>,\,/github/workspace/logsheets/filtered/water_measured.csv,XSDString,mandatory
missing value,water,measured,source_mat_id,207,<empty>,\,/github/workspace/logsheets/filtered/water_measured.csv,XSDString,mandatory
missing value,water,measured,source_mat_id,208,<empty>,\,/github/workspace/logsheets/filtered/water_measured.csv,XSDString,mandatory
missing value,water,measured,source_mat_id,209,<empty>,\,/github/workspace/logsheets/filtered/water_measured.csv,XSDString,mandatory
missing value,water,measured,source_mat_id,210,<empty>,\,/github/workspace/logsheets/filtered/water_measured.csv,XSDString,mandatory
missing value,water,measured,source_mat_id,211,<empty>,\,/github/workspace/logsheets/filtered/water_measured.csv,XSDString,mandatory
missing value,water,measured,source_mat_id,212,<empty>,\,/github/workspace/logsheets/filtered/water_measured.csv,XSDString,mandatory
missing value,water,measured,source_mat_id,213,<empty>,\,/github/workspace/logsheets/filtered/water_measured.csv,XSDString,mandatory
missing value,water,measured,source_mat_id,214,<empty>,\,/github/workspace/logsheets/filtered/water_measured.csv,XSDString,mandatory
missing value,water,measured,source_mat_id,215,<empty>,\,/github/workspace/logsheets/filtered/water_measured.csv,XSDString,mandatory
missing value,water,measured,source_mat_id,216,<empty>,\,/github/workspace/logsheets/filtered/water_measured.csv,XSDString,mandatory
missing value,water,measured,source_mat_id,217,<empty>,\,/github/workspace/logsheets/filtered/water_measured.csv,XSDString,mandatory
missing value,water,measured,source_mat_id,218,<empty>,\,/github/workspace/logsheets/filtered/water_measured.csv,XSDString,mandatory
missing value,water,measured,source_mat_id,219,<empty>,\,/github/workspace/logsheets/filtered/water_measured.csv,XSDString,mandatory
missing value,water,measured,source_mat_id,220,<empty>,\,/github/workspace/logsheets/filtered/water_measured.csv,XSDString,mandatory
missing value,water,measured,source_mat_id,221,<empty>,\,/github/workspace/logsheets/filtered/water_measured.csv,XSDString,mandatory
missing value,water,measured,source_mat_id,222,<empty>,\,/github/workspace/logsheets/filtered/water_measured.csv,XSDString,mandatory
missing value,water,measured,source_mat_id,223,<empty>,\,/github/workspace/logsheets/filtered/water_measured.csv,XSDString,mandatory
missing value,water,measured,source_mat_id,224,<empty>,\,/github/workspace/logsheets/filtered/water_measured.csv,XSDString,mandatory
missing value,water,measured,source_mat_id,225,<empty>,\,/github/workspace/logsheets/filtered/water_measured.csv,XSDString,mandatory
missing value,water,measured,source_mat_id,226,<empty>,\,/github/workspace/logsheets/filtered/water_measured.csv,XSDString,mandatory
missing value,water,measured,source_mat_id,227,<empty>,\,/github/workspace/logsheets/filtered/water_measured.csv,XSDString,mandatory
missing value,water,measured,source_mat_id,228,<empty>,\,/github/workspace/logsheets/filtered/water_measured.csv,XSDString,mandatory
missing value,water,measured,source_mat_id,229,<empty>,\,/github/workspace/logsheets/filtered/water_measured.csv,XSDString,mandatory
missing value,water,measured,source_mat_id,230,<empty>,\,/github/workspace/logsheets/filtered/water_measured.csv,XSDString,mandatory
missing value,water,measured,source_mat_id,231,<empty>,\,/github/workspace/logsheets/filtered/water_measured.csv,XSDString,mandatory
missing value,water,measured,source_mat_id,232,<empty>,\,/github/workspace/logsheets/filtered/water_measured.csv,XSDString,mandatory
missing value,water,measured,source_mat_id,233,<empty>,\,/github/workspace/logsheets/filtered/water_measured.csv,XSDString,mandatory
missing value,water,measured,source_mat_id,234,<empty>,\,/github/workspace/logsheets/filtered/water_measured.csv,XSDString,mandatory
missing value,water,measured,source_mat_id,235,<empty>,\,/github/workspace/logsheets/filtered/water_measured.csv,XSDString,mandatory
missing value,water,measured,source_mat_id,236,<empty>,\,/github/workspace/logsheets/filtered/water_measured.csv,XSDString,mandatory
missing value,water,measured,source_mat_id,237,<empty>,\,/github/workspace/logsheets/filtered/water_measured.csv,XSDString,mandatory
missing value,water,measured,source_mat_id,238,<empty>,\,/github/workspace/logsheets/filtered/water_measured.csv,XSDString,mandatory
missing value,water,measured,source_mat_id,239,<empty>,\,/github/workspace/logsheets/filtered/water_measured.csv,XSDString,mandatory
missing value,water,measured,source_mat_id,240,<empty>,\,/github/workspace/logsheets/filtered/water_measured.csv,XSDString,mandatory
missing value,water,measured,source_mat_id,241,<empty>,\,/github/workspace/logsheets/filtered/water_measured.csv,XSDString,mandatory
missing value,water,measured,source_mat_id,242,<empty>,\,/github/workspace/logsheets/filtered/water_measured.csv,XSDString,mandatory
missing value,water,measured,source_mat_id,243,<empty>,\,/github/workspace/logsheets/filtered/water_measured.csv,XSDString,mandatory
missing value,water,measured,source_mat_id,244,<empty>,\,/github/workspace/logsheets/filtered/water_measured.csv,XSDString,mandatory
missing value,water,measured,source_mat_id,245,<empty>,\,/github/workspace/logsheets/filtered/water_measured.csv,XSDString,mandatory
missing value,water,measured,source_mat_id,246,<empty>,\,/github/workspace/logsheets/filtered/water_measured.csv,XSDString,mandatory
missing value,water,measured,source_mat_id,247,<empty>,\,/github/workspace/logsheets/filtered/water_measured.csv,XSDString,mandatory
missing value,water,measured,source_mat_id,248,<empty>,\,/github/workspace/logsheets/filtered/water_measured.csv,XSDString,mandatory
missing value,water,measured,source_mat_id,249,<empty>,\,/github/workspace/logsheets/filtered/water_measured.csv,XSDString,mandatory
missing value,water,measured,source_mat_id,250,<empty>,\,/github/workspace/logsheets/filtered/water_measured.csv,XSDString,mandatory
missing value,water,measured,source_mat_id,251,<empty>,\,/github/workspace/logsheets/filtered/water_measured.csv,XSDString,mandatory
missing value,water,measured,source_mat_id,252,<empty>,\,/github/workspace/logsheets/filtered/water_measured.csv,XSDString,mandatory
missing value,water,measured,source_mat_id,253,<empty>,\,/github/workspace/logsheets/filtered/water_measured.csv,XSDString,mandatory
missing value,water,measured,source_mat_id,254,<empty>,\,/github/workspace/logsheets/filtered/water_measured.csv,XSDString,mandatory
missing value,water,measured,source_mat_id,255,<empty>,\,/github/workspace/logsheets/filtered/water_measured.csv,XSDString,mandatory
missing value,water,measured,source_mat_id,256,<empty>,\,/github/workspace/logsheets/filtered/water_measured.csv,XSDString,mandatory
missing value,water,measured,source_mat_id,257,<empty>,\,/github/workspace/logsheets/filtered/water_measured.csv,XSDString,mandatory
missing value,water,measured,source_mat_id,258,<empty>,\,/github/workspace/logsheets/filtered/water_measured.csv,XSDString,mandatory
missing value,water,measured,source_mat_id,259,<empty>,\,/github/workspace/logsheets/filtered/water_measured.csv,XSDString,mandatory
missing value,water,measured,source_mat_id,260,<empty>,\,/github/workspace/logsheets/filtered/water_measured.csv,XSDString,mandatory
missing value,water,measured,source_mat_id,261,<empty>,\,/github/workspace/logsheets/filtered/water_measured.csv,XSDString,mandatory
missing value,water,measured,source_mat_id,262,<empty>,\,/github/workspace/logsheets/filtered/water_measured.csv,XSDString,mandatory
missing value,water,measured,source_mat_id,263,<empty>,\,/github/workspace/logsheets/filtered/water_measured.csv,XSDString,mandatory
missing value,water,measured,source_mat_id,264,<empty>,\,/github/workspace/logsheets/filtered/water_measured.csv,XSDString,mandatory
missing value,water,measured,source_mat_id,265,<empty>,\,/github/workspace/logsheets/filtered/water_measured.csv,XSDString,mandatory
missing value,water,measured,source_mat_id,266,<empty>,\,/github/workspace/logsheets/filtered/water_measured.csv,XSDString,mandatory
missing value,water,measured,source_mat_id,267,<empty>,\,/github/workspace/logsheets/filtered/water_measured.csv,XSDString,mandatory
missing value,water,measured,source_mat_id,268,<empty>,\,/github/workspace/logsheets/filtered/water_measured.csv,XSDString,mandatory
missing value,water,measured,source_mat_id,269,<empty>,\,/github/workspace/logsheets/filtered/water_measured.csv,XSDString,mandatory
missing value,water,measured,source_mat_id,270,<empty>,\,/github/workspace/logsheets/filtered/water_measured.csv,XSDString,mandatory
missing value,water,measured,source_mat_id,271,<empty>,\,/github/workspace/logsheets/filtered/water_measured.csv,XSDString,mandatory
missing value,water,measured,source_mat_id,272,<empty>,\,/github/workspace/logsheets/filtered/water_measured.csv,XSDString,mandatory
missing value,water,measured,source_mat_id,273,<empty>,\,/github/workspace/logsheets/filtered/water_measured.csv,XSDString,mandatory
missing value,water,measured,source_mat_id,274,<empty>,\,/github/workspace/logsheets/filtered/water_measured.csv,XSDString,mandatory
missing value,water,measured,source_mat_id,275,<empty>,\,/github/workspace/logsheets/filtered/water_measured.csv,XSDString,mandatory
missing value,water,measured,source_mat_id,276,<empty>,\,/github/workspace/logsheets/filtered/water_measured.csv,XSDString,mandatory
missing value,water,measured,source_mat_id,277,<empty>,\,/github/workspace/logsheets/filtered/water_measured.csv,XSDString,mandatory
missing value,water,measured,source_mat_id,278,<empty>,\,/github/workspace/logsheets/filtered/water_measured.csv,XSDString,mandatory
missing value,water,measured,source_mat_id,279,<empty>,\,/github/workspace/logsheets/filtered/water_measured.csv,XSDString,mandatory
missing value,water,measured,source_mat_id,280,<empty>,\,/github/workspace/logsheets/filtered/water_measured.csv,XSDString,mandatory
missing value,water,measured,source_mat_id,281,<empty>,\,/github/workspace/logsheets/filtered/water_measured.csv,XSDString,mandatory
missing value,water,measured,source_mat_id,282,<empty>,\,/github/workspace/logsheets/filtered/water_measured.csv,XSDString,mandatory
missing value,water,measured,source_mat_id,283,<empty>,\,/github/workspace/logsheets/filtered/water_measured.csv,XSDString,mandatory
missing value,water,measured,source_mat_id,284,<empty>,\,/github/workspace/logsheets/filtered/water_measured.csv,XSDString,mandatory
missing value,water,measured,source_mat_id,285,<empty>,\,/github/workspace/logsheets/filtered/water_measured.csv,XSDString,mandatory
missing value,water,measured,source_mat_id,286,<empty>,\,/github/workspace/logsheets/filtered/water_measured.csv,XSDString,mandatory
missing value,water,measured,source_mat_id,287,<empty>,\,/github/workspace/logsheets/filtered/water_measured.csv,XSDString,mandatory
missing value,water,measured,source_mat_id,288,<empty>,\,/github/workspace/logsheets/filtered/water_measured.csv,XSDString,mandatory
missing value,water,measured,source_mat_id,289,<empty>,\,/github/workspace/logsheets/filtered/water_measured.csv,XSDString,mandatory
missing value,water,measured,source_mat_id,290,<empty>,\,/github/workspace/logsheets/filtered/water_measured.csv,XSDString,mandatory
missing value,water,measured,source_mat_id,291,<empty>,\,/github/workspace/logsheets/filtered/water_measured.csv,XSDString,mandatory
missing value,water,measured,source_mat_id,292,<empty>,\,/github/workspace/logsheets/filtered/water_measured.csv,XSDString,mandatory
missing value,water,measured,source_mat_id,293,<empty>,\,/github/workspace/logsheets/filtered/water_measured.csv,XSDString,mandatory
missing value,water,measured,source_mat_id,294,<empty>,\,/github/workspace/logsheets/filtered/water_measured.csv,XSDString,mandatory
missing value,water,measured,source_mat_id,295,<empty>,\,/github/workspace/logsheets/filtered/water_measured.csv,XSDString,mandatory
missing value,water,measured,source_mat_id,296,<empty>,\,/github/workspace/logsheets/filtered/water_measured.csv,XSDString,mandatory
missing value,water,measured,source_mat_id,297,<empty>,\,/github/workspace/logsheets/filtered/water_measured.csv,XSDString,mandatory
missing value,water,measured,source_mat_id,298,<empty>,\,/github/workspace/logsheets/filtered/water_measured.csv,XSDString,mandatory
missing value,water,measured,source_mat_id,299,<empty>,\,/github/workspace/logsheets/filtered/water_measured.csv,XSDString,mandatory
missing value,water,measured,source_mat_id,300,<empty>,\,/github/workspace/logsheets/filtered/water_measured.csv,XSDString,mandatory
missing value,water,measured,source_mat_id,301,<empty>,\,/github/workspace/logsheets/filtered/water_measured.csv,XSDString,mandatory
missing value,water,measured,source_mat_id,302,<empty>,\,/github/workspace/logsheets/filtered/water_measured.csv,XSDString,mandatory
missing value,water,measured,source_mat_id,303,<empty>,\,/github/workspace/logsheets/filtered/water_measured.csv,XSDString,mandatory
missing value,water,measured,source_mat_id,304,<empty>,\,/github/workspace/logsheets/filtered/water_measured.csv,XSDString,mandatory
missing value,water,measured,source_mat_id,305,<empty>,\,/github/workspace/logsheets/filtered/water_measured.csv,XSDString,mandatory
missing value,water,measured,source_mat_id,306,<empty>,\,/github/workspace/logsheets/filtered/water_measured.csv,XSDString,mandatory
missing value,water,measured,source_mat_id,307,<empty>,\,/github/workspace/logsheets/filtered/water_measured.csv,XSDString,mandatory
missing value,water,measured,source_mat_id,308,<empty>,\,/github/workspace/logsheets/filtered/water_measured.csv,XSDString,mandatory
missing value,water,measured,source_mat_id,309,<empty>,\,/github/workspace/logsheets/filtered/water_measured.csv,XSDString,mandatory
missing value,water,measured,source_mat_id,310,<empty>,\,/github/workspace/logsheets/filtered/water_measured.csv,XSDString,mandatory
missing value,water,measured,source_mat_id,311,<empty>,\,/github/workspace/logsheets/filtered/water_measured.csv,XSDString,mandatory
missing value,water,measured,source_mat_id,312,<empty>,\,/github/workspace/logsheets/filtered/water_measured.csv,XSDString,mandatory
missing value,water,measured,source_mat_id,313,<empty>,\,/github/workspace/logsheets/filtered/water_measured.csv,XSDString,mandatory
missing value,water,measured,source_mat_id,314,<empty>,\,/github/workspace/logsheets/filtered/water_measured.csv,XSDString,mandatory
missing value,water,measured,source_mat_id,315,<empty>,\,/github/workspace/logsheets/filtered/water_measured.csv,XSDString,mandatory
missing value,water,measured,source_mat_id,316,<empty>,\,/github/workspace/logsheets/filtered/water_measured.csv,XSDString,mandatory
missing value,water,measured,source_mat_id,317,<empty>,\,/github/workspace/logsheets/filtered/water_measured.csv,XSDString,mandatory
missing value,water,measured,source_mat_id,318,<empty>,\,/github/workspace/logsheets/filtered/water_measured.csv,XSDString,mandatory
missing value,water,measured,source_mat_id,319,<empty>,\,/github/workspace/logsheets/filtered/water_measured.csv,XSDString,mandatory
missing value,water,measured,source_mat_id,320,<empty>,\,/github/workspace/logsheets/filtered/water_measured.csv,XSDString,mandatory
missing value,water,measured,source_mat_id,321,<empty>,\,/github/workspace/logsheets/filtered/water_measured.csv,XSDString,mandatory
missing value,water,measured,source_mat_id,322,<empty>,\,/github/workspace/logsheets/filtered/water_measured.csv,XSDString,mandatory
missing value,water,measured,source_mat_id,323,<empty>,\,/github/workspace/logsheets/filtered/water_measured.csv,XSDString,mandatory
missing value,water,measured,source_mat_id,324,<empty>,\,/github/workspace/logsheets/filtered/water_measured.csv,XSDString,mandatory
missing value,water,sampling,ENA_accession_number_sample,1,<empty>,\,/github/workspace/logsheets/filtered/water_sampling.csv,XSDAnyURI,mandatory
missing value,water,sampling,ENA_accession_number_sample,2,<empty>,\,/github/workspace/logsheets/filtered/water_sampling.csv,XSDAnyURI,mandatory
missing value,water,sampling,ENA_accession_number_sample,3,<empty>,\,/github/workspace/logsheets/filtered/water_sampling.csv,XSDAnyURI,mandatory
missing value,water,sampling,ENA_accession_number_sample,4,<empty>,\,/github/workspace/logsheets/filtered/water_sampling.csv,XSDAnyURI,mandatory
missing value,water,sampling,ENA_accession_number_sample,5,<empty>,\,/github/workspace/logsheets/filtered/water_sampling.csv,XSDAnyURI,mandatory
missing value,water,sampling,ENA_accession_number_sample,6,<empty>,\,/github/workspace/logsheets/filtered/water_sampling.csv,XSDAnyURI,mandatory
missing value,water,sampling,ENA_accession_number_sample,7,<empty>,\,/github/workspace/logsheets/filtered/water_sampling.csv,XSDAnyURI,mandatory
missing value,water,sampling,ENA_accession_number_sample,8,<empty>,\,/github/workspace/logsheets/filtered/water_sampling.csv,XSDAnyURI,mandatory
missing value,water,sampling,ENA_accession_number_sample,9,<empty>,\,/github/workspace/logsheets/filtered/water_sampling.csv,XSDAnyURI,mandatory
missing value,water,sampling,ENA_accession_number_sample,10,<empty>,\,/github/workspace/logsheets/filtered/water_sampling.csv,XSDAnyURI,mandatory
missing value,water,sampling,ENA_accession_number_sample,11,<empty>,\,/github/workspace/logsheets/filtered/water_sampling.csv,XSDAnyURI,mandatory
missing value,water,sampling,ENA_accession_number_sample,12,<empty>,\,/github/workspace/logsheets/filtered/water_sampling.csv,XSDAnyURI,mandatory
missing value,water,sampling,ENA_accession_number_sample,13,<empty>,\,/github/workspace/logsheets/filtered/water_sampling.csv,XSDAnyURI,mandatory
missing value,water,sampling,ENA_accession_number_sample,14,<empty>,\,/github/workspace/logsheets/filtered/water_sampling.csv,XSDAnyURI,mandatory
missing value,water,sampling,ENA_accession_number_sample,15,<empty>,\,/github/workspace/logsheets/filtered/water_sampling.csv,XSDAnyURI,mandatory
missing value,water,sampling,ENA_accession_number_sample,16,<empty>,\,/github/workspace/logsheets/filtered/water_sampling.csv,XSDAnyURI,mandatory
missing value,water,sampling,ENA_accession_number_sample,17,<empty>,\,/github/workspace/logsheets/filtered/water_sampling.csv,XSDAnyURI,mandatory
missing value,water,sampling,ENA_accession_number_sample,18,<empty>,\,/github/workspace/logsheets/filtered/water_sampling.csv,XSDAnyURI,mandatory
missing value,water,sampling,ENA_accession_number_sample,19,<empty>,\,/github/workspace/logsheets/filtered/water_sampling.csv,XSDAnyURI,mandatory
missing value,water,sampling,ENA_accession_number_sample,20,<empty>,\,/github/workspace/logsheets/filtered/water_sampling.csv,XSDAnyURI,mandatory
missing value,water,sampling,ENA_accession_number_sample,21,<empty>,\,/github/workspace/logsheets/filtered/water_sampling.csv,XSDAnyURI,mandatory
missing value,water,sampling,ENA_accession_number_sample,22,<empty>,\,/github/workspace/logsheets/filtered/water_sampling.csv,XSDAnyURI,mandatory
missing value,water,sampling,ENA_accession_number_sample,23,<empty>,\,/github/workspace/logsheets/filtered/water_sampling.csv,XSDAnyURI,mandatory
missing value,water,sampling,ENA_accession_number_sample,24,<empty>,\,/github/workspace/logsheets/filtered/water_sampling.csv,XSDAnyURI,mandatory
missing value,water,sampling,ENA_accession_number_sample,25,<empty>,\,/github/workspace/logsheets/filtered/water_sampling.csv,XSDAnyURI,mandatory
missing value,water,sampling,ENA_accession_number_sample,26,<empty>,\,/github/workspace/logsheets/filtered/water_sampling.csv,XSDAnyURI,mandatory
missing value,water,sampling,ENA_accession_number_sample,27,<empty>,\,/github/workspace/logsheets/filtered/water_sampling.csv,XSDAnyURI,mandatory
missing value,water,sampling,ENA_accession_number_sample,28,<empty>,\,/github/workspace/logsheets/filtered/water_sampling.csv,XSDAnyURI,mandatory
missing value,water,sampling,ENA_accession_number_sample,29,<empty>,\,/github/workspace/logsheets/filtered/water_sampling.csv,XSDAnyURI,mandatory
missing value,water,sampling,ENA_accession_number_sample,30,<empty>,\,/github/workspace/logsheets/filtered/water_sampling.csv,XSDAnyURI,mandatory
missing value,water,sampling,ENA_accession_number_sample,31,<empty>,\,/github/workspace/logsheets/filtered/water_sampling.csv,XSDAnyURI,mandatory
missing value,water,sampling,ENA_accession_number_sample,32,<empty>,\,/github/workspace/logsheets/filtered/water_sampling.csv,XSDAnyURI,mandatory
missing value,water,sampling,ENA_accession_number_sample,33,<empty>,\,/github/workspace/logsheets/filtered/water_sampling.csv,XSDAnyURI,mandatory
missing value,water,sampling,ENA_accession_number_sample,34,<empty>,\,/github/workspace/logsheets/filtered/water_sampling.csv,XSDAnyURI,mandatory
missing value,water,sampling,ENA_accession_number_sample,35,<empty>,\,/github/workspace/logsheets/filtered/water_sampling.csv,XSDAnyURI,mandatory
missing value,water,sampling,ENA_accession_number_sample,36,<empty>,\,/github/workspace/logsheets/filtered/water_sampling.csv,XSDAnyURI,mandatory
missing value,water,sampling,ENA_accession_number_sample,37,<empty>,\,/github/workspace/logsheets/filtered/water_sampling.csv,XSDAnyURI,mandatory
missing value,water,sampling,ENA_accession_number_sample,38,<empty>,\,/github/workspace/logsheets/filtered/water_sampling.csv,XSDAnyURI,mandatory
missing value,water,sampling,ENA_accession_number_sample,39,<empty>,\,/github/workspace/logsheets/filtered/water_sampling.csv,XSDAnyURI,mandatory
missing value,water,sampling,ENA_accession_number_sample,40,<empty>,\,/github/workspace/logsheets/filtered/water_sampling.csv,XSDAnyURI,mandatory
missing value,water,sampling,ENA_accession_number_sample,41,<empty>,\,/github/workspace/logsheets/filtered/water_sampling.csv,XSDAnyURI,mandatory
missing value,water,sampling,ENA_accession_number_sample,42,<empty>,\,/github/workspace/logsheets/filtered/water_sampling.csv,XSDAnyURI,mandatory
missing value,water,sampling,ENA_accession_number_sample,43,<empty>,\,/github/workspace/logsheets/filtered/water_sampling.csv,XSDAnyURI,mandatory
missing value,water,sampling,ENA_accession_number_sample,44,<empty>,\,/github/workspace/logsheets/filtered/water_sampling.csv,XSDAnyURI,mandatory
missing value,water,sampling,ENA_accession_number_sample,45,<empty>,\,/github/workspace/logsheets/filtered/water_sampling.csv,XSDAnyURI,mandatory
missing value,water,sampling,ENA_accession_number_sample,46,<empty>,\,/github/workspace/logsheets/filtered/water_sampling.csv,XSDAnyURI,mandatory
missing value,water,sampling,ENA_accession_number_sample,47,<empty>,\,/github/workspace/logsheets/filtered/water_sampling.csv,XSDAnyURI,mandatory
missing value,water,sampling,ENA_accession_number_sample,48,<empty>,\,/github/workspace/logsheets/filtered/water_sampling.csv,XSDAnyURI,mandatory
missing value,water,sampling,ENA_accession_number_sample,49,<empty>,\,/github/workspace/logsheets/filtered/water_sampling.csv,XSDAnyURI,mandatory
missing value,water,sampling,ENA_accession_number_sample,350,<empty>,\,/github/workspace/logsheets/filtered/water_sampling.csv,XSDAnyURI,mandatory
missing value,water,sampling,ENA_accession_number_sample,351,<empty>,\,/github/workspace/logsheets/filtered/water_sampling.csv,XSDAnyURI,mandatory
missing value,water,sampling,ENA_accession_number_sample,352,<empty>,\,/github/workspace/logsheets/filtered/water_sampling.csv,XSDAnyURI,mandatory
missing value,water,sampling,ENA_accession_number_sample,353,<empty>,\,/github/workspace/logsheets/filtered/water_sampling.csv,XSDAnyURI,mandatory
missing value,water,sampling,ENA_accession_number_sample,354,<empty>,\,/github/workspace/logsheets/filtered/water_sampling.csv,XSDAnyURI,mandatory
missing value,water,sampling,ENA_accession_number_sample,355,<empty>,\,/github/workspace/logsheets/filtered/water_sampling.csv,XSDAnyURI,mandatory
missing value,water,sampling,ENA_accession_number_sample,356,<empty>,\,/github/workspace/logsheets/filtered/water_sampling.csv,XSDAnyURI,mandatory
missing value,water,sampling,ENA_accession_number_sample,357,<empty>,\,/github/workspace/logsheets/filtered/water_sampling.csv,XSDAnyURI,mandatory
missing value,water,sampling,ENA_accession_number_sample,358,<empty>,\,/github/workspace/logsheets/filtered/water_sampling.csv,XSDAnyURI,mandatory
missing value,water,sampling,ENA_accession_number_sample,359,<empty>,\,/github/workspace/logsheets/filtered/water_sampling.csv,XSDAnyURI,mandatory
missing value,water,sampling,ENA_accession_number_sample,360,<empty>,\,/github/workspace/logsheets/filtered/water_sampling.csv,XSDAnyURI,mandatory
missing value,water,sampling,ENA_accession_number_sample,361,<empty>,\,/github/workspace/logsheets/filtered/water_sampling.csv,XSDAnyURI,mandatory
missing value,water,sampling,ENA_accession_number_sample,362,<empty>,\,/github/workspace/logsheets/filtered/water_sampling.csv,XSDAnyURI,mandatory
missing value,water,sampling,ENA_accession_number_sample,363,<empty>,\,/github/workspace/logsheets/filtered/water_sampling.csv,XSDAnyURI,mandatory
missing value,water,sampling,ENA_accession_number_sample,364,<empty>,\,/github/workspace/logsheets/filtered/water_sampling.csv,XSDAnyURI,mandatory
missing value,water,sampling,ENA_accession_number_sample,365,<empty>,\,/github/workspace/logsheets/filtered/water_sampling.csv,XSDAnyURI,mandatory
missing value,water,sampling,ENA_accession_number_sample,366,<empty>,\,/github/workspace/logsheets/filtered/water_sampling.csv,XSDAnyURI,mandatory
missing value,water,sampling,ENA_accession_number_sample,367,<empty>,\,/github/workspace/logsheets/filtered/water_sampling.csv,XSDAnyURI,mandatory
missing value,water,sampling,ENA_accession_number_sample,368,<empty>,\,/github/workspace/logsheets/filtered/water_sampling.csv,XSDAnyURI,mandatory
missing value,water,sampling,ENA_accession_number_sample,369,<empty>,\,/github/workspace/logsheets/filtered/water_sampling.csv,XSDAnyURI,mandatory
missing value,water,sampling,ENA_accession_number_sample,370,<empty>,\,/github/workspace/logsheets/filtered/water_sampling.csv,XSDAnyURI,mandatory
missing value,water,sampling,ENA_accession_number_sample,371,<empty>,\,/github/workspace/logsheets/filtered/water_sampling.csv,XSDAnyURI,mandatory
missing value,water,sampling,ENA_accession_number_sample,372,<empty>,\,/github/workspace/logsheets/filtered/water_sampling.csv,XSDAnyURI,mandatory
missing value,water,sampling,ENA_accession_number_sample,373,<empty>,\,/github/workspace/logsheets/filtered/water_sampling.csv,XSDAnyURI,mandatory
missing value,water,sampling,ENA_accession_number_sample,374,<empty>,\,/github/workspace/logsheets/filtered/water_sampling.csv,XSDAnyURI,mandatory
missing value,water,sampling,ENA_accession_number_sample,375,<empty>,\,/github/workspace/logsheets/filtered/water_sampling.csv,XSDAnyURI,mandatory
missing value,water,sampling,ENA_accession_number_sample,376,<empty>,\,/github/workspace/logsheets/filtered/water_sampling.csv,XSDAnyURI,mandatory
missing value,water,sampling,ENA_accession_number_sample,377,<empty>,\,/github/workspace/logsheets/filtered/water_sampling.csv,XSDAnyURI,mandatory
missing value,water,sampling,ENA_accession_number_sample,378,<empty>,\,/github/workspace/logsheets/filtered/water_sampling.csv,XSDAnyURI,mandatory
missing value,water,sampling,ENA_accession_number_sample,379,<empty>,\,/github/workspace/logsheets/filtered/water_sampling.csv,XSDAnyURI,mandatory
missing value,water,sampling,ENA_accession_number_sample,380,<empty>,\,/github/workspace/logsheets/filtered/water_sampling.csv,XSDAnyURI,mandatory
missing value,water,sampling,ENA_accession_number_sample,381,<empty>,\,/github/workspace/logsheets/filtered/water_sampling.csv,XSDAnyURI,mandatory
missing value,water,sampling,ENA_accession_number_sample,382,<empty>,\,/github/workspace/logsheets/filtered/water_sampling.csv,XSDAnyURI,mandatory
missing value,water,sampling,ENA_accession_number_sample,383,<empty>,\,/github/workspace/logsheets/filtered/water_sampling.csv,XSDAnyURI,mandatory
missing value,water,sampling,ENA_accession_number_sample,384,<empty>,\,/github/workspace/logsheets/filtered/water_sampling.csv,XSDAnyURI,mandatory
missing value,water,sampling,ENA_accession_number_sample,385,<empty>,\,/github/workspace/logsheets/filtered/water_sampling.csv,XSDAnyURI,mandatory
missing value,water,sampling,ENA_accession_number_sample,386,<empty>,\,/github/workspace/logsheets/filtered/water_sampling.csv,XSDAnyURI,mandatory
missing value,water,sampling,ENA_accession_number_sample,387,<empty>,\,/github/workspace/logsheets/filtered/water_sampling.csv,XSDAnyURI,mandatory
missing value,water,sampling,ENA_accession_number_sample,388,<empty>,\,/github/workspace/logsheets/filtered/water_sampling.csv,XSDAnyURI,mandatory
missing value,water,sampling,ENA_accession_number_sample,389,<empty>,\,/github/workspace/logsheets/filtered/water_sampling.csv,XSDAnyURI,mandatory
missing value,water,sampling,ENA_accession_number_sample,390,<empty>,\,/github/workspace/logsheets/filtered/water_sampling.csv,XSDAnyURI,mandatory
missing value,water,sampling,ENA_accession_number_sample,391,<empty>,\,/github/workspace/logsheets/filtered/water_sampling.csv,XSDAnyURI,mandatory
missing value,water,sampling,arr_date_hq,3,<empty>,\,/github/workspace/logsheets/filtered/water_sampling.csv,XSDDate,mandatory
missing value,water,sampling,arr_date_hq,4,<empty>,\,/github/workspace/logsheets/filtered/water_sampling.csv,XSDDate,mandatory
missing value,water,sampling,arr_date_hq,7,<empty>,\,/github/workspace/logsheets/filtered/water_sampling.csv,XSDDate,mandatory
missing value,water,sampling,arr_date_hq,8,<empty>,\,/github/workspace/logsheets/filtered/water_sampling.csv,XSDDate,mandatory
missing value,water,sampling,arr_date_hq,9,<empty>,\,/github/workspace/logsheets/filtered/water_sampling.csv,XSDDate,mandatory
missing value,water,sampling,arr_date_hq,10,<empty>,\,/github/workspace/logsheets/filtered/water_sampling.csv,XSDDate,mandatory
missing value,water,sampling,arr_date_hq,13,<empty>,\,/github/workspace/logsheets/filtered/water_sampling.csv,XSDDate,mandatory
missing value,water,sampling,arr_date_hq,14,<empty>,\,/github/workspace/logsheets/filtered/water_sampling.csv,XSDDate,mandatory
missing value,water,sampling,arr_date_hq,15,<empty>,\,/github/workspace/logsheets/filtered/water_sampling.csv,XSDDate,mandatory
missing value,water,sampling,arr_date_hq,22,<empty>,\,/github/workspace/logsheets/filtered/water_sampling.csv,XSDDate,mandatory
missing value,water,sampling,arr_date_hq,23,<empty>,\,/github/workspace/logsheets/filtered/water_sampling.csv,XSDDate,mandatory
missing value,water,sampling,arr_date_hq,26,<empty>,\,/github/workspace/logsheets/filtered/water_sampling.csv,XSDDate,mandatory
missing value,water,sampling,arr_date_hq,27,<empty>,\,/github/workspace/logsheets/filtered/water_sampling.csv,XSDDate,mandatory
missing value,water,sampling,arr_date_hq,28,<empty>,\,/github/workspace/logsheets/filtered/water_sampling.csv,XSDDate,mandatory
missing value,water,sampling,arr_date_hq,29,<empty>,\,/github/workspace/logsheets/filtered/water_sampling.csv,XSDDate,mandatory
missing value,water,sampling,arr_date_hq,30,<empty>,\,/github/workspace/logsheets/filtered/water_sampling.csv,XSDDate,mandatory
missing value,water,sampling,arr_date_hq,31,<empty>,\,/github/workspace/logsheets/filtered/water_sampling.csv,XSDDate,mandatory
missing value,water,sampling,arr_date_hq,32,<empty>,\,/github/workspace/logsheets/filtered/water_sampling.csv,XSDDate,mandatory
missing value,water,sampling,arr_date_hq,33,<empty>,\,/github/workspace/logsheets/filtered/water_sampling.csv,XSDDate,mandatory
missing value,water,sampling,arr_date_hq,34,<empty>,\,/github/workspace/logsheets/filtered/water_sampling.csv,XSDDate,mandatory
missing value,water,sampling,arr_date_hq,37,<empty>,\,/github/workspace/logsheets/filtered/water_sampling.csv,XSDDate,mandatory
missing value,water,sampling,arr_date_hq,38,<empty>,\,/github/workspace/logsheets/filtered/water_sampling.csv,XSDDate,mandatory
missing value,water,sampling,arr_date_hq,41,<empty>,\,/github/workspace/logsheets/filtered/water_sampling.csv,XSDDate,mandatory
missing value,water,sampling,arr_date_hq,42,<empty>,\,/github/workspace/logsheets/filtered/water_sampling.csv,XSDDate,mandatory
missing value,water,sampling,arr_date_hq,43,<empty>,\,/github/workspace/logsheets/filtered/water_sampling.csv,XSDDate,mandatory
missing value,water,sampling,arr_date_hq,44,<empty>,\,/github/workspace/logsheets/filtered/water_sampling.csv,XSDDate,mandatory
missing value,water,sampling,arr_date_hq,45,<empty>,\,/github/workspace/logsheets/filtered/water_sampling.csv,XSDDate,mandatory
missing value,water,sampling,arr_date_hq,46,<empty>,\,/github/workspace/logsheets/filtered/water_sampling.csv,XSDDate,mandatory
missing value,water,sampling,arr_date_hq,47,<empty>,\,/github/workspace/logsheets/filtered/water_sampling.csv,XSDDate,mandatory
missing value,water,sampling,arr_date_hq,48,<empty>,\,/github/workspace/logsheets/filtered/water_sampling.csv,XSDDate,mandatory
missing value,water,sampling,arr_date_hq,49,<empty>,\,/github/workspace/logsheets/filtered/water_sampling.csv,XSDDate,mandatory
missing value,water,sampling,arr_date_hq,350,<empty>,\,/github/workspace/logsheets/filtered/water_sampling.csv,XSDDate,mandatory
missing value,water,sampling,arr_date_hq,351,<empty>,\,/github/workspace/logsheets/filtered/water_sampling.csv,XSDDate,mandatory
missing value,water,sampling,arr_date_hq,352,<empty>,\,/github/workspace/logsheets/filtered/water_sampling.csv,XSDDate,mandatory
missing value,water,sampling,arr_date_hq,353,<empty>,\,/github/workspace/logsheets/filtered/water_sampling.csv,XSDDate,mandatory
missing value,water,sampling,arr_date_hq,354,<empty>,\,/github/workspace/logsheets/filtered/water_sampling.csv,XSDDate,mandatory
missing value,water,sampling,arr_date_hq,355,<empty>,\,/github/workspace/logsheets/filtered/water_sampling.csv,XSDDate,mandatory
missing value,water,sampling,arr_date_hq,356,<empty>,\,/github/workspace/logsheets/filtered/water_sampling.csv,XSDDate,mandatory
missing value,water,sampling,arr_date_hq,357,<empty>,\,/github/workspace/logsheets/filtered/water_sampling.csv,XSDDate,mandatory
missing value,water,sampling,arr_date_hq,358,<empty>,\,/github/workspace/logsheets/filtered/water_sampling.csv,XSDDate,mandatory
missing value,water,sampling,arr_date_hq,359,<empty>,\,/github/workspace/logsheets/filtered/water_sampling.csv,XSDDate,mandatory
missing value,water,sampling,arr_date_hq,360,<empty>,\,/github/workspace/logsheets/filtered/water_sampling.csv,XSDDate,mandatory
missing value,water,sampling,arr_date_hq,361,<empty>,\,/github/workspace/logsheets/filtered/water_sampling.csv,XSDDate,mandatory
missing value,water,sampling,arr_date_hq,362,<empty>,\,/github/workspace/logsheets/filtered/water_sampling.csv,XSDDate,mandatory
missing value,water,sampling,arr_date_hq,363,<empty>,\,/github/workspace/logsheets/filtered/water_sampling.csv,XSDDate,mandatory
missing value,water,sampling,arr_date_hq,364,<empty>,\,/github/workspace/logsheets/filtered/water_sampling.csv,XSDDate,mandatory
missing value,water,sampling,arr_date_hq,365,<empty>,\,/github/workspace/logsheets/filtered/water_sampling.csv,XSDDate,mandatory
missing value,water,sampling,arr_date_hq,366,<empty>,\,/github/workspace/logsheets/filtered/water_sampling.csv,XSDDate,mandatory
missing value,water,sampling,arr_date_hq,367,<empty>,\,/github/workspace/logsheets/filtered/water_sampling.csv,XSDDate,mandatory
missing value,water,sampling,arr_date_hq,368,<empty>,\,/github/workspace/logsheets/filtered/water_sampling.csv,XSDDate,mandatory
missing value,water,sampling,arr_date_hq,369,<empty>,\,/github/workspace/logsheets/filtered/water_sampling.csv,XSDDate,mandatory
missing value,water,sampling,arr_date_hq,370,<empty>,\,/github/workspace/logsheets/filtered/water_sampling.csv,XSDDate,mandatory
missing value,water,sampling,arr_date_hq,371,<empty>,\,/github/workspace/logsheets/filtered/water_sampling.csv,XSDDate,mandatory
missing value,water,sampling,arr_date_hq,372,<empty>,\,/github/workspace/logsheets/filtered/water_sampling.csv,XSDDate,mandatory
missing value,water,sampling,arr_date_hq,373,<empty>,\,/github/workspace/logsheets/filtered/water_sampling.csv,XSDDate,mandatory
missing value,water,sampling,arr_date_hq,374,<empty>,\,/github/workspace/logsheets/filtered/water_sampling.csv,XSDDate,mandatory
missing value,water,sampling,arr_date_hq,375,<empty>,\,/github/workspace/logsheets/filtered/water_sampling.csv,XSDDate,mandatory
missing value,water,sampling,arr_date_hq,376,<empty>,\,/github/workspace/logsheets/filtered/water_sampling.csv,XSDDate,mandatory
missing value,water,sampling,arr_date_hq,377,<empty>,\,/github/workspace/logsheets/filtered/water_sampling.csv,XSDDate,mandatory
missing value,water,sampling,arr_date_hq,378,<empty>,\,/github/workspace/logsheets/filtered/water_sampling.csv,XSDDate,mandatory
missing value,water,sampling,arr_date_hq,379,<empty>,\,/github/workspace/logsheets/filtered/water_sampling.csv,XSDDate,mandatory
missing value,water,sampling,arr_date_hq,380,<empty>,\,/github/workspace/logsheets/filtered/water_sampling.csv,XSDDate,mandatory
missing value,water,sampling,arr_date_hq,381,<empty>,\,/github/workspace/logsheets/filtered/water_sampling.csv,XSDDate,mandatory
missing value,water,sampling,arr_date_hq,382,<empty>,\,/github/workspace/logsheets/filtered/water_sampling.csv,XSDDate,mandatory
missing value,water,sampling,arr_date_hq,383,<empty>,\,/github/workspace/logsheets/filtered/water_sampling.csv,XSDDate,mandatory
missing value,water,sampling,arr_date_hq,384,<empty>,\,/github/workspace/logsheets/filtered/water_sampling.csv,XSDDate,mandatory
missing value,water,sampling,arr_date_hq,385,<empty>,\,/github/workspace/logsheets/filtered/water_sampling.csv,XSDDate,mandatory
missing value,water,sampling,arr_date_hq,386,<empty>,\,/github/workspace/logsheets/filtered/water_sampling.csv,XSDDate,mandatory
missing value,water,sampling,arr_date_hq,387,<empty>,\,/github/workspace/logsheets/filtered/water_sampling.csv,XSDDate,mandatory
missing value,water,sampling,arr_date_hq,388,<empty>,\,/github/workspace/logsheets/filtered/water_sampling.csv,XSDDate,mandatory
missing value,water,sampling,arr_date_hq,389,<empty>,\,/github/workspace/logsheets/filtered/water_sampling.csv,XSDDate,mandatory
missing value,water,sampling,arr_date_hq,390,<empty>,\,/github/workspace/logsheets/filtered/water_sampling.csv,XSDDate,mandatory
missing value,water,sampling,arr_date_hq,391,<empty>,\,/github/workspace/logsheets/filtered/water_sampling.csv,XSDDate,mandatory
missing value,water,sampling,arr_date_seq,3,<empty>,\,/github/workspace/logsheets/filtered/water_sampling.csv,XSDDate,mandatory
missing value,water,sampling,arr_date_seq,4,<empty>,\,/github/workspace/logsheets/filtered/water_sampling.csv,XSDDate,mandatory
missing value,water,sampling,arr_date_seq,7,<empty>,\,/github/workspace/logsheets/filtered/water_sampling.csv,XSDDate,mandatory
missing value,water,sampling,arr_date_seq,8,<empty>,\,/github/workspace/logsheets/filtered/water_sampling.csv,XSDDate,mandatory
missing value,water,sampling,arr_date_seq,9,<empty>,\,/github/workspace/logsheets/filtered/water_sampling.csv,XSDDate,mandatory
missing value,water,sampling,arr_date_seq,10,<empty>,\,/github/workspace/logsheets/filtered/water_sampling.csv,XSDDate,mandatory
missing value,water,sampling,arr_date_seq,13,<empty>,\,/github/workspace/logsheets/filtered/water_sampling.csv,XSDDate,mandatory
missing value,water,sampling,arr_date_seq,14,<empty>,\,/github/workspace/logsheets/filtered/water_sampling.csv,XSDDate,mandatory
missing value,water,sampling,arr_date_seq,15,<empty>,\,/github/workspace/logsheets/filtered/water_sampling.csv,XSDDate,mandatory
missing value,water,sampling,arr_date_seq,22,<empty>,\,/github/workspace/logsheets/filtered/water_sampling.csv,XSDDate,mandatory
missing value,water,sampling,arr_date_seq,23,<empty>,\,/github/workspace/logsheets/filtered/water_sampling.csv,XSDDate,mandatory
missing value,water,sampling,arr_date_seq,26,<empty>,\,/github/workspace/logsheets/filtered/water_sampling.csv,XSDDate,mandatory
missing value,water,sampling,arr_date_seq,27,<empty>,\,/github/workspace/logsheets/filtered/water_sampling.csv,XSDDate,mandatory
missing value,water,sampling,arr_date_seq,28,<empty>,\,/github/workspace/logsheets/filtered/water_sampling.csv,XSDDate,mandatory
missing value,water,sampling,arr_date_seq,29,<empty>,\,/github/workspace/logsheets/filtered/water_sampling.csv,XSDDate,mandatory
missing value,water,sampling,arr_date_seq,30,<empty>,\,/github/workspace/logsheets/filtered/water_sampling.csv,XSDDate,mandatory
missing value,water,sampling,arr_date_seq,31,<empty>,\,/github/workspace/logsheets/filtered/water_sampling.csv,XSDDate,mandatory
missing value,water,sampling,arr_date_seq,32,<empty>,\,/github/workspace/logsheets/filtered/water_sampling.csv,XSDDate,mandatory
missing value,water,sampling,arr_date_seq,33,<empty>,\,/github/workspace/logsheets/filtered/water_sampling.csv,XSDDate,mandatory
missing value,water,sampling,arr_date_seq,34,<empty>,\,/github/workspace/logsheets/filtered/water_sampling.csv,XSDDate,mandatory
missing value,water,sampling,arr_date_seq,37,<empty>,\,/github/workspace/logsheets/filtered/water_sampling.csv,XSDDate,mandatory
missing value,water,sampling,arr_date_seq,38,<empty>,\,/github/workspace/logsheets/filtered/water_sampling.csv,XSDDate,mandatory
missing value,water,sampling,arr_date_seq,41,<empty>,\,/github/workspace/logsheets/filtered/water_sampling.csv,XSDDate,mandatory
missing value,water,sampling,arr_date_seq,42,<empty>,\,/github/workspace/logsheets/filtered/water_sampling.csv,XSDDate,mandatory
missing value,water,sampling,arr_date_seq,43,<empty>,\,/github/workspace/logsheets/filtered/water_sampling.csv,XSDDate,mandatory
missing value,water,sampling,arr_date_seq,44,<empty>,\,/github/workspace/logsheets/filtered/water_sampling.csv,XSDDate,mandatory
missing value,water,sampling,arr_date_seq,45,<empty>,\,/github/workspace/logsheets/filtered/water_sampling.csv,XSDDate,mandatory
missing value,water,sampling,arr_date_seq,46,<empty>,\,/github/workspace/logsheets/filtered/water_sampling.csv,XSDDate,mandatory
missing value,water,sampling,arr_date_seq,47,<empty>,\,/github/workspace/logsheets/filtered/water_sampling.csv,XSDDate,mandatory
missing value,water,sampling,arr_date_seq,48,<empty>,\,/github/workspace/logsheets/filtered/water_sampling.csv,XSDDate,mandatory
missing value,water,sampling,arr_date_seq,49,<empty>,\,/github/workspace/logsheets/filtered/water_sampling.csv,XSDDate,mandatory
missing value,water,sampling,arr_date_seq,350,<empty>,\,/github/workspace/logsheets/filtered/water_sampling.csv,XSDDate,mandatory
missing value,water,sampling,arr_date_seq,351,<empty>,\,/github/workspace/logsheets/filtered/water_sampling.csv,XSDDate,mandatory
missing value,water,sampling,arr_date_seq,352,<empty>,\,/github/workspace/logsheets/filtered/water_sampling.csv,XSDDate,mandatory
missing value,water,sampling,arr_date_seq,353,<empty>,\,/github/workspace/logsheets/filtered/water_sampling.csv,XSDDate,mandatory
missing value,water,sampling,arr_date_seq,354,<empty>,\,/github/workspace/logsheets/filtered/water_sampling.csv,XSDDate,mandatory
missing value,water,sampling,arr_date_seq,355,<empty>,\,/github/workspace/logsheets/filtered/water_sampling.csv,XSDDate,mandatory
missing value,water,sampling,arr_date_seq,356,<empty>,\,/github/workspace/logsheets/filtered/water_sampling.csv,XSDDate,mandatory
missing value,water,sampling,arr_date_seq,357,<empty>,\,/github/workspace/logsheets/filtered/water_sampling.csv,XSDDate,mandatory
missing value,water,sampling,arr_date_seq,358,<empty>,\,/github/workspace/logsheets/filtered/water_sampling.csv,XSDDate,mandatory
missing value,water,sampling,arr_date_seq,359,<empty>,\,/github/workspace/logsheets/filtered/water_sampling.csv,XSDDate,mandatory
missing value,water,sampling,arr_date_seq,360,<empty>,\,/github/workspace/logsheets/filtered/water_sampling.csv,XSDDate,mandatory
missing value,water,sampling,arr_date_seq,361,<empty>,\,/github/workspace/logsheets/filtered/water_sampling.csv,XSDDate,mandatory
missing value,water,sampling,arr_date_seq,362,<empty>,\,/github/workspace/logsheets/filtered/water_sampling.csv,XSDDate,mandatory
missing value,water,sampling,arr_date_seq,363,<empty>,\,/github/workspace/logsheets/filtered/water_sampling.csv,XSDDate,mandatory
missing value,water,sampling,arr_date_seq,364,<empty>,\,/github/workspace/logsheets/filtered/water_sampling.csv,XSDDate,mandatory
missing value,water,sampling,arr_date_seq,365,<empty>,\,/github/workspace/logsheets/filtered/water_sampling.csv,XSDDate,mandatory
missing value,water,sampling,arr_date_seq,366,<empty>,\,/github/workspace/logsheets/filtered/water_sampling.csv,XSDDate,mandatory
missing value,water,sampling,arr_date_seq,367,<empty>,\,/github/workspace/logsheets/filtered/water_sampling.csv,XSDDate,mandatory
missing value,water,sampling,arr_date_seq,368,<empty>,\,/github/workspace/logsheets/filtered/water_sampling.csv,XSDDate,mandatory
missing value,water,sampling,arr_date_seq,369,<empty>,\,/github/workspace/logsheets/filtered/water_sampling.csv,XSDDate,mandatory
missing value,water,sampling,arr_date_seq,370,<empty>,\,/github/workspace/logsheets/filtered/water_sampling.csv,XSDDate,mandatory
missing value,water,sampling,arr_date_seq,371,<empty>,\,/github/workspace/logsheets/filtered/water_sampling.csv,XSDDate,mandatory
missing value,water,sampling,arr_date_seq,372,<empty>,\,/github/workspace/logsheets/filtered/water_sampling.csv,XSDDate,mandatory
missing value,water,sampling,arr_date_seq,373,<empty>,\,/github/workspace/logsheets/filtered/water_sampling.csv,XSDDate,mandatory
missing value,water,sampling,arr_date_seq,374,<empty>,\,/github/workspace/logsheets/filtered/water_sampling.csv,XSDDate,mandatory
missing value,water,sampling,arr_date_seq,375,<empty>,\,/github/workspace/logsheets/filtered/water_sampling.csv,XSDDate,mandatory
missing value,water,sampling,arr_date_seq,376,<empty>,\,/github/workspace/logsheets/filtered/water_sampling.csv,XSDDate,mandatory
missing value,water,sampling,arr_date_seq,377,<empty>,\,/github/workspace/logsheets/filtered/water_sampling.csv,XSDDate,mandatory
missing value,water,sampling,arr_date_seq,378,<empty>,\,/github/workspace/logsheets/filtered/water_sampling.csv,XSDDate,mandatory
missing value,water,sampling,arr_date_seq,379,<empty>,\,/github/workspace/logsheets/filtered/water_sampling.csv,XSDDate,mandatory
missing value,water,sampling,arr_date_seq,380,<empty>,\,/github/workspace/logsheets/filtered/water_sampling.csv,XSDDate,mandatory
missing value,water,sampling,arr_date_seq,381,<empty>,\,/github/workspace/logsheets/filtered/water_sampling.csv,XSDDate,mandatory
missing value,water,sampling,arr_date_seq,382,<empty>,\,/github/workspace/logsheets/filtered/water_sampling.csv,XSDDate,mandatory
missing value,water,sampling,arr_date_seq,383,<empty>,\,/github/workspace/logsheets/filtered/water_sampling.csv,XSDDate,mandatory
missing value,water,sampling,arr_date_seq,384,<empty>,\,/github/workspace/logsheets/filtered/water_sampling.csv,XSDDate,mandatory
missing value,water,sampling,arr_date_seq,385,<empty>,\,/github/workspace/logsheets/filtered/water_sampling.csv,XSDDate,mandatory
missing value,water,sampling,arr_date_seq,386,<empty>,\,/github/workspace/logsheets/filtered/water_sampling.csv,XSDDate,mandatory
missing value,water,sampling,arr_date_seq,387,<empty>,\,/github/workspace/logsheets/filtered/water_sampling.csv,XSDDate,mandatory
missing value,water,sampling,arr_date_seq,388,<empty>,\,/github/workspace/logsheets/filtered/water_sampling.csv,XSDDate,mandatory
missing value,water,sampling,arr_date_seq,389,<empty>,\,/github/workspace/logsheets/filtered/water_sampling.csv,XSDDate,mandatory
missing value,water,sampling,arr_date_seq,390,<empty>,\,/github/workspace/logsheets/filtered/water_sampling.csv,XSDDate,mandatory
missing value,water,sampling,arr_date_seq,391,<empty>,\,/github/workspace/logsheets/filtered/water_sampling.csv,XSDDate,mandatory
missing value,water,sampling,collection_date,350,<empty>,\,/github/workspace/logsheets/filtered/water_sampling.csv,XSDDate,mandatory
missing value,water,sampling,collection_date,351,<empty>,\,/github/workspace/logsheets/filtered/water_sampling.csv,XSDDate,mandatory
missing value,water,sampling,collection_date,352,<empty>,\,/github/workspace/logsheets/filtered/water_sampling.csv,XSDDate,mandatory
missing value,water,sampling,collection_date,353,<empty>,\,/github/workspace/logsheets/filtered/water_sampling.csv,XSDDate,mandatory
missing value,water,sampling,collection_date,354,<empty>,\,/github/workspace/logsheets/filtered/water_sampling.csv,XSDDate,mandatory
missing value,water,sampling,collection_date,355,<empty>,\,/github/workspace/logsheets/filtered/water_sampling.csv,XSDDate,mandatory
missing value,water,sampling,collection_date,356,<empty>,\,/github/workspace/logsheets/filtered/water_sampling.csv,XSDDate,mandatory
missing value,water,sampling,collection_date,357,<empty>,\,/github/workspace/logsheets/filtered/water_sampling.csv,XSDDate,mandatory
missing value,water,sampling,collection_date,358,<empty>,\,/github/workspace/logsheets/filtered/water_sampling.csv,XSDDate,mandatory
missing value,water,sampling,collection_date,359,<empty>,\,/github/workspace/logsheets/filtered/water_sampling.csv,XSDDate,mandatory
missing value,water,sampling,collection_date,360,<empty>,\,/github/workspace/logsheets/filtered/water_sampling.csv,XSDDate,mandatory
missing value,water,sampling,collection_date,361,<empty>,\,/github/workspace/logsheets/filtered/water_sampling.csv,XSDDate,mandatory
missing value,water,sampling,collection_date,362,<empty>,\,/github/workspace/logsheets/filtered/water_sampling.csv,XSDDate,mandatory
missing value,water,sampling,collection_date,363,<empty>,\,/github/workspace/logsheets/filtered/water_sampling.csv,XSDDate,mandatory
missing value,water,sampling,collection_date,364,<empty>,\,/github/workspace/logsheets/filtered/water_sampling.csv,XSDDate,mandatory
missing value,water,sampling,collection_date,365,<empty>,\,/github/workspace/logsheets/filtered/water_sampling.csv,XSDDate,mandatory
missing value,water,sampling,collection_date,366,<empty>,\,/github/workspace/logsheets/filtered/water_sampling.csv,XSDDate,mandatory
missing value,water,sampling,collection_date,367,<empty>,\,/github/workspace/logsheets/filtered/water_sampling.csv,XSDDate,mandatory
missing value,water,sampling,collection_date,368,<empty>,\,/github/workspace/logsheets/filtered/water_sampling.csv,XSDDate,mandatory
missing value,water,sampling,collection_date,369,<empty>,\,/github/workspace/logsheets/filtered/water_sampling.csv,XSDDate,mandatory
missing value,water,sampling,collection_date,370,<empty>,\,/github/workspace/logsheets/filtered/water_sampling.csv,XSDDate,mandatory
missing value,water,sampling,collection_date,371,<empty>,\,/github/workspace/logsheets/filtered/water_sampling.csv,XSDDate,mandatory
missing value,water,sampling,collection_date,372,<empty>,\,/github/workspace/logsheets/filtered/water_sampling.csv,XSDDate,mandatory
missing value,water,sampling,collection_date,373,<empty>,\,/github/workspace/logsheets/filtered/water_sampling.csv,XSDDate,mandatory
missing value,water,sampling,collection_date,374,<empty>,\,/github/workspace/logsheets/filtered/water_sampling.csv,XSDDate,mandatory
missing value,water,sampling,collection_date,375,<empty>,\,/github/workspace/logsheets/filtered/water_sampling.csv,XSDDate,mandatory
missing value,water,sampling,collection_date,376,<empty>,\,/github/workspace/logsheets/filtered/water_sampling.csv,XSDDate,mandatory
missing value,water,sampling,collection_date,377,<empty>,\,/github/workspace/logsheets/filtered/water_sampling.csv,XSDDate,mandatory
missing value,water,sampling,collection_date,378,<empty>,\,/github/workspace/logsheets/filtered/water_sampling.csv,XSDDate,mandatory
missing value,water,sampling,collection_date,379,<empty>,\,/github/workspace/logsheets/filtered/water_sampling.csv,XSDDate,mandatory
missing value,water,sampling,collection_date,380,<empty>,\,/github/workspace/logsheets/filtered/water_sampling.csv,XSDDate,mandatory
missing value,water,sampling,collection_date,381,<empty>,\,/github/workspace/logsheets/filtered/water_sampling.csv,XSDDate,mandatory
missing value,water,sampling,collection_date,382,<empty>,\,/github/workspace/logsheets/filtered/water_sampling.csv,XSDDate,mandatory
missing value,water,sampling,collection_date,383,<empty>,\,/github/workspace/logsheets/filtered/water_sampling.csv,XSDDate,mandatory
missing value,water,sampling,collection_date,384,<empty>,\,/github/workspace/logsheets/filtered/water_sampling.csv,XSDDate,mandatory
missing value,water,sampling,collection_date,385,<empty>,\,/github/workspace/logsheets/filtered/water_sampling.csv,XSDDate,mandatory
missing value,water,sampling,collection_date,386,<empty>,\,/github/workspace/logsheets/filtered/water_sampling.csv,XSDDate,mandatory
missing value,water,sampling,collection_date,387,<empty>,\,/github/workspace/logsheets/filtered/water_sampling.csv,XSDDate,mandatory
missing value,water,sampling,collection_date,388,<empty>,\,/github/workspace/logsheets/filtered/water_sampling.csv,XSDDate,mandatory
missing value,water,sampling,collection_date,389,<empty>,\,/github/workspace/logsheets/filtered/water_sampling.csv,XSDDate,mandatory
missing value,water,sampling,collection_date,390,<empty>,\,/github/workspace/logsheets/filtered/water_sampling.csv,XSDDate,mandatory
missing value,water,sampling,collection_date,391,<empty>,\,/github/workspace/logsheets/filtered/water_sampling.csv,XSDDate,mandatory
missing value,water,sampling,depth,9,<empty>,\,/github/workspace/logsheets/filtered/water_sampling.csv,XSDString,mandatory
missing value,water,sampling,depth,10,<empty>,\,/github/workspace/logsheets/filtered/water_sampling.csv,XSDString,mandatory
missing value,water,sampling,depth,11,<empty>,\,/github/workspace/logsheets/filtered/water_sampling.csv,XSDString,mandatory
missing value,water,sampling,depth,12,<empty>,\,/github/workspace/logsheets/filtered/water_sampling.csv,XSDString,mandatory
missing value,water,sampling,depth,13,<empty>,\,/github/workspace/logsheets/filtered/water_sampling.csv,XSDString,mandatory
missing value,water,sampling,depth,14,<empty>,\,/github/workspace/logsheets/filtered/water_sampling.csv,XSDString,mandatory
missing value,water,sampling,depth,15,<empty>,\,/github/workspace/logsheets/filtered/water_sampling.csv,XSDString,mandatory
missing value,water,sampling,depth,28,<empty>,\,/github/workspace/logsheets/filtered/water_sampling.csv,XSDString,mandatory
missing value,water,sampling,depth,29,<empty>,\,/github/workspace/logsheets/filtered/water_sampling.csv,XSDString,mandatory
missing value,water,sampling,depth,30,<empty>,\,/github/workspace/logsheets/filtered/water_sampling.csv,XSDString,mandatory
missing value,water,sampling,depth,31,<empty>,\,/github/workspace/logsheets/filtered/water_sampling.csv,XSDString,mandatory
missing value,water,sampling,depth,32,<empty>,\,/github/workspace/logsheets/filtered/water_sampling.csv,XSDString,mandatory
missing value,water,sampling,depth,33,<empty>,\,/github/workspace/logsheets/filtered/water_sampling.csv,XSDString,mandatory
missing value,water,sampling,depth,34,<empty>,\,/github/workspace/logsheets/filtered/water_sampling.csv,XSDString,mandatory
missing value,water,sampling,depth,43,<empty>,\,/github/workspace/logsheets/filtered/water_sampling.csv,XSDString,mandatory
missing value,water,sampling,depth,44,<empty>,\,/github/workspace/logsheets/filtered/water_sampling.csv,XSDString,mandatory
missing value,water,sampling,depth,45,<empty>,\,/github/workspace/logsheets/filtered/water_sampling.csv,XSDString,mandatory
missing value,water,sampling,depth,46,<empty>,\,/github/workspace/logsheets/filtered/water_sampling.csv,XSDString,mandatory
missing value,water,sampling,depth,47,<empty>,\,/github/workspace/logsheets/filtered/water_sampling.csv,XSDString,mandatory
missing value,water,sampling,depth,48,<empty>,\,/github/workspace/logsheets/filtered/water_sampling.csv,XSDString,mandatory
missing value,water,sampling,depth,49,<empty>,\,/github/workspace/logsheets/filtered/water_sampling.csv,XSDString,mandatory
missing value,water,sampling,depth,350,<empty>,\,/github/workspace/logsheets/filtered/water_sampling.csv,XSDString,mandatory
missing value,water,sampling,depth,351,<empty>,\,/github/workspace/logsheets/filtered/water_sampling.csv,XSDString,mandatory
missing value,water,sampling,depth,352,<empty>,\,/github/workspace/logsheets/filtered/water_sampling.csv,XSDString,mandatory
missing value,water,sampling,depth,353,<empty>,\,/github/workspace/logsheets/filtered/water_sampling.csv,XSDString,mandatory
missing value,water,sampling,depth,354,<empty>,\,/github/workspace/logsheets/filtered/water_sampling.csv,XSDString,mandatory
missing value,water,sampling,depth,355,<empty>,\,/github/workspace/logsheets/filtered/water_sampling.csv,XSDString,mandatory
missing value,water,sampling,depth,356,<empty>,\,/github/workspace/logsheets/filtered/water_sampling.csv,XSDString,mandatory
missing value,water,sampling,depth,357,<empty>,\,/github/workspace/logsheets/filtered/water_sampling.csv,XSDString,mandatory
missing value,water,sampling,depth,358,<empty>,\,/github/workspace/logsheets/filtered/water_sampling.csv,XSDString,mandatory
missing value,water,sampling,depth,359,<empty>,\,/github/workspace/logsheets/filtered/water_sampling.csv,XSDString,mandatory
missing value,water,sampling,depth,360,<empty>,\,/github/workspace/logsheets/filtered/water_sampling.csv,XSDString,mandatory
missing value,water,sampling,depth,361,<empty>,\,/github/workspace/logsheets/filtered/water_sampling.csv,XSDString,mandatory
missing value,water,sampling,depth,362,<empty>,\,/github/workspace/logsheets/filtered/water_sampling.csv,XSDString,mandatory
missing value,water,sampling,depth,363,<empty>,\,/github/workspace/logsheets/filtered/water_sampling.csv,XSDString,mandatory
missing value,water,sampling,depth,364,<empty>,\,/github/workspace/logsheets/filtered/water_sampling.csv,XSDString,mandatory
missing value,water,sampling,depth,365,<empty>,\,/github/workspace/logsheets/filtered/water_sampling.csv,XSDString,mandatory
missing value,water,sampling,depth,366,<empty>,\,/github/workspace/logsheets/filtered/water_sampling.csv,XSDString,mandatory
missing value,water,sampling,depth,367,<empty>,\,/github/workspace/logsheets/filtered/water_sampling.csv,XSDString,mandatory
missing value,water,sampling,depth,368,<empty>,\,/github/workspace/logsheets/filtered/water_sampling.csv,XSDString,mandatory
missing value,water,sampling,depth,369,<empty>,\,/github/workspace/logsheets/filtered/water_sampling.csv,XSDString,mandatory
missing value,water,sampling,depth,370,<empty>,\,/github/workspace/logsheets/filtered/water_sampling.csv,XSDString,mandatory
missing value,water,sampling,depth,371,<empty>,\,/github/workspace/logsheets/filtered/water_sampling.csv,XSDString,mandatory
missing value,water,sampling,depth,372,<empty>,\,/github/workspace/logsheets/filtered/water_sampling.csv,XSDString,mandatory
missing value,water,sampling,depth,373,<empty>,\,/github/workspace/logsheets/filtered/water_sampling.csv,XSDString,mandatory
missing value,water,sampling,depth,374,<empty>,\,/github/workspace/logsheets/filtered/water_sampling.csv,XSDString,mandatory
missing value,water,sampling,depth,375,<empty>,\,/github/workspace/logsheets/filtered/water_sampling.csv,XSDString,mandatory
missing value,water,sampling,depth,376,<empty>,\,/github/workspace/logsheets/filtered/water_sampling.csv,XSDString,mandatory
missing value,water,sampling,depth,377,<empty>,\,/github/workspace/logsheets/filtered/water_sampling.csv,XSDString,mandatory
missing value,water,sampling,depth,378,<empty>,\,/github/workspace/logsheets/filtered/water_sampling.csv,XSDString,mandatory
missing value,water,sampling,depth,379,<empty>,\,/github/workspace/logsheets/filtered/water_sampling.csv,XSDString,mandatory
missing value,water,sampling,depth,380,<empty>,\,/github/workspace/logsheets/filtered/water_sampling.csv,XSDString,mandatory
missing value,water,sampling,depth,381,<empty>,\,/github/workspace/logsheets/filtered/water_sampling.csv,XSDString,mandatory
missing value,water,sampling,depth,382,<empty>,\,/github/workspace/logsheets/filtered/water_sampling.csv,XSDString,mandatory
missing value,water,sampling,depth,383,<empty>,\,/github/workspace/logsheets/filtered/water_sampling.csv,XSDString,mandatory
missing value,water,sampling,depth,384,<empty>,\,/github/workspace/logsheets/filtered/water_sampling.csv,XSDString,mandatory
missing value,water,sampling,depth,385,<empty>,\,/github/workspace/logsheets/filtered/water_sampling.csv,XSDString,mandatory
missing value,water,sampling,depth,386,<empty>,\,/github/workspace/logsheets/filtered/water_sampling.csv,XSDString,mandatory
missing value,water,sampling,depth,387,<empty>,\,/github/workspace/logsheets/filtered/water_sampling.csv,XSDString,mandatory
missing value,water,sampling,depth,388,<empty>,\,/github/workspace/logsheets/filtered/water_sampling.csv,XSDString,mandatory
missing value,water,sampling,depth,389,<empty>,\,/github/workspace/logsheets/filtered/water_sampling.csv,XSDString,mandatory
missing value,water,sampling,depth,390,<empty>,\,/github/workspace/logsheets/filtered/water_sampling.csv,XSDString,mandatory
missing value,water,sampling,depth,391,<empty>,\,/github/workspace/logsheets/filtered/water_sampling.csv,XSDString,mandatory
missing value,water,sampling,env_material,350,<empty>,\,/github/workspace/logsheets/filtered/water_sampling.csv,EMOBONList,mandatory
missing value,water,sampling,env_material,351,<empty>,\,/github/workspace/logsheets/filtered/water_sampling.csv,EMOBONList,mandatory
missing value,water,sampling,env_material,352,<empty>,\,/github/workspace/logsheets/filtered/water_sampling.csv,EMOBONList,mandatory
missing value,water,sampling,env_material,353,<empty>,\,/github/workspace/logsheets/filtered/water_sampling.csv,EMOBONList,mandatory
missing value,water,sampling,env_material,354,<empty>,\,/github/workspace/logsheets/filtered/water_sampling.csv,EMOBONList,mandatory
missing value,water,sampling,env_material,355,<empty>,\,/github/workspace/logsheets/filtered/water_sampling.csv,EMOBONList,mandatory
missing value,water,sampling,env_material,356,<empty>,\,/github/workspace/logsheets/filtered/water_sampling.csv,EMOBONList,mandatory
missing value,water,sampling,env_material,357,<empty>,\,/github/workspace/logsheets/filtered/water_sampling.csv,EMOBONList,mandatory
missing value,water,sampling,env_material,358,<empty>,\,/github/workspace/logsheets/filtered/water_sampling.csv,EMOBONList,mandatory
missing value,water,sampling,env_material,359,<empty>,\,/github/workspace/logsheets/filtered/water_sampling.csv,EMOBONList,mandatory
missing value,water,sampling,env_material,360,<empty>,\,/github/workspace/logsheets/filtered/water_sampling.csv,EMOBONList,mandatory
missing value,water,sampling,env_material,361,<empty>,\,/github/workspace/logsheets/filtered/water_sampling.csv,EMOBONList,mandatory
missing value,water,sampling,env_material,362,<empty>,\,/github/workspace/logsheets/filtered/water_sampling.csv,EMOBONList,mandatory
missing value,water,sampling,env_material,363,<empty>,\,/github/workspace/logsheets/filtered/water_sampling.csv,EMOBONList,mandatory
missing value,water,sampling,env_material,364,<empty>,\,/github/workspace/logsheets/filtered/water_sampling.csv,EMOBONList,mandatory
missing value,water,sampling,env_material,365,<empty>,\,/github/workspace/logsheets/filtered/water_sampling.csv,EMOBONList,mandatory
missing value,water,sampling,env_material,366,<empty>,\,/github/workspace/logsheets/filtered/water_sampling.csv,EMOBONList,mandatory
missing value,water,sampling,env_material,367,<empty>,\,/github/workspace/logsheets/filtered/water_sampling.csv,EMOBONList,mandatory
missing value,water,sampling,env_material,368,<empty>,\,/github/workspace/logsheets/filtered/water_sampling.csv,EMOBONList,mandatory
missing value,water,sampling,env_material,369,<empty>,\,/github/workspace/logsheets/filtered/water_sampling.csv,EMOBONList,mandatory
missing value,water,sampling,env_material,370,<empty>,\,/github/workspace/logsheets/filtered/water_sampling.csv,EMOBONList,mandatory
missing value,water,sampling,env_material,371,<empty>,\,/github/workspace/logsheets/filtered/water_sampling.csv,EMOBONList,mandatory
missing value,water,sampling,env_material,372,<empty>,\,/github/workspace/logsheets/filtered/water_sampling.csv,EMOBONList,mandatory
missing value,water,sampling,env_material,373,<empty>,\,/github/workspace/logsheets/filtered/water_sampling.csv,EMOBONList,mandatory
missing value,water,sampling,env_material,374,<empty>,\,/github/workspace/logsheets/filtered/water_sampling.csv,EMOBONList,mandatory
missing value,water,sampling,env_material,375,<empty>,\,/github/workspace/logsheets/filtered/water_sampling.csv,EMOBONList,mandatory
missing value,water,sampling,env_material,376,<empty>,\,/github/workspace/logsheets/filtered/water_sampling.csv,EMOBONList,mandatory
missing value,water,sampling,env_material,377,<empty>,\,/github/workspace/logsheets/filtered/water_sampling.csv,EMOBONList,mandatory
missing value,water,sampling,env_material,378,<empty>,\,/github/workspace/logsheets/filtered/water_sampling.csv,EMOBONList,mandatory
missing value,water,sampling,env_material,379,<empty>,\,/github/workspace/logsheets/filtered/water_sampling.csv,EMOBONList,mandatory
missing value,water,sampling,env_material,380,<empty>,\,/github/workspace/logsheets/filtered/water_sampling.csv,EMOBONList,mandatory
missing value,water,sampling,env_material,381,<empty>,\,/github/workspace/logsheets/filtered/water_sampling.csv,EMOBONList,mandatory
missing value,water,sampling,env_material,382,<empty>,\,/github/workspace/logsheets/filtered/water_sampling.csv,EMOBONList,mandatory
missing value,water,sampling,env_material,383,<empty>,\,/github/workspace/logsheets/filtered/water_sampling.csv,EMOBONList,mandatory
missing value,water,sampling,env_material,384,<empty>,\,/github/workspace/logsheets/filtered/water_sampling.csv,EMOBONList,mandatory
missing value,water,sampling,env_material,385,<empty>,\,/github/workspace/logsheets/filtered/water_sampling.csv,EMOBONList,mandatory
missing value,water,sampling,env_material,386,<empty>,\,/github/workspace/logsheets/filtered/water_sampling.csv,EMOBONList,mandatory
missing value,water,sampling,env_material,387,<empty>,\,/github/workspace/logsheets/filtered/water_sampling.csv,EMOBONList,mandatory
missing value,water,sampling,env_material,388,<empty>,\,/github/workspace/logsheets/filtered/water_sampling.csv,EMOBONList,mandatory
missing value,water,sampling,env_material,389,<empty>,\,/github/workspace/logsheets/filtered/water_sampling.csv,EMOBONList,mandatory
missing value,water,sampling,env_material,390,<empty>,\,/github/workspace/logsheets/filtered/water_sampling.csv,EMOBONList,mandatory
missing value,water,sampling,env_material,391,<empty>,\,/github/workspace/logsheets/filtered/water_sampling.csv,EMOBONList,mandatory
missing value,water,sampling,investigation_type,350,<empty>,\,/github/workspace/logsheets/filtered/water_sampling.csv,XSDString,mandatory
missing value,water,sampling,investigation_type,351,<empty>,\,/github/workspace/logsheets/filtered/water_sampling.csv,XSDString,mandatory
missing value,water,sampling,investigation_type,352,<empty>,\,/github/workspace/logsheets/filtered/water_sampling.csv,XSDString,mandatory
missing value,water,sampling,investigation_type,353,<empty>,\,/github/workspace/logsheets/filtered/water_sampling.csv,XSDString,mandatory
missing value,water,sampling,investigation_type,354,<empty>,\,/github/workspace/logsheets/filtered/water_sampling.csv,XSDString,mandatory
missing value,water,sampling,investigation_type,355,<empty>,\,/github/workspace/logsheets/filtered/water_sampling.csv,XSDString,mandatory
missing value,water,sampling,investigation_type,356,<empty>,\,/github/workspace/logsheets/filtered/water_sampling.csv,XSDString,mandatory
missing value,water,sampling,investigation_type,357,<empty>,\,/github/workspace/logsheets/filtered/water_sampling.csv,XSDString,mandatory
missing value,water,sampling,investigation_type,358,<empty>,\,/github/workspace/logsheets/filtered/water_sampling.csv,XSDString,mandatory
missing value,water,sampling,investigation_type,359,<empty>,\,/github/workspace/logsheets/filtered/water_sampling.csv,XSDString,mandatory
missing value,water,sampling,investigation_type,360,<empty>,\,/github/workspace/logsheets/filtered/water_sampling.csv,XSDString,mandatory
missing value,water,sampling,investigation_type,361,<empty>,\,/github/workspace/logsheets/filtered/water_sampling.csv,XSDString,mandatory
missing value,water,sampling,investigation_type,362,<empty>,\,/github/workspace/logsheets/filtered/water_sampling.csv,XSDString,mandatory
missing value,water,sampling,investigation_type,363,<empty>,\,/github/workspace/logsheets/filtered/water_sampling.csv,XSDString,mandatory
missing value,water,sampling,investigation_type,364,<empty>,\,/github/workspace/logsheets/filtered/water_sampling.csv,XSDString,mandatory
missing value,water,sampling,investigation_type,365,<empty>,\,/github/workspace/logsheets/filtered/water_sampling.csv,XSDString,mandatory
missing value,water,sampling,investigation_type,366,<empty>,\,/github/workspace/logsheets/filtered/water_sampling.csv,XSDString,mandatory
missing value,water,sampling,investigation_type,367,<empty>,\,/github/workspace/logsheets/filtered/water_sampling.csv,XSDString,mandatory
missing value,water,sampling,investigation_type,368,<empty>,\,/github/workspace/logsheets/filtered/water_sampling.csv,XSDString,mandatory
missing value,water,sampling,investigation_type,369,<empty>,\,/github/workspace/logsheets/filtered/water_sampling.csv,XSDString,mandatory
missing value,water,sampling,investigation_type,370,<empty>,\,/github/workspace/logsheets/filtered/water_sampling.csv,XSDString,mandatory
missing value,water,sampling,investigation_type,371,<empty>,\,/github/workspace/logsheets/filtered/water_sampling.csv,XSDString,mandatory
missing value,water,sampling,investigation_type,372,<empty>,\,/github/workspace/logsheets/filtered/water_sampling.csv,XSDString,mandatory
missing value,water,sampling,investigation_type,373,<empty>,\,/github/workspace/logsheets/filtered/water_sampling.csv,XSDString,mandatory
missing value,water,sampling,investigation_type,374,<empty>,\,/github/workspace/logsheets/filtered/water_sampling.csv,XSDString,mandatory
missing value,water,sampling,investigation_type,375,<empty>,\,/github/workspace/logsheets/filtered/water_sampling.csv,XSDString,mandatory
missing value,water,sampling,investigation_type,376,<empty>,\,/github/workspace/logsheets/filtered/water_sampling.csv,XSDString,mandatory
missing value,water,sampling,investigation_type,377,<empty>,\,/github/workspace/logsheets/filtered/water_sampling.csv,XSDString,mandatory
missing value,water,sampling,investigation_type,378,<empty>,\,/github/workspace/logsheets/filtered/water_sampling.csv,XSDString,mandatory
missing value,water,sampling,investigation_type,379,<empty>,\,/github/workspace/logsheets/filtered/water_sampling.csv,XSDString,mandatory
missing value,water,sampling,investigation_type,380,<empty>,\,/github/workspace/logsheets/filtered/water_sampling.csv,XSDString,mandatory
missing value,water,sampling,investigation_type,381,<empty>,\,/github/workspace/logsheets/filtered/water_sampling.csv,XSDString,mandatory
missing value,water,sampling,investigation_type,382,<empty>,\,/github/workspace/logsheets/filtered/water_sampling.csv,XSDString,mandatory
missing value,water,sampling,investigation_type,383,<empty>,\,/github/workspace/logsheets/filtered/water_sampling.csv,XSDString,mandatory
missing value,water,sampling,investigation_type,384,<empty>,\,/github/workspace/logsheets/filtered/water_sampling.csv,XSDString,mandatory
missing value,water,sampling,investigation_type,385,<empty>,\,/github/workspace/logsheets/filtered/water_sampling.csv,XSDString,mandatory
missing value,water,sampling,investigation_type,386,<empty>,\,/github/workspace/logsheets/filtered/water_sampling.csv,XSDString,mandatory
missing value,water,sampling,investigation_type,387,<empty>,\,/github/workspace/logsheets/filtered/water_sampling.csv,XSDString,mandatory
missing value,water,sampling,investigation_type,388,<empty>,\,/github/workspace/logsheets/filtered/water_sampling.csv,XSDString,mandatory
missing value,water,sampling,investigation_type,389,<empty>,\,/github/workspace/logsheets/filtered/water_sampling.csv,XSDString,mandatory
missing value,water,sampling,investigation_type,390,<empty>,\,/github/workspace/logsheets/filtered/water_sampling.csv,XSDString,mandatory
missing value,water,sampling,investigation_type,391,<empty>,\,/github/workspace/logsheets/filtered/water_sampling.csv,XSDString,mandatory
missing value,water,sampling,long_store,350,<empty>,\,/github/workspace/logsheets/filtered/water_sampling.csv,XSDBoolean,mandatory
missing value,water,sampling,long_store,351,<empty>,\,/github/workspace/logsheets/filtered/water_sampling.csv,XSDBoolean,mandatory
missing value,water,sampling,long_store,352,<empty>,\,/github/workspace/logsheets/filtered/water_sampling.csv,XSDBoolean,mandatory
missing value,water,sampling,long_store,353,<empty>,\,/github/workspace/logsheets/filtered/water_sampling.csv,XSDBoolean,mandatory
missing value,water,sampling,long_store,354,<empty>,\,/github/workspace/logsheets/filtered/water_sampling.csv,XSDBoolean,mandatory
missing value,water,sampling,long_store,355,<empty>,\,/github/workspace/logsheets/filtered/water_sampling.csv,XSDBoolean,mandatory
missing value,water,sampling,long_store,356,<empty>,\,/github/workspace/logsheets/filtered/water_sampling.csv,XSDBoolean,mandatory
missing value,water,sampling,long_store,357,<empty>,\,/github/workspace/logsheets/filtered/water_sampling.csv,XSDBoolean,mandatory
missing value,water,sampling,long_store,358,<empty>,\,/github/workspace/logsheets/filtered/water_sampling.csv,XSDBoolean,mandatory
missing value,water,sampling,long_store,359,<empty>,\,/github/workspace/logsheets/filtered/water_sampling.csv,XSDBoolean,mandatory
missing value,water,sampling,long_store,360,<empty>,\,/github/workspace/logsheets/filtered/water_sampling.csv,XSDBoolean,mandatory
missing value,water,sampling,long_store,361,<empty>,\,/github/workspace/logsheets/filtered/water_sampling.csv,XSDBoolean,mandatory
missing value,water,sampling,long_store,362,<empty>,\,/github/workspace/logsheets/filtered/water_sampling.csv,XSDBoolean,mandatory
missing value,water,sampling,long_store,363,<empty>,\,/github/workspace/logsheets/filtered/water_sampling.csv,XSDBoolean,mandatory
missing value,water,sampling,long_store,364,<empty>,\,/github/workspace/logsheets/filtered/water_sampling.csv,XSDBoolean,mandatory
missing value,water,sampling,long_store,365,<empty>,\,/github/workspace/logsheets/filtered/water_sampling.csv,XSDBoolean,mandatory
missing value,water,sampling,long_store,366,<empty>,\,/github/workspace/logsheets/filtered/water_sampling.csv,XSDBoolean,mandatory
missing value,water,sampling,long_store,367,<empty>,\,/github/workspace/logsheets/filtered/water_sampling.csv,XSDBoolean,mandatory
missing value,water,sampling,long_store,368,<empty>,\,/github/workspace/logsheets/filtered/water_sampling.csv,XSDBoolean,mandatory
missing value,water,sampling,long_store,369,<empty>,\,/github/workspace/logsheets/filtered/water_sampling.csv,XSDBoolean,mandatory
missing value,water,sampling,long_store,370,<empty>,\,/github/workspace/logsheets/filtered/water_sampling.csv,XSDBoolean,mandatory
missing value,water,sampling,long_store,371,<empty>,\,/github/workspace/logsheets/filtered/water_sampling.csv,XSDBoolean,mandatory
missing value,water,sampling,long_store,372,<empty>,\,/github/workspace/logsheets/filtered/water_sampling.csv,XSDBoolean,mandatory
missing value,water,sampling,long_store,373,<empty>,\,/github/workspace/logsheets/filtered/water_sampling.csv,XSDBoolean,mandatory
missing value,water,sampling,long_store,374,<empty>,\,/github/workspace/logsheets/filtered/water_sampling.csv,XSDBoolean,mandatory
missing value,water,sampling,long_store,375,<empty>,\,/github/workspace/logsheets/filtered/water_sampling.csv,XSDBoolean,mandatory
missing value,water,sampling,long_store,376,<empty>,\,/github/workspace/logsheets/filtered/water_sampling.csv,XSDBoolean,mandatory
missing value,water,sampling,long_store,377,<empty>,\,/github/workspace/logsheets/filtered/water_sampling.csv,XSDBoolean,mandatory
missing value,water,sampling,long_store,378,<empty>,\,/github/workspace/logsheets/filtered/water_sampling.csv,XSDBoolean,mandatory
missing value,water,sampling,long_store,379,<empty>,\,/github/workspace/logsheets/filtered/water_sampling.csv,XSDBoolean,mandatory
missing value,water,sampling,long_store,380,<empty>,\,/github/workspace/logsheets/filtered/water_sampling.csv,XSDBoolean,mandatory
missing value,water,sampling,long_store,381,<empty>,\,/github/workspace/logsheets/filtered/water_sampling.csv,XSDBoolean,mandatory
missing value,water,sampling,long_store,382,<empty>,\,/github/workspace/logsheets/filtered/water_sampling.csv,XSDBoolean,mandatory
missing value,water,sampling,long_store,383,<empty>,\,/github/workspace/logsheets/filtered/water_sampling.csv,XSDBoolean,mandatory
missing value,water,sampling,long_store,384,<empty>,\,/github/workspace/logsheets/filtered/water_sampling.csv,XSDBoolean,mandatory
missing value,water,sampling,long_store,385,<empty>,\,/github/workspace/logsheets/filtered/water_sampling.csv,XSDBoolean,mandatory
missing value,water,sampling,long_store,386,<empty>,\,/github/workspace/logsheets/filtered/water_sampling.csv,XSDBoolean,mandatory
missing value,water,sampling,long_store,387,<empty>,\,/github/workspace/logsheets/filtered/water_sampling.csv,XSDBoolean,mandatory
missing value,water,sampling,long_store,388,<empty>,\,/github/workspace/logsheets/filtered/water_sampling.csv,XSDBoolean,mandatory
missing value,water,sampling,long_store,389,<empty>,\,/github/workspace/logsheets/filtered/water_sampling.csv,XSDBoolean,mandatory
missing value,water,sampling,long_store,390,<empty>,\,/github/workspace/logsheets/filtered/water_sampling.csv,XSDBoolean,mandatory
missing value,water,sampling,long_store,391,<empty>,\,/github/workspace/logsheets/filtered/water_sampling.csv,XSDBoolean,mandatory
missing value,water,sampling,membr_cut,350,<empty>,\,/github/workspace/logsheets/filtered/water_sampling.csv,XSDBoolean,mandatory
missing value,water,sampling,membr_cut,351,<empty>,\,/github/workspace/logsheets/filtered/water_sampling.csv,XSDBoolean,mandatory
missing value,water,sampling,membr_cut,352,<empty>,\,/github/workspace/logsheets/filtered/water_sampling.csv,XSDBoolean,mandatory
missing value,water,sampling,membr_cut,353,<empty>,\,/github/workspace/logsheets/filtered/water_sampling.csv,XSDBoolean,mandatory
missing value,water,sampling,membr_cut,354,<empty>,\,/github/workspace/logsheets/filtered/water_sampling.csv,XSDBoolean,mandatory
missing value,water,sampling,membr_cut,355,<empty>,\,/github/workspace/logsheets/filtered/water_sampling.csv,XSDBoolean,mandatory
missing value,water,sampling,membr_cut,356,<empty>,\,/github/workspace/logsheets/filtered/water_sampling.csv,XSDBoolean,mandatory
missing value,water,sampling,membr_cut,357,<empty>,\,/github/workspace/logsheets/filtered/water_sampling.csv,XSDBoolean,mandatory
missing value,water,sampling,membr_cut,358,<empty>,\,/github/workspace/logsheets/filtered/water_sampling.csv,XSDBoolean,mandatory
missing value,water,sampling,membr_cut,359,<empty>,\,/github/workspace/logsheets/filtered/water_sampling.csv,XSDBoolean,mandatory
missing value,water,sampling,membr_cut,360,<empty>,\,/github/workspace/logsheets/filtered/water_sampling.csv,XSDBoolean,mandatory
missing value,water,sampling,membr_cut,361,<empty>,\,/github/workspace/logsheets/filtered/water_sampling.csv,XSDBoolean,mandatory
missing value,water,sampling,membr_cut,362,<empty>,\,/github/workspace/logsheets/filtered/water_sampling.csv,XSDBoolean,mandatory
missing value,water,sampling,membr_cut,363,<empty>,\,/github/workspace/logsheets/filtered/water_sampling.csv,XSDBoolean,mandatory
missing value,water,sampling,membr_cut,364,<empty>,\,/github/workspace/logsheets/filtered/water_sampling.csv,XSDBoolean,mandatory
missing value,water,sampling,membr_cut,365,<empty>,\,/github/workspace/logsheets/filtered/water_sampling.csv,XSDBoolean,mandatory
missing value,water,sampling,membr_cut,366,<empty>,\,/github/workspace/logsheets/filtered/water_sampling.csv,XSDBoolean,mandatory
missing value,water,sampling,membr_cut,367,<empty>,\,/github/workspace/logsheets/filtered/water_sampling.csv,XSDBoolean,mandatory
missing value,water,sampling,membr_cut,368,<empty>,\,/github/workspace/logsheets/filtered/water_sampling.csv,XSDBoolean,mandatory
missing value,water,sampling,membr_cut,369,<empty>,\,/github/workspace/logsheets/filtered/water_sampling.csv,XSDBoolean,mandatory
missing value,water,sampling,membr_cut,370,<empty>,\,/github/workspace/logsheets/filtered/water_sampling.csv,XSDBoolean,mandatory
missing value,water,sampling,membr_cut,371,<empty>,\,/github/workspace/logsheets/filtered/water_sampling.csv,XSDBoolean,mandatory
missing value,water,sampling,membr_cut,372,<empty>,\,/github/workspace/logsheets/filtered/water_sampling.csv,XSDBoolean,mandatory
missing value,water,sampling,membr_cut,373,<empty>,\,/github/workspace/logsheets/filtered/water_sampling.csv,XSDBoolean,mandatory
missing value,water,sampling,membr_cut,374,<empty>,\,/github/workspace/logsheets/filtered/water_sampling.csv,XSDBoolean,mandatory
missing value,water,sampling,membr_cut,375,<empty>,\,/github/workspace/logsheets/filtered/water_sampling.csv,XSDBoolean,mandatory
missing value,water,sampling,membr_cut,376,<empty>,\,/github/workspace/logsheets/filtered/water_sampling.csv,XSDBoolean,mandatory
missing value,water,sampling,membr_cut,377,<empty>,\,/github/workspace/logsheets/filtered/water_sampling.csv,XSDBoolean,mandatory
missing value,water,sampling,membr_cut,378,<empty>,\,/github/workspace/logsheets/filtered/water_sampling.csv,XSDBoolean,mandatory
missing value,water,sampling,membr_cut,379,<empty>,\,/github/workspace/logsheets/filtered/water_sampling.csv,XSDBoolean,mandatory
missing value,water,sampling,membr_cut,380,<empty>,\,/github/workspace/logsheets/filtered/water_sampling.csv,XSDBoolean,mandatory
missing value,water,sampling,membr_cut,381,<empty>,\,/github/workspace/logsheets/filtered/water_sampling.csv,XSDBoolean,mandatory
missing value,water,sampling,membr_cut,382,<empty>,\,/github/workspace/logsheets/filtered/water_sampling.csv,XSDBoolean,mandatory
missing value,water,sampling,membr_cut,383,<empty>,\,/github/workspace/logsheets/filtered/water_sampling.csv,XSDBoolean,mandatory
missing value,water,sampling,membr_cut,384,<empty>,\,/github/workspace/logsheets/filtered/water_sampling.csv,XSDBoolean,mandatory
missing value,water,sampling,membr_cut,385,<empty>,\,/github/workspace/logsheets/filtered/water_sampling.csv,XSDBoolean,mandatory
missing value,water,sampling,membr_cut,386,<empty>,\,/github/workspace/logsheets/filtered/water_sampling.csv,XSDBoolean,mandatory
missing value,water,sampling,membr_cut,387,<empty>,\,/github/workspace/logsheets/filtered/water_sampling.csv,XSDBoolean,mandatory
missing value,water,sampling,membr_cut,388,<empty>,\,/github/workspace/logsheets/filtered/water_sampling.csv,XSDBoolean,mandatory
missing value,water,sampling,membr_cut,389,<empty>,\,/github/workspace/logsheets/filtered/water_sampling.csv,XSDBoolean,mandatory
missing value,water,sampling,membr_cut,390,<empty>,\,/github/workspace/logsheets/filtered/water_sampling.csv,XSDBoolean,mandatory
missing value,water,sampling,membr_cut,391,<empty>,\,/github/workspace/logsheets/filtered/water_sampling.csv,XSDBoolean,mandatory
missing value,water,sampling,samp_collect_device,9,<empty>,\,/github/workspace/logsheets/filtered/water_sampling.csv,XSDString,mandatory
missing value,water,sampling,samp_collect_device,10,<empty>,\,/github/workspace/logsheets/filtered/water_sampling.csv,XSDString,mandatory
missing value,water,sampling,samp_collect_device,28,<empty>,\,/github/workspace/logsheets/filtered/water_sampling.csv,XSDString,mandatory
missing value,water,sampling,samp_collect_device,29,<empty>,\,/github/workspace/logsheets/filtered/water_sampling.csv,XSDString,mandatory
missing value,water,sampling,samp_collect_device,43,<empty>,\,/github/workspace/logsheets/filtered/water_sampling.csv,XSDString,mandatory
missing value,water,sampling,samp_collect_device,44,<empty>,\,/github/workspace/logsheets/filtered/water_sampling.csv,XSDString,mandatory
missing value,water,sampling,samp_collect_device,350,<empty>,\,/github/workspace/logsheets/filtered/water_sampling.csv,XSDString,mandatory
missing value,water,sampling,samp_collect_device,351,<empty>,\,/github/workspace/logsheets/filtered/water_sampling.csv,XSDString,mandatory
missing value,water,sampling,samp_collect_device,352,<empty>,\,/github/workspace/logsheets/filtered/water_sampling.csv,XSDString,mandatory
missing value,water,sampling,samp_collect_device,353,<empty>,\,/github/workspace/logsheets/filtered/water_sampling.csv,XSDString,mandatory
missing value,water,sampling,samp_collect_device,354,<empty>,\,/github/workspace/logsheets/filtered/water_sampling.csv,XSDString,mandatory
missing value,water,sampling,samp_collect_device,355,<empty>,\,/github/workspace/logsheets/filtered/water_sampling.csv,XSDString,mandatory
missing value,water,sampling,samp_collect_device,356,<empty>,\,/github/workspace/logsheets/filtered/water_sampling.csv,XSDString,mandatory
missing value,water,sampling,samp_collect_device,357,<empty>,\,/github/workspace/logsheets/filtered/water_sampling.csv,XSDString,mandatory
missing value,water,sampling,samp_collect_device,358,<empty>,\,/github/workspace/logsheets/filtered/water_sampling.csv,XSDString,mandatory
missing value,water,sampling,samp_collect_device,359,<empty>,\,/github/workspace/logsheets/filtered/water_sampling.csv,XSDString,mandatory
missing value,water,sampling,samp_collect_device,360,<empty>,\,/github/workspace/logsheets/filtered/water_sampling.csv,XSDString,mandatory
missing value,water,sampling,samp_collect_device,361,<empty>,\,/github/workspace/logsheets/filtered/water_sampling.csv,XSDString,mandatory
missing value,water,sampling,samp_collect_device,362,<empty>,\,/github/workspace/logsheets/filtered/water_sampling.csv,XSDString,mandatory
missing value,water,sampling,samp_collect_device,363,<empty>,\,/github/workspace/logsheets/filtered/water_sampling.csv,XSDString,mandatory
missing value,water,sampling,samp_collect_device,364,<empty>,\,/github/workspace/logsheets/filtered/water_sampling.csv,XSDString,mandatory
missing value,water,sampling,samp_collect_device,365,<empty>,\,/github/workspace/logsheets/filtered/water_sampling.csv,XSDString,mandatory
missing value,water,sampling,samp_collect_device,366,<empty>,\,/github/workspace/logsheets/filtered/water_sampling.csv,XSDString,mandatory
missing value,water,sampling,samp_collect_device,367,<empty>,\,/github/workspace/logsheets/filtered/water_sampling.csv,XSDString,mandatory
missing value,water,sampling,samp_collect_device,368,<empty>,\,/github/workspace/logsheets/filtered/water_sampling.csv,XSDString,mandatory
missing value,water,sampling,samp_collect_device,369,<empty>,\,/github/workspace/logsheets/filtered/water_sampling.csv,XSDString,mandatory
missing value,water,sampling,samp_collect_device,370,<empty>,\,/github/workspace/logsheets/filtered/water_sampling.csv,XSDString,mandatory
missing value,water,sampling,samp_collect_device,371,<empty>,\,/github/workspace/logsheets/filtered/water_sampling.csv,XSDString,mandatory
missing value,water,sampling,samp_collect_device,372,<empty>,\,/github/workspace/logsheets/filtered/water_sampling.csv,XSDString,mandatory
missing value,water,sampling,samp_collect_device,373,<empty>,\,/github/workspace/logsheets/filtered/water_sampling.csv,XSDString,mandatory
missing value,water,sampling,samp_collect_device,374,<empty>,\,/github/workspace/logsheets/filtered/water_sampling.csv,XSDString,mandatory
missing value,water,sampling,samp_collect_device,375,<empty>,\,/github/workspace/logsheets/filtered/water_sampling.csv,XSDString,mandatory
missing value,water,sampling,samp_collect_device,376,<empty>,\,/github/workspace/logsheets/filtered/water_sampling.csv,XSDString,mandatory
missing value,water,sampling,samp_collect_device,377,<empty>,\,/github/workspace/logsheets/filtered/water_sampling.csv,XSDString,mandatory
missing value,water,sampling,samp_collect_device,378,<empty>,\,/github/workspace/logsheets/filtered/water_sampling.csv,XSDString,mandatory
missing value,water,sampling,samp_collect_device,379,<empty>,\,/github/workspace/logsheets/filtered/water_sampling.csv,XSDString,mandatory
missing value,water,sampling,samp_collect_device,380,<empty>,\,/github/workspace/logsheets/filtered/water_sampling.csv,XSDString,mandatory
missing value,water,sampling,samp_collect_device,381,<empty>,\,/github/workspace/logsheets/filtered/water_sampling.csv,XSDString,mandatory
missing value,water,sampling,samp_collect_device,382,<empty>,\,/github/workspace/logsheets/filtered/water_sampling.csv,XSDString,mandatory
missing value,water,sampling,samp_collect_device,383,<empty>,\,/github/workspace/logsheets/filtered/water_sampling.csv,XSDString,mandatory
missing value,water,sampling,samp_collect_device,384,<empty>,\,/github/workspace/logsheets/filtered/water_sampling.csv,XSDString,mandatory
missing value,water,sampling,samp_collect_device,385,<empty>,\,/github/workspace/logsheets/filtered/water_sampling.csv,XSDString,mandatory
missing value,water,sampling,samp_collect_device,386,<empty>,\,/github/workspace/logsheets/filtered/water_sampling.csv,XSDString,mandatory
missing value,water,sampling,samp_collect_device,387,<empty>,\,/github/workspace/logsheets/filtered/water_sampling.csv,XSDString,mandatory
missing value,water,sampling,samp_collect_device,388,<empty>,\,/github/workspace/logsheets/filtered/water_sampling.csv,XSDString,mandatory
missing value,water,sampling,samp_collect_device,389,<empty>,\,/github/workspace/logsheets/filtered/water_sampling.csv,XSDString,mandatory
missing value,water,sampling,samp_collect_device,390,<empty>,\,/github/workspace/logsheets/filtered/water_sampling.csv,XSDString,mandatory
missing value,water,sampling,samp_collect_device,391,<empty>,\,/github/workspace/logsheets/filtered/water_sampling.csv,XSDString,mandatory
missing value,water,sampling,samp_description,350,<empty>,\,/github/workspace/logsheets/filtered/water_sampling.csv,XSDString,mandatory
missing value,water,sampling,samp_description,351,<empty>,\,/github/workspace/logsheets/filtered/water_sampling.csv,XSDString,mandatory
missing value,water,sampling,samp_description,352,<empty>,\,/github/workspace/logsheets/filtered/water_sampling.csv,XSDString,mandatory
missing value,water,sampling,samp_description,353,<empty>,\,/github/workspace/logsheets/filtered/water_sampling.csv,XSDString,mandatory
missing value,water,sampling,samp_description,354,<empty>,\,/github/workspace/logsheets/filtered/water_sampling.csv,XSDString,mandatory
missing value,water,sampling,samp_description,355,<empty>,\,/github/workspace/logsheets/filtered/water_sampling.csv,XSDString,mandatory
missing value,water,sampling,samp_description,356,<empty>,\,/github/workspace/logsheets/filtered/water_sampling.csv,XSDString,mandatory
missing value,water,sampling,samp_description,357,<empty>,\,/github/workspace/logsheets/filtered/water_sampling.csv,XSDString,mandatory
missing value,water,sampling,samp_description,358,<empty>,\,/github/workspace/logsheets/filtered/water_sampling.csv,XSDString,mandatory
missing value,water,sampling,samp_description,359,<empty>,\,/github/workspace/logsheets/filtered/water_sampling.csv,XSDString,mandatory
missing value,water,sampling,samp_description,360,<empty>,\,/github/workspace/logsheets/filtered/water_sampling.csv,XSDString,mandatory
missing value,water,sampling,samp_description,361,<empty>,\,/github/workspace/logsheets/filtered/water_sampling.csv,XSDString,mandatory
missing value,water,sampling,samp_description,362,<empty>,\,/github/workspace/logsheets/filtered/water_sampling.csv,XSDString,mandatory
missing value,water,sampling,samp_description,363,<empty>,\,/github/workspace/logsheets/filtered/water_sampling.csv,XSDString,mandatory
missing value,water,sampling,samp_description,364,<empty>,\,/github/workspace/logsheets/filtered/water_sampling.csv,XSDString,mandatory
missing value,water,sampling,samp_description,365,<empty>,\,/github/workspace/logsheets/filtered/water_sampling.csv,XSDString,mandatory
missing value,water,sampling,samp_description,366,<empty>,\,/github/workspace/logsheets/filtered/water_sampling.csv,XSDString,mandatory
missing value,water,sampling,samp_description,367,<empty>,\,/github/workspace/logsheets/filtered/water_sampling.csv,XSDString,mandatory
missing value,water,sampling,samp_description,368,<empty>,\,/github/workspace/logsheets/filtered/water_sampling.csv,XSDString,mandatory
missing value,water,sampling,samp_description,369,<empty>,\,/github/workspace/logsheets/filtered/water_sampling.csv,XSDString,mandatory
missing value,water,sampling,samp_description,370,<empty>,\,/github/workspace/logsheets/filtered/water_sampling.csv,XSDString,mandatory
missing value,water,sampling,samp_description,371,<empty>,\,/github/workspace/logsheets/filtered/water_sampling.csv,XSDString,mandatory
missing value,water,sampling,samp_description,372,<empty>,\,/github/workspace/logsheets/filtered/water_sampling.csv,XSDString,mandatory
missing value,water,sampling,samp_description,373,<empty>,\,/github/workspace/logsheets/filtered/water_sampling.csv,XSDString,mandatory
missing value,water,sampling,samp_description,374,<empty>,\,/github/workspace/logsheets/filtered/water_sampling.csv,XSDString,mandatory
missing value,water,sampling,samp_description,375,<empty>,\,/github/workspace/logsheets/filtered/water_sampling.csv,XSDString,mandatory
missing value,water,sampling,samp_description,376,<empty>,\,/github/workspace/logsheets/filtered/water_sampling.csv,XSDString,mandatory
missing value,water,sampling,samp_description,377,<empty>,\,/github/workspace/logsheets/filtered/water_sampling.csv,XSDString,mandatory
missing value,water,sampling,samp_description,378,<empty>,\,/github/workspace/logsheets/filtered/water_sampling.csv,XSDString,mandatory
missing value,water,sampling,samp_description,379,<empty>,\,/github/workspace/logsheets/filtered/water_sampling.csv,XSDString,mandatory
missing value,water,sampling,samp_description,380,<empty>,\,/github/workspace/logsheets/filtered/water_sampling.csv,XSDString,mandatory
missing value,water,sampling,samp_description,381,<empty>,\,/github/workspace/logsheets/filtered/water_sampling.csv,XSDString,mandatory
missing value,water,sampling,samp_description,382,<empty>,\,/github/workspace/logsheets/filtered/water_sampling.csv,XSDString,mandatory
missing value,water,sampling,samp_description,383,<empty>,\,/github/workspace/logsheets/filtered/water_sampling.csv,XSDString,mandatory
missing value,water,sampling,samp_description,384,<empty>,\,/github/workspace/logsheets/filtered/water_sampling.csv,XSDString,mandatory
missing value,water,sampling,samp_description,385,<empty>,\,/github/workspace/logsheets/filtered/water_sampling.csv,XSDString,mandatory
missing value,water,sampling,samp_description,386,<empty>,\,/github/workspace/logsheets/filtered/water_sampling.csv,XSDString,mandatory
missing value,water,sampling,samp_description,387,<empty>,\,/github/workspace/logsheets/filtered/water_sampling.csv,XSDString,mandatory
missing value,water,sampling,samp_description,388,<empty>,\,/github/workspace/logsheets/filtered/water_sampling.csv,XSDString,mandatory
missing value,water,sampling,samp_description,389,<empty>,\,/github/workspace/logsheets/filtered/water_sampling.csv,XSDString,mandatory
missing value,water,sampling,samp_description,390,<empty>,\,/github/workspace/logsheets/filtered/water_sampling.csv,XSDString,mandatory
missing value,water,sampling,samp_description,391,<empty>,\,/github/workspace/logsheets/filtered/water_sampling.csv,XSDString,mandatory
missing value,water,sampling,samp_mat_process,350,<empty>,\,/github/workspace/logsheets/filtered/water_sampling.csv,XSDString,mandatory
missing value,water,sampling,samp_mat_process,351,<empty>,\,/github/workspace/logsheets/filtered/water_sampling.csv,XSDString,mandatory
missing value,water,sampling,samp_mat_process,352,<empty>,\,/github/workspace/logsheets/filtered/water_sampling.csv,XSDString,mandatory
missing value,water,sampling,samp_mat_process,353,<empty>,\,/github/workspace/logsheets/filtered/water_sampling.csv,XSDString,mandatory
missing value,water,sampling,samp_mat_process,354,<empty>,\,/github/workspace/logsheets/filtered/water_sampling.csv,XSDString,mandatory
missing value,water,sampling,samp_mat_process,355,<empty>,\,/github/workspace/logsheets/filtered/water_sampling.csv,XSDString,mandatory
missing value,water,sampling,samp_mat_process,356,<empty>,\,/github/workspace/logsheets/filtered/water_sampling.csv,XSDString,mandatory
missing value,water,sampling,samp_mat_process,357,<empty>,\,/github/workspace/logsheets/filtered/water_sampling.csv,XSDString,mandatory
missing value,water,sampling,samp_mat_process,358,<empty>,\,/github/workspace/logsheets/filtered/water_sampling.csv,XSDString,mandatory
missing value,water,sampling,samp_mat_process,359,<empty>,\,/github/workspace/logsheets/filtered/water_sampling.csv,XSDString,mandatory
missing value,water,sampling,samp_mat_process,360,<empty>,\,/github/workspace/logsheets/filtered/water_sampling.csv,XSDString,mandatory
missing value,water,sampling,samp_mat_process,361,<empty>,\,/github/workspace/logsheets/filtered/water_sampling.csv,XSDString,mandatory
missing value,water,sampling,samp_mat_process,362,<empty>,\,/github/workspace/logsheets/filtered/water_sampling.csv,XSDString,mandatory
missing value,water,sampling,samp_mat_process,363,<empty>,\,/github/workspace/logsheets/filtered/water_sampling.csv,XSDString,mandatory
missing value,water,sampling,samp_mat_process,364,<empty>,\,/github/workspace/logsheets/filtered/water_sampling.csv,XSDString,mandatory
missing value,water,sampling,samp_mat_process,365,<empty>,\,/github/workspace/logsheets/filtered/water_sampling.csv,XSDString,mandatory
missing value,water,sampling,samp_mat_process,366,<empty>,\,/github/workspace/logsheets/filtered/water_sampling.csv,XSDString,mandatory
missing value,water,sampling,samp_mat_process,367,<empty>,\,/github/workspace/logsheets/filtered/water_sampling.csv,XSDString,mandatory
missing value,water,sampling,samp_mat_process,368,<empty>,\,/github/workspace/logsheets/filtered/water_sampling.csv,XSDString,mandatory
missing value,water,sampling,samp_mat_process,369,<empty>,\,/github/workspace/logsheets/filtered/water_sampling.csv,XSDString,mandatory
missing value,water,sampling,samp_mat_process,370,<empty>,\,/github/workspace/logsheets/filtered/water_sampling.csv,XSDString,mandatory
missing value,water,sampling,samp_mat_process,371,<empty>,\,/github/workspace/logsheets/filtered/water_sampling.csv,XSDString,mandatory
missing value,water,sampling,samp_mat_process,372,<empty>,\,/github/workspace/logsheets/filtered/water_sampling.csv,XSDString,mandatory
missing value,water,sampling,samp_mat_process,373,<empty>,\,/github/workspace/logsheets/filtered/water_sampling.csv,XSDString,mandatory
missing value,water,sampling,samp_mat_process,374,<empty>,\,/github/workspace/logsheets/filtered/water_sampling.csv,XSDString,mandatory
missing value,water,sampling,samp_mat_process,375,<empty>,\,/github/workspace/logsheets/filtered/water_sampling.csv,XSDString,mandatory
missing value,water,sampling,samp_mat_process,376,<empty>,\,/github/workspace/logsheets/filtered/water_sampling.csv,XSDString,mandatory
missing value,water,sampling,samp_mat_process,377,<empty>,\,/github/workspace/logsheets/filtered/water_sampling.csv,XSDString,mandatory
missing value,water,sampling,samp_mat_process,378,<empty>,\,/github/workspace/logsheets/filtered/water_sampling.csv,XSDString,mandatory
missing value,water,sampling,samp_mat_process,379,<empty>,\,/github/workspace/logsheets/filtered/water_sampling.csv,XSDString,mandatory
missing value,water,sampling,samp_mat_process,380,<empty>,\,/github/workspace/logsheets/filtered/water_sampling.csv,XSDString,mandatory
missing value,water,sampling,samp_mat_process,381,<empty>,\,/github/workspace/logsheets/filtered/water_sampling.csv,XSDString,mandatory
missing value,water,sampling,samp_mat_process,382,<empty>,\,/github/workspace/logsheets/filtered/water_sampling.csv,XSDString,mandatory
missing value,water,sampling,samp_mat_process,383,<empty>,\,/github/workspace/logsheets/filtered/water_sampling.csv,XSDString,mandatory
missing value,water,sampling,samp_mat_process,384,<empty>,\,/github/workspace/logsheets/filtered/water_sampling.csv,XSDString,mandatory
missing value,water,sampling,samp_mat_process,385,<empty>,\,/github/workspace/logsheets/filtered/water_sampling.csv,XSDString,mandatory
missing value,water,sampling,samp_mat_process,386,<empty>,\,/github/workspace/logsheets/filtered/water_sampling.csv,XSDString,mandatory
missing value,water,sampling,samp_mat_process,387,<empty>,\,/github/workspace/logsheets/filtered/water_sampling.csv,XSDString,mandatory
missing value,water,sampling,samp_mat_process,388,<empty>,\,/github/workspace/logsheets/filtered/water_sampling.csv,XSDString,mandatory
missing value,water,sampling,samp_mat_process,389,<empty>,\,/github/workspace/logsheets/filtered/water_sampling.csv,XSDString,mandatory
missing value,water,sampling,samp_mat_process,390,<empty>,\,/github/workspace/logsheets/filtered/water_sampling.csv,XSDString,mandatory
missing value,water,sampling,samp_mat_process,391,<empty>,\,/github/workspace/logsheets/filtered/water_sampling.csv,XSDString,mandatory
missing value,water,sampling,samp_mat_process_dev,350,<empty>,\,/github/workspace/logsheets/filtered/water_sampling.csv,XSDString,mandatory
missing value,water,sampling,samp_mat_process_dev,351,<empty>,\,/github/workspace/logsheets/filtered/water_sampling.csv,XSDString,mandatory
missing value,water,sampling,samp_mat_process_dev,352,<empty>,\,/github/workspace/logsheets/filtered/water_sampling.csv,XSDString,mandatory
missing value,water,sampling,samp_mat_process_dev,353,<empty>,\,/github/workspace/logsheets/filtered/water_sampling.csv,XSDString,mandatory
missing value,water,sampling,samp_mat_process_dev,354,<empty>,\,/github/workspace/logsheets/filtered/water_sampling.csv,XSDString,mandatory
missing value,water,sampling,samp_mat_process_dev,355,<empty>,\,/github/workspace/logsheets/filtered/water_sampling.csv,XSDString,mandatory
missing value,water,sampling,samp_mat_process_dev,356,<empty>,\,/github/workspace/logsheets/filtered/water_sampling.csv,XSDString,mandatory
missing value,water,sampling,samp_mat_process_dev,357,<empty>,\,/github/workspace/logsheets/filtered/water_sampling.csv,XSDString,mandatory
missing value,water,sampling,samp_mat_process_dev,358,<empty>,\,/github/workspace/logsheets/filtered/water_sampling.csv,XSDString,mandatory
missing value,water,sampling,samp_mat_process_dev,359,<empty>,\,/github/workspace/logsheets/filtered/water_sampling.csv,XSDString,mandatory
missing value,water,sampling,samp_mat_process_dev,360,<empty>,\,/github/workspace/logsheets/filtered/water_sampling.csv,XSDString,mandatory
missing value,water,sampling,samp_mat_process_dev,361,<empty>,\,/github/workspace/logsheets/filtered/water_sampling.csv,XSDString,mandatory
missing value,water,sampling,samp_mat_process_dev,362,<empty>,\,/github/workspace/logsheets/filtered/water_sampling.csv,XSDString,mandatory
missing value,water,sampling,samp_mat_process_dev,363,<empty>,\,/github/workspace/logsheets/filtered/water_sampling.csv,XSDString,mandatory
missing value,water,sampling,samp_mat_process_dev,364,<empty>,\,/github/workspace/logsheets/filtered/water_sampling.csv,XSDString,mandatory
missing value,water,sampling,samp_mat_process_dev,365,<empty>,\,/github/workspace/logsheets/filtered/water_sampling.csv,XSDString,mandatory
missing value,water,sampling,samp_mat_process_dev,366,<empty>,\,/github/workspace/logsheets/filtered/water_sampling.csv,XSDString,mandatory
missing value,water,sampling,samp_mat_process_dev,367,<empty>,\,/github/workspace/logsheets/filtered/water_sampling.csv,XSDString,mandatory
missing value,water,sampling,samp_mat_process_dev,368,<empty>,\,/github/workspace/logsheets/filtered/water_sampling.csv,XSDString,mandatory
missing value,water,sampling,samp_mat_process_dev,369,<empty>,\,/github/workspace/logsheets/filtered/water_sampling.csv,XSDString,mandatory
missing value,water,sampling,samp_mat_process_dev,370,<empty>,\,/github/workspace/logsheets/filtered/water_sampling.csv,XSDString,mandatory
missing value,water,sampling,samp_mat_process_dev,371,<empty>,\,/github/workspace/logsheets/filtered/water_sampling.csv,XSDString,mandatory
missing value,water,sampling,samp_mat_process_dev,372,<empty>,\,/github/workspace/logsheets/filtered/water_sampling.csv,XSDString,mandatory
missing value,water,sampling,samp_mat_process_dev,373,<empty>,\,/github/workspace/logsheets/filtered/water_sampling.csv,XSDString,mandatory
missing value,water,sampling,samp_mat_process_dev,374,<empty>,\,/github/workspace/logsheets/filtered/water_sampling.csv,XSDString,mandatory
missing value,water,sampling,samp_mat_process_dev,375,<empty>,\,/github/workspace/logsheets/filtered/water_sampling.csv,XSDString,mandatory
missing value,water,sampling,samp_mat_process_dev,376,<empty>,\,/github/workspace/logsheets/filtered/water_sampling.csv,XSDString,mandatory
missing value,water,sampling,samp_mat_process_dev,377,<empty>,\,/github/workspace/logsheets/filtered/water_sampling.csv,XSDString,mandatory
missing value,water,sampling,samp_mat_process_dev,378,<empty>,\,/github/workspace/logsheets/filtered/water_sampling.csv,XSDString,mandatory
missing value,water,sampling,samp_mat_process_dev,379,<empty>,\,/github/workspace/logsheets/filtered/water_sampling.csv,XSDString,mandatory
missing value,water,sampling,samp_mat_process_dev,380,<empty>,\,/github/workspace/logsheets/filtered/water_sampling.csv,XSDString,mandatory
missing value,water,sampling,samp_mat_process_dev,381,<empty>,\,/github/workspace/logsheets/filtered/water_sampling.csv,XSDString,mandatory
missing value,water,sampling,samp_mat_process_dev,382,<empty>,\,/github/workspace/logsheets/filtered/water_sampling.csv,XSDString,mandatory
missing value,water,sampling,samp_mat_process_dev,383,<empty>,\,/github/workspace/logsheets/filtered/water_sampling.csv,XSDString,mandatory
missing value,water,sampling,samp_mat_process_dev,384,<empty>,\,/github/workspace/logsheets/filtered/water_sampling.csv,XSDString,mandatory
missing value,water,sampling,samp_mat_process_dev,385,<empty>,\,/github/workspace/logsheets/filtered/water_sampling.csv,XSDString,mandatory
missing value,water,sampling,samp_mat_process_dev,386,<empty>,\,/github/workspace/logsheets/filtered/water_sampling.csv,XSDString,mandatory
missing value,water,sampling,samp_mat_process_dev,387,<empty>,\,/github/workspace/logsheets/filtered/water_sampling.csv,XSDString,mandatory
missing value,water,sampling,samp_mat_process_dev,388,<empty>,\,/github/workspace/logsheets/filtered/water_sampling.csv,XSDString,mandatory
missing value,water,sampling,samp_mat_process_dev,389,<empty>,\,/github/workspace/logsheets/filtered/water_sampling.csv,XSDString,mandatory
missing value,water,sampling,samp_mat_process_dev,390,<empty>,\,/github/workspace/logsheets/filtered/water_sampling.csv,XSDString,mandatory
missing value,water,sampling,samp_mat_process_dev,391,<empty>,\,/github/workspace/logsheets/filtered/water_sampling.csv,XSDString,mandatory
missing value,water,sampling,samp_store_loc,1,<empty>,\,/github/workspace/logsheets/filtered/water_sampling.csv,XSDString,mandatory
missing value,water,sampling,samp_store_loc,2,<empty>,\,/github/workspace/logsheets/filtered/water_sampling.csv,XSDString,mandatory
missing value,water,sampling,samp_store_loc,5,<empty>,\,/github/workspace/logsheets/filtered/water_sampling.csv,XSDString,mandatory
missing value,water,sampling,samp_store_loc,6,<empty>,\,/github/workspace/logsheets/filtered/water_sampling.csv,XSDString,mandatory
missing value,water,sampling,samp_store_loc,11,<empty>,\,/github/workspace/logsheets/filtered/water_sampling.csv,XSDString,mandatory
missing value,water,sampling,samp_store_loc,12,<empty>,\,/github/workspace/logsheets/filtered/water_sampling.csv,XSDString,mandatory
missing value,water,sampling,samp_store_loc,20,<empty>,\,/github/workspace/logsheets/filtered/water_sampling.csv,XSDString,mandatory
missing value,water,sampling,samp_store_loc,21,<empty>,\,/github/workspace/logsheets/filtered/water_sampling.csv,XSDString,mandatory
missing value,water,sampling,samp_store_loc,24,<empty>,\,/github/workspace/logsheets/filtered/water_sampling.csv,XSDString,mandatory
missing value,water,sampling,samp_store_loc,25,<empty>,\,/github/workspace/logsheets/filtered/water_sampling.csv,XSDString,mandatory
missing value,water,sampling,samp_store_loc,30,<empty>,\,/github/workspace/logsheets/filtered/water_sampling.csv,XSDString,mandatory
missing value,water,sampling,samp_store_loc,31,<empty>,\,/github/workspace/logsheets/filtered/water_sampling.csv,XSDString,mandatory
missing value,water,sampling,samp_store_loc,35,<empty>,\,/github/workspace/logsheets/filtered/water_sampling.csv,XSDString,mandatory
missing value,water,sampling,samp_store_loc,36,<empty>,\,/github/workspace/logsheets/filtered/water_sampling.csv,XSDString,mandatory
missing value,water,sampling,samp_store_loc,39,<empty>,\,/github/workspace/logsheets/filtered/water_sampling.csv,XSDString,mandatory
missing value,water,sampling,samp_store_loc,40,<empty>,\,/github/workspace/logsheets/filtered/water_sampling.csv,XSDString,mandatory
missing value,water,sampling,samp_store_loc,45,<empty>,\,/github/workspace/logsheets/filtered/water_sampling.csv,XSDString,mandatory
missing value,water,sampling,samp_store_loc,46,<empty>,\,/github/workspace/logsheets/filtered/water_sampling.csv,XSDString,mandatory
missing value,water,sampling,samp_store_loc,350,<empty>,\,/github/workspace/logsheets/filtered/water_sampling.csv,XSDString,mandatory
missing value,water,sampling,samp_store_loc,351,<empty>,\,/github/workspace/logsheets/filtered/water_sampling.csv,XSDString,mandatory
missing value,water,sampling,samp_store_loc,352,<empty>,\,/github/workspace/logsheets/filtered/water_sampling.csv,XSDString,mandatory
missing value,water,sampling,samp_store_loc,353,<empty>,\,/github/workspace/logsheets/filtered/water_sampling.csv,XSDString,mandatory
missing value,water,sampling,samp_store_loc,354,<empty>,\,/github/workspace/logsheets/filtered/water_sampling.csv,XSDString,mandatory
missing value,water,sampling,samp_store_loc,355,<empty>,\,/github/workspace/logsheets/filtered/water_sampling.csv,XSDString,mandatory
missing value,water,sampling,samp_store_loc,356,<empty>,\,/github/workspace/logsheets/filtered/water_sampling.csv,XSDString,mandatory
missing value,water,sampling,samp_store_loc,357,<empty>,\,/github/workspace/logsheets/filtered/water_sampling.csv,XSDString,mandatory
missing value,water,sampling,samp_store_loc,358,<empty>,\,/github/workspace/logsheets/filtered/water_sampling.csv,XSDString,mandatory
missing value,water,sampling,samp_store_loc,359,<empty>,\,/github/workspace/logsheets/filtered/water_sampling.csv,XSDString,mandatory
missing value,water,sampling,samp_store_loc,360,<empty>,\,/github/workspace/logsheets/filtered/water_sampling.csv,XSDString,mandatory
missing value,water,sampling,samp_store_loc,361,<empty>,\,/github/workspace/logsheets/filtered/water_sampling.csv,XSDString,mandatory
missing value,water,sampling,samp_store_loc,362,<empty>,\,/github/workspace/logsheets/filtered/water_sampling.csv,XSDString,mandatory
missing value,water,sampling,samp_store_loc,363,<empty>,\,/github/workspace/logsheets/filtered/water_sampling.csv,XSDString,mandatory
missing value,water,sampling,samp_store_loc,364,<empty>,\,/github/workspace/logsheets/filtered/water_sampling.csv,XSDString,mandatory
missing value,water,sampling,samp_store_loc,365,<empty>,\,/github/workspace/logsheets/filtered/water_sampling.csv,XSDString,mandatory
missing value,water,sampling,samp_store_loc,366,<empty>,\,/github/workspace/logsheets/filtered/water_sampling.csv,XSDString,mandatory
missing value,water,sampling,samp_store_loc,367,<empty>,\,/github/workspace/logsheets/filtered/water_sampling.csv,XSDString,mandatory
missing value,water,sampling,samp_store_loc,368,<empty>,\,/github/workspace/logsheets/filtered/water_sampling.csv,XSDString,mandatory
missing value,water,sampling,samp_store_loc,369,<empty>,\,/github/workspace/logsheets/filtered/water_sampling.csv,XSDString,mandatory
missing value,water,sampling,samp_store_loc,370,<empty>,\,/github/workspace/logsheets/filtered/water_sampling.csv,XSDString,mandatory
missing value,water,sampling,samp_store_loc,371,<empty>,\,/github/workspace/logsheets/filtered/water_sampling.csv,XSDString,mandatory
missing value,water,sampling,samp_store_loc,372,<empty>,\,/github/workspace/logsheets/filtered/water_sampling.csv,XSDString,mandatory
missing value,water,sampling,samp_store_loc,373,<empty>,\,/github/workspace/logsheets/filtered/water_sampling.csv,XSDString,mandatory
missing value,water,sampling,samp_store_loc,374,<empty>,\,/github/workspace/logsheets/filtered/water_sampling.csv,XSDString,mandatory
missing value,water,sampling,samp_store_loc,375,<empty>,\,/github/workspace/logsheets/filtered/water_sampling.csv,XSDString,mandatory
missing value,water,sampling,samp_store_loc,376,<empty>,\,/github/workspace/logsheets/filtered/water_sampling.csv,XSDString,mandatory
missing value,water,sampling,samp_store_loc,377,<empty>,\,/github/workspace/logsheets/filtered/water_sampling.csv,XSDString,mandatory
missing value,water,sampling,samp_store_loc,378,<empty>,\,/github/workspace/logsheets/filtered/water_sampling.csv,XSDString,mandatory
missing value,water,sampling,samp_store_loc,379,<empty>,\,/github/workspace/logsheets/filtered/water_sampling.csv,XSDString,mandatory
missing value,water,sampling,samp_store_loc,380,<empty>,\,/github/workspace/logsheets/filtered/water_sampling.csv,XSDString,mandatory
missing value,water,sampling,samp_store_loc,381,<empty>,\,/github/workspace/logsheets/filtered/water_sampling.csv,XSDString,mandatory
missing value,water,sampling,samp_store_loc,382,<empty>,\,/github/workspace/logsheets/filtered/water_sampling.csv,XSDString,mandatory
missing value,water,sampling,samp_store_loc,383,<empty>,\,/github/workspace/logsheets/filtered/water_sampling.csv,XSDString,mandatory
missing value,water,sampling,samp_store_loc,384,<empty>,\,/github/workspace/logsheets/filtered/water_sampling.csv,XSDString,mandatory
missing value,water,sampling,samp_store_loc,385,<empty>,\,/github/workspace/logsheets/filtered/water_sampling.csv,XSDString,mandatory
missing value,water,sampling,samp_store_loc,386,<empty>,\,/github/workspace/logsheets/filtered/water_sampling.csv,XSDString,mandatory
missing value,water,sampling,samp_store_loc,387,<empty>,\,/github/workspace/logsheets/filtered/water_sampling.csv,XSDString,mandatory
missing value,water,sampling,samp_store_loc,388,<empty>,\,/github/workspace/logsheets/filtered/water_sampling.csv,XSDString,mandatory
missing value,water,sampling,samp_store_loc,389,<empty>,\,/github/workspace/logsheets/filtered/water_sampling.csv,XSDString,mandatory
missing value,water,sampling,samp_store_loc,390,<empty>,\,/github/workspace/logsheets/filtered/water_sampling.csv,XSDString,mandatory
missing value,water,sampling,samp_store_loc,391,<empty>,\,/github/workspace/logsheets/filtered/water_sampling.csv,XSDString,mandatory
missing value,water,sampling,samp_store_temp,350,<empty>,\,/github/workspace/logsheets/filtered/water_sampling.csv,XSDString,mandatory
missing value,water,sampling,samp_store_temp,351,<empty>,\,/github/workspace/logsheets/filtered/water_sampling.csv,XSDString,mandatory
missing value,water,sampling,samp_store_temp,352,<empty>,\,/github/workspace/logsheets/filtered/water_sampling.csv,XSDString,mandatory
missing value,water,sampling,samp_store_temp,353,<empty>,\,/github/workspace/logsheets/filtered/water_sampling.csv,XSDString,mandatory
missing value,water,sampling,samp_store_temp,354,<empty>,\,/github/workspace/logsheets/filtered/water_sampling.csv,XSDString,mandatory
missing value,water,sampling,samp_store_temp,355,<empty>,\,/github/workspace/logsheets/filtered/water_sampling.csv,XSDString,mandatory
missing value,water,sampling,samp_store_temp,356,<empty>,\,/github/workspace/logsheets/filtered/water_sampling.csv,XSDString,mandatory
missing value,water,sampling,samp_store_temp,357,<empty>,\,/github/workspace/logsheets/filtered/water_sampling.csv,XSDString,mandatory
missing value,water,sampling,samp_store_temp,358,<empty>,\,/github/workspace/logsheets/filtered/water_sampling.csv,XSDString,mandatory
missing value,water,sampling,samp_store_temp,359,<empty>,\,/github/workspace/logsheets/filtered/water_sampling.csv,XSDString,mandatory
missing value,water,sampling,samp_store_temp,360,<empty>,\,/github/workspace/logsheets/filtered/water_sampling.csv,XSDString,mandatory
missing value,water,sampling,samp_store_temp,361,<empty>,\,/github/workspace/logsheets/filtered/water_sampling.csv,XSDString,mandatory
missing value,water,sampling,samp_store_temp,362,<empty>,\,/github/workspace/logsheets/filtered/water_sampling.csv,XSDString,mandatory
missing value,water,sampling,samp_store_temp,363,<empty>,\,/github/workspace/logsheets/filtered/water_sampling.csv,XSDString,mandatory
missing value,water,sampling,samp_store_temp,364,<empty>,\,/github/workspace/logsheets/filtered/water_sampling.csv,XSDString,mandatory
missing value,water,sampling,samp_store_temp,365,<empty>,\,/github/workspace/logsheets/filtered/water_sampling.csv,XSDString,mandatory
missing value,water,sampling,samp_store_temp,366,<empty>,\,/github/workspace/logsheets/filtered/water_sampling.csv,XSDString,mandatory
missing value,water,sampling,samp_store_temp,367,<empty>,\,/github/workspace/logsheets/filtered/water_sampling.csv,XSDString,mandatory
missing value,water,sampling,samp_store_temp,368,<empty>,\,/github/workspace/logsheets/filtered/water_sampling.csv,XSDString,mandatory
missing value,water,sampling,samp_store_temp,369,<empty>,\,/github/workspace/logsheets/filtered/water_sampling.csv,XSDString,mandatory
missing value,water,sampling,samp_store_temp,370,<empty>,\,/github/workspace/logsheets/filtered/water_sampling.csv,XSDString,mandatory
missing value,water,sampling,samp_store_temp,371,<empty>,\,/github/workspace/logsheets/filtered/water_sampling.csv,XSDString,mandatory
missing value,water,sampling,samp_store_temp,372,<empty>,\,/github/workspace/logsheets/filtered/water_sampling.csv,XSDString,mandatory
missing value,water,sampling,samp_store_temp,373,<empty>,\,/github/workspace/logsheets/filtered/water_sampling.csv,XSDString,mandatory
missing value,water,sampling,samp_store_temp,374,<empty>,\,/github/workspace/logsheets/filtered/water_sampling.csv,XSDString,mandatory
missing value,water,sampling,samp_store_temp,375,<empty>,\,/github/workspace/logsheets/filtered/water_sampling.csv,XSDString,mandatory
missing value,water,sampling,samp_store_temp,376,<empty>,\,/github/workspace/logsheets/filtered/water_sampling.csv,XSDString,mandatory
missing value,water,sampling,samp_store_temp,377,<empty>,\,/github/workspace/logsheets/filtered/water_sampling.csv,XSDString,mandatory
missing value,water,sampling,samp_store_temp,378,<empty>,\,/github/workspace/logsheets/filtered/water_sampling.csv,XSDString,mandatory
missing value,water,sampling,samp_store_temp,379,<empty>,\,/github/workspace/logsheets/filtered/water_sampling.csv,XSDString,mandatory
missing value,water,sampling,samp_store_temp,380,<empty>,\,/github/workspace/logsheets/filtered/water_sampling.csv,XSDString,mandatory
missing value,water,sampling,samp_store_temp,381,<empty>,\,/github/workspace/logsheets/filtered/water_sampling.csv,XSDString,mandatory
missing value,water,sampling,samp_store_temp,382,<empty>,\,/github/workspace/logsheets/filtered/water_sampling.csv,XSDString,mandatory
missing value,water,sampling,samp_store_temp,383,<empty>,\,/github/workspace/logsheets/filtered/water_sampling.csv,XSDString,mandatory
missing value,water,sampling,samp_store_temp,384,<empty>,\,/github/workspace/logsheets/filtered/water_sampling.csv,XSDString,mandatory
missing value,water,sampling,samp_store_temp,385,<empty>,\,/github/workspace/logsheets/filtered/water_sampling.csv,XSDString,mandatory
missing value,water,sampling,samp_store_temp,386,<empty>,\,/github/workspace/logsheets/filtered/water_sampling.csv,XSDString,mandatory
missing value,water,sampling,samp_store_temp,387,<empty>,\,/github/workspace/logsheets/filtered/water_sampling.csv,XSDString,mandatory
missing value,water,sampling,samp_store_temp,388,<empty>,\,/github/workspace/logsheets/filtered/water_sampling.csv,XSDString,mandatory
missing value,water,sampling,samp_store_temp,389,<empty>,\,/github/workspace/logsheets/filtered/water_sampling.csv,XSDString,mandatory
missing value,water,sampling,samp_store_temp,390,<empty>,\,/github/workspace/logsheets/filtered/water_sampling.csv,XSDString,mandatory
missing value,water,sampling,samp_store_temp,391,<empty>,\,/github/workspace/logsheets/filtered/water_sampling.csv,XSDString,mandatory
missing value,water,sampling,samp_size_vol,350,<empty>,\,/github/workspace/logsheets/filtered/water_sampling.csv,XSDDouble,mandatory
missing value,water,sampling,samp_size_vol,351,<empty>,\,/github/workspace/logsheets/filtered/water_sampling.csv,XSDDouble,mandatory
missing value,water,sampling,samp_size_vol,352,<empty>,\,/github/workspace/logsheets/filtered/water_sampling.csv,XSDDouble,mandatory
missing value,water,sampling,samp_size_vol,353,<empty>,\,/github/workspace/logsheets/filtered/water_sampling.csv,XSDDouble,mandatory
missing value,water,sampling,samp_size_vol,354,<empty>,\,/github/workspace/logsheets/filtered/water_sampling.csv,XSDDouble,mandatory
missing value,water,sampling,samp_size_vol,355,<empty>,\,/github/workspace/logsheets/filtered/water_sampling.csv,XSDDouble,mandatory
missing value,water,sampling,samp_size_vol,356,<empty>,\,/github/workspace/logsheets/filtered/water_sampling.csv,XSDDouble,mandatory
missing value,water,sampling,samp_size_vol,357,<empty>,\,/github/workspace/logsheets/filtered/water_sampling.csv,XSDDouble,mandatory
missing value,water,sampling,samp_size_vol,358,<empty>,\,/github/workspace/logsheets/filtered/water_sampling.csv,XSDDouble,mandatory
missing value,water,sampling,samp_size_vol,359,<empty>,\,/github/workspace/logsheets/filtered/water_sampling.csv,XSDDouble,mandatory
missing value,water,sampling,samp_size_vol,360,<empty>,\,/github/workspace/logsheets/filtered/water_sampling.csv,XSDDouble,mandatory
missing value,water,sampling,samp_size_vol,361,<empty>,\,/github/workspace/logsheets/filtered/water_sampling.csv,XSDDouble,mandatory
missing value,water,sampling,samp_size_vol,362,<empty>,\,/github/workspace/logsheets/filtered/water_sampling.csv,XSDDouble,mandatory
missing value,water,sampling,samp_size_vol,363,<empty>,\,/github/workspace/logsheets/filtered/water_sampling.csv,XSDDouble,mandatory
missing value,water,sampling,samp_size_vol,364,<empty>,\,/github/workspace/logsheets/filtered/water_sampling.csv,XSDDouble,mandatory
missing value,water,sampling,samp_size_vol,365,<empty>,\,/github/workspace/logsheets/filtered/water_sampling.csv,XSDDouble,mandatory
missing value,water,sampling,samp_size_vol,366,<empty>,\,/github/workspace/logsheets/filtered/water_sampling.csv,XSDDouble,mandatory
missing value,water,sampling,samp_size_vol,367,<empty>,\,/github/workspace/logsheets/filtered/water_sampling.csv,XSDDouble,mandatory
missing value,water,sampling,samp_size_vol,368,<empty>,\,/github/workspace/logsheets/filtered/water_sampling.csv,XSDDouble,mandatory
missing value,water,sampling,samp_size_vol,369,<empty>,\,/github/workspace/logsheets/filtered/water_sampling.csv,XSDDouble,mandatory
missing value,water,sampling,samp_size_vol,370,<empty>,\,/github/workspace/logsheets/filtered/water_sampling.csv,XSDDouble,mandatory
missing value,water,sampling,samp_size_vol,371,<empty>,\,/github/workspace/logsheets/filtered/water_sampling.csv,XSDDouble,mandatory
missing value,water,sampling,samp_size_vol,372,<empty>,\,/github/workspace/logsheets/filtered/water_sampling.csv,XSDDouble,mandatory
missing value,water,sampling,samp_size_vol,373,<empty>,\,/github/workspace/logsheets/filtered/water_sampling.csv,XSDDouble,mandatory
missing value,water,sampling,samp_size_vol,374,<empty>,\,/github/workspace/logsheets/filtered/water_sampling.csv,XSDDouble,mandatory
missing value,water,sampling,samp_size_vol,375,<empty>,\,/github/workspace/logsheets/filtered/water_sampling.csv,XSDDouble,mandatory
missing value,water,sampling,samp_size_vol,376,<empty>,\,/github/workspace/logsheets/filtered/water_sampling.csv,XSDDouble,mandatory
missing value,water,sampling,samp_size_vol,377,<empty>,\,/github/workspace/logsheets/filtered/water_sampling.csv,XSDDouble,mandatory
missing value,water,sampling,samp_size_vol,378,<empty>,\,/github/workspace/logsheets/filtered/water_sampling.csv,XSDDouble,mandatory
missing value,water,sampling,samp_size_vol,379,<empty>,\,/github/workspace/logsheets/filtered/water_sampling.csv,XSDDouble,mandatory
missing value,water,sampling,samp_size_vol,380,<empty>,\,/github/workspace/logsheets/filtered/water_sampling.csv,XSDDouble,mandatory
missing value,water,sampling,samp_size_vol,381,<empty>,\,/github/workspace/logsheets/filtered/water_sampling.csv,XSDDouble,mandatory
missing value,water,sampling,samp_size_vol,382,<empty>,\,/github/workspace/logsheets/filtered/water_sampling.csv,XSDDouble,mandatory
missing value,water,sampling,samp_size_vol,383,<empty>,\,/github/workspace/logsheets/filtered/water_sampling.csv,XSDDouble,mandatory
missing value,water,sampling,samp_size_vol,384,<empty>,\,/github/workspace/logsheets/filtered/water_sampling.csv,XSDDouble,mandatory
missing value,water,sampling,samp_size_vol,385,<empty>,\,/github/workspace/logsheets/filtered/water_sampling.csv,XSDDouble,mandatory
missing value,water,sampling,samp_size_vol,386,<empty>,\,/github/workspace/logsheets/filtered/water_sampling.csv,XSDDouble,mandatory
missing value,water,sampling,samp_size_vol,387,<empty>,\,/github/workspace/logsheets/filtered/water_sampling.csv,XSDDouble,mandatory
missing value,water,sampling,samp_size_vol,388,<empty>,\,/github/workspace/logsheets/filtered/water_sampling.csv,XSDDouble,mandatory
missing value,water,sampling,samp_size_vol,389,<empty>,\,/github/workspace/logsheets/filtered/water_sampling.csv,XSDDouble,mandatory
missing value,water,sampling,samp_size_vol,390,<empty>,\,/github/workspace/logsheets/filtered/water_sampling.csv,XSDDouble,mandatory
missing value,water,sampling,samp_size_vol,391,<empty>,\,/github/workspace/logsheets/filtered/water_sampling.csv,XSDDouble,mandatory
missing value,water,sampling,sampl_person,350,<empty>,\,/github/workspace/logsheets/filtered/water_sampling.csv,XSDString,mandatory
missing value,water,sampling,sampl_person,351,<empty>,\,/github/workspace/logsheets/filtered/water_sampling.csv,XSDString,mandatory
missing value,water,sampling,sampl_person,352,<empty>,\,/github/workspace/logsheets/filtered/water_sampling.csv,XSDString,mandatory
missing value,water,sampling,sampl_person,353,<empty>,\,/github/workspace/logsheets/filtered/water_sampling.csv,XSDString,mandatory
missing value,water,sampling,sampl_person,354,<empty>,\,/github/workspace/logsheets/filtered/water_sampling.csv,XSDString,mandatory
missing value,water,sampling,sampl_person,355,<empty>,\,/github/workspace/logsheets/filtered/water_sampling.csv,XSDString,mandatory
missing value,water,sampling,sampl_person,356,<empty>,\,/github/workspace/logsheets/filtered/water_sampling.csv,XSDString,mandatory
missing value,water,sampling,sampl_person,357,<empty>,\,/github/workspace/logsheets/filtered/water_sampling.csv,XSDString,mandatory
missing value,water,sampling,sampl_person,358,<empty>,\,/github/workspace/logsheets/filtered/water_sampling.csv,XSDString,mandatory
missing value,water,sampling,sampl_person,359,<empty>,\,/github/workspace/logsheets/filtered/water_sampling.csv,XSDString,mandatory
missing value,water,sampling,sampl_person,360,<empty>,\,/github/workspace/logsheets/filtered/water_sampling.csv,XSDString,mandatory
missing value,water,sampling,sampl_person,361,<empty>,\,/github/workspace/logsheets/filtered/water_sampling.csv,XSDString,mandatory
missing value,water,sampling,sampl_person,362,<empty>,\,/github/workspace/logsheets/filtered/water_sampling.csv,XSDString,mandatory
missing value,water,sampling,sampl_person,363,<empty>,\,/github/workspace/logsheets/filtered/water_sampling.csv,XSDString,mandatory
missing value,water,sampling,sampl_person,364,<empty>,\,/github/workspace/logsheets/filtered/water_sampling.csv,XSDString,mandatory
missing value,water,sampling,sampl_person,365,<empty>,\,/github/workspace/logsheets/filtered/water_sampling.csv,XSDString,mandatory
missing value,water,sampling,sampl_person,366,<empty>,\,/github/workspace/logsheets/filtered/water_sampling.csv,XSDString,mandatory
missing value,water,sampling,sampl_person,367,<empty>,\,/github/workspace/logsheets/filtered/water_sampling.csv,XSDString,mandatory
missing value,water,sampling,sampl_person,368,<empty>,\,/github/workspace/logsheets/filtered/water_sampling.csv,XSDString,mandatory
missing value,water,sampling,sampl_person,369,<empty>,\,/github/workspace/logsheets/filtered/water_sampling.csv,XSDString,mandatory
missing value,water,sampling,sampl_person,370,<empty>,\,/github/workspace/logsheets/filtered/water_sampling.csv,XSDString,mandatory
missing value,water,sampling,sampl_person,371,<empty>,\,/github/workspace/logsheets/filtered/water_sampling.csv,XSDString,mandatory
missing value,water,sampling,sampl_person,372,<empty>,\,/github/workspace/logsheets/filtered/water_sampling.csv,XSDString,mandatory
missing value,water,sampling,sampl_person,373,<empty>,\,/github/workspace/logsheets/filtered/water_sampling.csv,XSDString,mandatory
missing value,water,sampling,sampl_person,374,<empty>,\,/github/workspace/logsheets/filtered/water_sampling.csv,XSDString,mandatory
missing value,water,sampling,sampl_person,375,<empty>,\,/github/workspace/logsheets/filtered/water_sampling.csv,XSDString,mandatory
missing value,water,sampling,sampl_person,376,<empty>,\,/github/workspace/logsheets/filtered/water_sampling.csv,XSDString,mandatory
missing value,water,sampling,sampl_person,377,<empty>,\,/github/workspace/logsheets/filtered/water_sampling.csv,XSDString,mandatory
missing value,water,sampling,sampl_person,378,<empty>,\,/github/workspace/logsheets/filtered/water_sampling.csv,XSDString,mandatory
missing value,water,sampling,sampl_person,379,<empty>,\,/github/workspace/logsheets/filtered/water_sampling.csv,XSDString,mandatory
missing value,water,sampling,sampl_person,380,<empty>,\,/github/workspace/logsheets/filtered/water_sampling.csv,XSDString,mandatory
missing value,water,sampling,sampl_person,381,<empty>,\,/github/workspace/logsheets/filtered/water_sampling.csv,XSDString,mandatory
missing value,water,sampling,sampl_person,382,<empty>,\,/github/workspace/logsheets/filtered/water_sampling.csv,XSDString,mandatory
missing value,water,sampling,sampl_person,383,<empty>,\,/github/workspace/logsheets/filtered/water_sampling.csv,XSDString,mandatory
missing value,water,sampling,sampl_person,384,<empty>,\,/github/workspace/logsheets/filtered/water_sampling.csv,XSDString,mandatory
missing value,water,sampling,sampl_person,385,<empty>,\,/github/workspace/logsheets/filtered/water_sampling.csv,XSDString,mandatory
missing value,water,sampling,sampl_person,386,<empty>,\,/github/workspace/logsheets/filtered/water_sampling.csv,XSDString,mandatory
missing value,water,sampling,sampl_person,387,<empty>,\,/github/workspace/logsheets/filtered/water_sampling.csv,XSDString,mandatory
missing value,water,sampling,sampl_person,388,<empty>,\,/github/workspace/logsheets/filtered/water_sampling.csv,XSDString,mandatory
missing value,water,sampling,sampl_person,389,<empty>,\,/github/workspace/logsheets/filtered/water_sampling.csv,XSDString,mandatory
missing value,water,sampling,sampl_person,390,<empty>,\,/github/workspace/logsheets/filtered/water_sampling.csv,XSDString,mandatory
missing value,water,sampling,sampl_person,391,<empty>,\,/github/workspace/logsheets/filtered/water_sampling.csv,XSDString,mandatory
missing value,water,sampling,sampling_event,350,<empty>,\,/github/workspace/logsheets/filtered/water_sampling.csv,XSDString,mandatory
missing value,water,sampling,sampling_event,351,<empty>,\,/github/workspace/logsheets/filtered/water_sampling.csv,XSDString,mandatory
missing value,water,sampling,sampling_event,352,<empty>,\,/github/workspace/logsheets/filtered/water_sampling.csv,XSDString,mandatory
missing value,water,sampling,sampling_event,353,<empty>,\,/github/workspace/logsheets/filtered/water_sampling.csv,XSDString,mandatory
missing value,water,sampling,sampling_event,354,<empty>,\,/github/workspace/logsheets/filtered/water_sampling.csv,XSDString,mandatory
missing value,water,sampling,sampling_event,355,<empty>,\,/github/workspace/logsheets/filtered/water_sampling.csv,XSDString,mandatory
missing value,water,sampling,sampling_event,356,<empty>,\,/github/workspace/logsheets/filtered/water_sampling.csv,XSDString,mandatory
missing value,water,sampling,sampling_event,357,<empty>,\,/github/workspace/logsheets/filtered/water_sampling.csv,XSDString,mandatory
missing value,water,sampling,sampling_event,358,<empty>,\,/github/workspace/logsheets/filtered/water_sampling.csv,XSDString,mandatory
missing value,water,sampling,sampling_event,359,<empty>,\,/github/workspace/logsheets/filtered/water_sampling.csv,XSDString,mandatory
missing value,water,sampling,sampling_event,360,<empty>,\,/github/workspace/logsheets/filtered/water_sampling.csv,XSDString,mandatory
missing value,water,sampling,sampling_event,361,<empty>,\,/github/workspace/logsheets/filtered/water_sampling.csv,XSDString,mandatory
missing value,water,sampling,sampling_event,362,<empty>,\,/github/workspace/logsheets/filtered/water_sampling.csv,XSDString,mandatory
missing value,water,sampling,sampling_event,363,<empty>,\,/github/workspace/logsheets/filtered/water_sampling.csv,XSDString,mandatory
missing value,water,sampling,sampling_event,364,<empty>,\,/github/workspace/logsheets/filtered/water_sampling.csv,XSDString,mandatory
missing value,water,sampling,sampling_event,365,<empty>,\,/github/workspace/logsheets/filtered/water_sampling.csv,XSDString,mandatory
missing value,water,sampling,sampling_event,366,<empty>,\,/github/workspace/logsheets/filtered/water_sampling.csv,XSDString,mandatory
missing value,water,sampling,sampling_event,367,<empty>,\,/github/workspace/logsheets/filtered/water_sampling.csv,XSDString,mandatory
missing value,water,sampling,sampling_event,368,<empty>,\,/github/workspace/logsheets/filtered/water_sampling.csv,XSDString,mandatory
missing value,water,sampling,sampling_event,369,<empty>,\,/github/workspace/logsheets/filtered/water_sampling.csv,XSDString,mandatory
missing value,water,sampling,sampling_event,370,<empty>,\,/github/workspace/logsheets/filtered/water_sampling.csv,XSDString,mandatory
missing value,water,sampling,sampling_event,371,<empty>,\,/github/workspace/logsheets/filtered/water_sampling.csv,XSDString,mandatory
missing value,water,sampling,sampling_event,372,<empty>,\,/github/workspace/logsheets/filtered/water_sampling.csv,XSDString,mandatory
missing value,water,sampling,sampling_event,373,<empty>,\,/github/workspace/logsheets/filtered/water_sampling.csv,XSDString,mandatory
missing value,water,sampling,sampling_event,374,<empty>,\,/github/workspace/logsheets/filtered/water_sampling.csv,XSDString,mandatory
missing value,water,sampling,sampling_event,375,<empty>,\,/github/workspace/logsheets/filtered/water_sampling.csv,XSDString,mandatory
missing value,water,sampling,sampling_event,376,<empty>,\,/github/workspace/logsheets/filtered/water_sampling.csv,XSDString,mandatory
missing value,water,sampling,sampling_event,377,<empty>,\,/github/workspace/logsheets/filtered/water_sampling.csv,XSDString,mandatory
missing value,water,sampling,sampling_event,378,<empty>,\,/github/workspace/logsheets/filtered/water_sampling.csv,XSDString,mandatory
missing value,water,sampling,sampling_event,379,<empty>,\,/github/workspace/logsheets/filtered/water_sampling.csv,XSDString,mandatory
missing value,water,sampling,sampling_event,380,<empty>,\,/github/workspace/logsheets/filtered/water_sampling.csv,XSDString,mandatory
missing value,water,sampling,sampling_event,381,<empty>,\,/github/workspace/logsheets/filtered/water_sampling.csv,XSDString,mandatory
missing value,water,sampling,sampling_event,382,<empty>,\,/github/workspace/logsheets/filtered/water_sampling.csv,XSDString,mandatory
missing value,water,sampling,sampling_event,383,<empty>,\,/github/workspace/logsheets/filtered/water_sampling.csv,XSDString,mandatory
missing value,water,sampling,sampling_event,384,<empty>,\,/github/workspace/logsheets/filtered/water_sampling.csv,XSDString,mandatory
missing value,water,sampling,sampling_event,385,<empty>,\,/github/workspace/logsheets/filtered/water_sampling.csv,XSDString,mandatory
missing value,water,sampling,sampling_event,386,<empty>,\,/github/workspace/logsheets/filtered/water_sampling.csv,XSDString,mandatory
missing value,water,sampling,sampling_event,387,<empty>,\,/github/workspace/logsheets/filtered/water_sampling.csv,XSDString,mandatory
missing value,water,sampling,sampling_event,388,<empty>,\,/github/workspace/logsheets/filtered/water_sampling.csv,XSDString,mandatory
missing value,water,sampling,sampling_event,389,<empty>,\,/github/workspace/logsheets/filtered/water_sampling.csv,XSDString,mandatory
missing value,water,sampling,sampling_event,390,<empty>,\,/github/workspace/logsheets/filtered/water_sampling.csv,XSDString,mandatory
missing value,water,sampling,sampling_event,391,<empty>,\,/github/workspace/logsheets/filtered/water_sampling.csv,XSDString,mandatory
missing value,water,sampling,ship_date,3,<empty>,\,/github/workspace/logsheets/filtered/water_sampling.csv,XSDDate,mandatory
missing value,water,sampling,ship_date,4,<empty>,\,/github/workspace/logsheets/filtered/water_sampling.csv,XSDDate,mandatory
missing value,water,sampling,ship_date,7,<empty>,\,/github/workspace/logsheets/filtered/water_sampling.csv,XSDDate,mandatory
missing value,water,sampling,ship_date,8,<empty>,\,/github/workspace/logsheets/filtered/water_sampling.csv,XSDDate,mandatory
missing value,water,sampling,ship_date,9,<empty>,\,/github/workspace/logsheets/filtered/water_sampling.csv,XSDDate,mandatory
missing value,water,sampling,ship_date,10,<empty>,\,/github/workspace/logsheets/filtered/water_sampling.csv,XSDDate,mandatory
missing value,water,sampling,ship_date,13,<empty>,\,/github/workspace/logsheets/filtered/water_sampling.csv,XSDDate,mandatory
missing value,water,sampling,ship_date,14,<empty>,\,/github/workspace/logsheets/filtered/water_sampling.csv,XSDDate,mandatory
missing value,water,sampling,ship_date,15,<empty>,\,/github/workspace/logsheets/filtered/water_sampling.csv,XSDDate,mandatory
missing value,water,sampling,ship_date,22,<empty>,\,/github/workspace/logsheets/filtered/water_sampling.csv,XSDDate,mandatory
missing value,water,sampling,ship_date,23,<empty>,\,/github/workspace/logsheets/filtered/water_sampling.csv,XSDDate,mandatory
missing value,water,sampling,ship_date,26,<empty>,\,/github/workspace/logsheets/filtered/water_sampling.csv,XSDDate,mandatory
missing value,water,sampling,ship_date,27,<empty>,\,/github/workspace/logsheets/filtered/water_sampling.csv,XSDDate,mandatory
missing value,water,sampling,ship_date,28,<empty>,\,/github/workspace/logsheets/filtered/water_sampling.csv,XSDDate,mandatory
missing value,water,sampling,ship_date,29,<empty>,\,/github/workspace/logsheets/filtered/water_sampling.csv,XSDDate,mandatory
missing value,water,sampling,ship_date,30,<empty>,\,/github/workspace/logsheets/filtered/water_sampling.csv,XSDDate,mandatory
missing value,water,sampling,ship_date,31,<empty>,\,/github/workspace/logsheets/filtered/water_sampling.csv,XSDDate,mandatory
missing value,water,sampling,ship_date,32,<empty>,\,/github/workspace/logsheets/filtered/water_sampling.csv,XSDDate,mandatory
missing value,water,sampling,ship_date,33,<empty>,\,/github/workspace/logsheets/filtered/water_sampling.csv,XSDDate,mandatory
missing value,water,sampling,ship_date,34,<empty>,\,/github/workspace/logsheets/filtered/water_sampling.csv,XSDDate,mandatory
missing value,water,sampling,ship_date,37,<empty>,\,/github/workspace/logsheets/filtered/water_sampling.csv,XSDDate,mandatory
missing value,water,sampling,ship_date,38,<empty>,\,/github/workspace/logsheets/filtered/water_sampling.csv,XSDDate,mandatory
missing value,water,sampling,ship_date,41,<empty>,\,/github/workspace/logsheets/filtered/water_sampling.csv,XSDDate,mandatory
missing value,water,sampling,ship_date,42,<empty>,\,/github/workspace/logsheets/filtered/water_sampling.csv,XSDDate,mandatory
missing value,water,sampling,ship_date,43,<empty>,\,/github/workspace/logsheets/filtered/water_sampling.csv,XSDDate,mandatory
missing value,water,sampling,ship_date,44,<empty>,\,/github/workspace/logsheets/filtered/water_sampling.csv,XSDDate,mandatory
missing value,water,sampling,ship_date,45,<empty>,\,/github/workspace/logsheets/filtered/water_sampling.csv,XSDDate,mandatory
missing value,water,sampling,ship_date,46,<empty>,\,/github/workspace/logsheets/filtered/water_sampling.csv,XSDDate,mandatory
missing value,water,sampling,ship_date,47,<empty>,\,/github/workspace/logsheets/filtered/water_sampling.csv,XSDDate,mandatory
missing value,water,sampling,ship_date,48,<empty>,\,/github/workspace/logsheets/filtered/water_sampling.csv,XSDDate,mandatory
missing value,water,sampling,ship_date,49,<empty>,\,/github/workspace/logsheets/filtered/water_sampling.csv,XSDDate,mandatory
missing value,water,sampling,ship_date,350,<empty>,\,/github/workspace/logsheets/filtered/water_sampling.csv,XSDDate,mandatory
missing value,water,sampling,ship_date,351,<empty>,\,/github/workspace/logsheets/filtered/water_sampling.csv,XSDDate,mandatory
missing value,water,sampling,ship_date,352,<empty>,\,/github/workspace/logsheets/filtered/water_sampling.csv,XSDDate,mandatory
missing value,water,sampling,ship_date,353,<empty>,\,/github/workspace/logsheets/filtered/water_sampling.csv,XSDDate,mandatory
missing value,water,sampling,ship_date,354,<empty>,\,/github/workspace/logsheets/filtered/water_sampling.csv,XSDDate,mandatory
missing value,water,sampling,ship_date,355,<empty>,\,/github/workspace/logsheets/filtered/water_sampling.csv,XSDDate,mandatory
missing value,water,sampling,ship_date,356,<empty>,\,/github/workspace/logsheets/filtered/water_sampling.csv,XSDDate,mandatory
missing value,water,sampling,ship_date,357,<empty>,\,/github/workspace/logsheets/filtered/water_sampling.csv,XSDDate,mandatory
missing value,water,sampling,ship_date,358,<empty>,\,/github/workspace/logsheets/filtered/water_sampling.csv,XSDDate,mandatory
missing value,water,sampling,ship_date,359,<empty>,\,/github/workspace/logsheets/filtered/water_sampling.csv,XSDDate,mandatory
missing value,water,sampling,ship_date,360,<empty>,\,/github/workspace/logsheets/filtered/water_sampling.csv,XSDDate,mandatory
missing value,water,sampling,ship_date,361,<empty>,\,/github/workspace/logsheets/filtered/water_sampling.csv,XSDDate,mandatory
missing value,water,sampling,ship_date,362,<empty>,\,/github/workspace/logsheets/filtered/water_sampling.csv,XSDDate,mandatory
missing value,water,sampling,ship_date,363,<empty>,\,/github/workspace/logsheets/filtered/water_sampling.csv,XSDDate,mandatory
missing value,water,sampling,ship_date,364,<empty>,\,/github/workspace/logsheets/filtered/water_sampling.csv,XSDDate,mandatory
missing value,water,sampling,ship_date,365,<empty>,\,/github/workspace/logsheets/filtered/water_sampling.csv,XSDDate,mandatory
missing value,water,sampling,ship_date,366,<empty>,\,/github/workspace/logsheets/filtered/water_sampling.csv,XSDDate,mandatory
missing value,water,sampling,ship_date,367,<empty>,\,/github/workspace/logsheets/filtered/water_sampling.csv,XSDDate,mandatory
missing value,water,sampling,ship_date,368,<empty>,\,/github/workspace/logsheets/filtered/water_sampling.csv,XSDDate,mandatory
missing value,water,sampling,ship_date,369,<empty>,\,/github/workspace/logsheets/filtered/water_sampling.csv,XSDDate,mandatory
missing value,water,sampling,ship_date,370,<empty>,\,/github/workspace/logsheets/filtered/water_sampling.csv,XSDDate,mandatory
missing value,water,sampling,ship_date,371,<empty>,\,/github/workspace/logsheets/filtered/water_sampling.csv,XSDDate,mandatory
missing value,water,sampling,ship_date,372,<empty>,\,/github/workspace/logsheets/filtered/water_sampling.csv,XSDDate,mandatory
missing value,water,sampling,ship_date,373,<empty>,\,/github/workspace/logsheets/filtered/water_sampling.csv,XSDDate,mandatory
missing value,water,sampling,ship_date,374,<empty>,\,/github/workspace/logsheets/filtered/water_sampling.csv,XSDDate,mandatory
missing value,water,sampling,ship_date,375,<empty>,\,/github/workspace/logsheets/filtered/water_sampling.csv,XSDDate,mandatory
missing value,water,sampling,ship_date,376,<empty>,\,/github/workspace/logsheets/filtered/water_sampling.csv,XSDDate,mandatory
missing value,water,sampling,ship_date,377,<empty>,\,/github/workspace/logsheets/filtered/water_sampling.csv,XSDDate,mandatory
missing value,water,sampling,ship_date,378,<empty>,\,/github/workspace/logsheets/filtered/water_sampling.csv,XSDDate,mandatory
missing value,water,sampling,ship_date,379,<empty>,\,/github/workspace/logsheets/filtered/water_sampling.csv,XSDDate,mandatory
missing value,water,sampling,ship_date,380,<empty>,\,/github/workspace/logsheets/filtered/water_sampling.csv,XSDDate,mandatory
missing value,water,sampling,ship_date,381,<empty>,\,/github/workspace/logsheets/filtered/water_sampling.csv,XSDDate,mandatory
missing value,water,sampling,ship_date,382,<empty>,\,/github/workspace/logsheets/filtered/water_sampling.csv,XSDDate,mandatory
missing value,water,sampling,ship_date,383,<empty>,\,/github/workspace/logsheets/filtered/water_sampling.csv,XSDDate,mandatory
missing value,water,sampling,ship_date,384,<empty>,\,/github/workspace/logsheets/filtered/water_sampling.csv,XSDDate,mandatory
missing value,water,sampling,ship_date,385,<empty>,\,/github/workspace/logsheets/filtered/water_sampling.csv,XSDDate,mandatory
missing value,water,sampling,ship_date,386,<empty>,\,/github/workspace/logsheets/filtered/water_sampling.csv,XSDDate,mandatory
missing value,water,sampling,ship_date,387,<empty>,\,/github/workspace/logsheets/filtered/water_sampling.csv,XSDDate,mandatory
missing value,water,sampling,ship_date,388,<empty>,\,/github/workspace/logsheets/filtered/water_sampling.csv,XSDDate,mandatory
missing value,water,sampling,ship_date,389,<empty>,\,/github/workspace/logsheets/filtered/water_sampling.csv,XSDDate,mandatory
missing value,water,sampling,ship_date,390,<empty>,\,/github/workspace/logsheets/filtered/water_sampling.csv,XSDDate,mandatory
missing value,water,sampling,ship_date,391,<empty>,\,/github/workspace/logsheets/filtered/water_sampling.csv,XSDDate,mandatory
missing value,water,sampling,ship_date_seq,3,<empty>,\,/github/workspace/logsheets/filtered/water_sampling.csv,XSDDate,mandatory
missing value,water,sampling,ship_date_seq,4,<empty>,\,/github/workspace/logsheets/filtered/water_sampling.csv,XSDDate,mandatory
missing value,water,sampling,ship_date_seq,7,<empty>,\,/github/workspace/logsheets/filtered/water_sampling.csv,XSDDate,mandatory
missing value,water,sampling,ship_date_seq,8,<empty>,\,/github/workspace/logsheets/filtered/water_sampling.csv,XSDDate,mandatory
missing value,water,sampling,ship_date_seq,9,<empty>,\,/github/workspace/logsheets/filtered/water_sampling.csv,XSDDate,mandatory
missing value,water,sampling,ship_date_seq,10,<empty>,\,/github/workspace/logsheets/filtered/water_sampling.csv,XSDDate,mandatory
missing value,water,sampling,ship_date_seq,13,<empty>,\,/github/workspace/logsheets/filtered/water_sampling.csv,XSDDate,mandatory
missing value,water,sampling,ship_date_seq,14,<empty>,\,/github/workspace/logsheets/filtered/water_sampling.csv,XSDDate,mandatory
missing value,water,sampling,ship_date_seq,15,<empty>,\,/github/workspace/logsheets/filtered/water_sampling.csv,XSDDate,mandatory
missing value,water,sampling,ship_date_seq,22,<empty>,\,/github/workspace/logsheets/filtered/water_sampling.csv,XSDDate,mandatory
missing value,water,sampling,ship_date_seq,23,<empty>,\,/github/workspace/logsheets/filtered/water_sampling.csv,XSDDate,mandatory
missing value,water,sampling,ship_date_seq,26,<empty>,\,/github/workspace/logsheets/filtered/water_sampling.csv,XSDDate,mandatory
missing value,water,sampling,ship_date_seq,27,<empty>,\,/github/workspace/logsheets/filtered/water_sampling.csv,XSDDate,mandatory
missing value,water,sampling,ship_date_seq,28,<empty>,\,/github/workspace/logsheets/filtered/water_sampling.csv,XSDDate,mandatory
missing value,water,sampling,ship_date_seq,29,<empty>,\,/github/workspace/logsheets/filtered/water_sampling.csv,XSDDate,mandatory
missing value,water,sampling,ship_date_seq,30,<empty>,\,/github/workspace/logsheets/filtered/water_sampling.csv,XSDDate,mandatory
missing value,water,sampling,ship_date_seq,31,<empty>,\,/github/workspace/logsheets/filtered/water_sampling.csv,XSDDate,mandatory
missing value,water,sampling,ship_date_seq,32,<empty>,\,/github/workspace/logsheets/filtered/water_sampling.csv,XSDDate,mandatory
missing value,water,sampling,ship_date_seq,33,<empty>,\,/github/workspace/logsheets/filtered/water_sampling.csv,XSDDate,mandatory
missing value,water,sampling,ship_date_seq,34,<empty>,\,/github/workspace/logsheets/filtered/water_sampling.csv,XSDDate,mandatory
missing value,water,sampling,ship_date_seq,37,<empty>,\,/github/workspace/logsheets/filtered/water_sampling.csv,XSDDate,mandatory
missing value,water,sampling,ship_date_seq,38,<empty>,\,/github/workspace/logsheets/filtered/water_sampling.csv,XSDDate,mandatory
missing value,water,sampling,ship_date_seq,41,<empty>,\,/github/workspace/logsheets/filtered/water_sampling.csv,XSDDate,mandatory
missing value,water,sampling,ship_date_seq,42,<empty>,\,/github/workspace/logsheets/filtered/water_sampling.csv,XSDDate,mandatory
missing value,water,sampling,ship_date_seq,43,<empty>,\,/github/workspace/logsheets/filtered/water_sampling.csv,XSDDate,mandatory
missing value,water,sampling,ship_date_seq,44,<empty>,\,/github/workspace/logsheets/filtered/water_sampling.csv,XSDDate,mandatory
missing value,water,sampling,ship_date_seq,45,<empty>,\,/github/workspace/logsheets/filtered/water_sampling.csv,XSDDate,mandatory
missing value,water,sampling,ship_date_seq,46,<empty>,\,/github/workspace/logsheets/filtered/water_sampling.csv,XSDDate,mandatory
missing value,water,sampling,ship_date_seq,47,<empty>,\,/github/workspace/logsheets/filtered/water_sampling.csv,XSDDate,mandatory
missing value,water,sampling,ship_date_seq,48,<empty>,\,/github/workspace/logsheets/filtered/water_sampling.csv,XSDDate,mandatory
missing value,water,sampling,ship_date_seq,49,<empty>,\,/github/workspace/logsheets/filtered/water_sampling.csv,XSDDate,mandatory
missing value,water,sampling,ship_date_seq,350,<empty>,\,/github/workspace/logsheets/filtered/water_sampling.csv,XSDDate,mandatory
missing value,water,sampling,ship_date_seq,351,<empty>,\,/github/workspace/logsheets/filtered/water_sampling.csv,XSDDate,mandatory
missing value,water,sampling,ship_date_seq,352,<empty>,\,/github/workspace/logsheets/filtered/water_sampling.csv,XSDDate,mandatory
missing value,water,sampling,ship_date_seq,353,<empty>,\,/github/workspace/logsheets/filtered/water_sampling.csv,XSDDate,mandatory
missing value,water,sampling,ship_date_seq,354,<empty>,\,/github/workspace/logsheets/filtered/water_sampling.csv,XSDDate,mandatory
missing value,water,sampling,ship_date_seq,355,<empty>,\,/github/workspace/logsheets/filtered/water_sampling.csv,XSDDate,mandatory
missing value,water,sampling,ship_date_seq,356,<empty>,\,/github/workspace/logsheets/filtered/water_sampling.csv,XSDDate,mandatory
missing value,water,sampling,ship_date_seq,357,<empty>,\,/github/workspace/logsheets/filtered/water_sampling.csv,XSDDate,mandatory
missing value,water,sampling,ship_date_seq,358,<empty>,\,/github/workspace/logsheets/filtered/water_sampling.csv,XSDDate,mandatory
missing value,water,sampling,ship_date_seq,359,<empty>,\,/github/workspace/logsheets/filtered/water_sampling.csv,XSDDate,mandatory
missing value,water,sampling,ship_date_seq,360,<empty>,\,/github/workspace/logsheets/filtered/water_sampling.csv,XSDDate,mandatory
missing value,water,sampling,ship_date_seq,361,<empty>,\,/github/workspace/logsheets/filtered/water_sampling.csv,XSDDate,mandatory
missing value,water,sampling,ship_date_seq,362,<empty>,\,/github/workspace/logsheets/filtered/water_sampling.csv,XSDDate,mandatory
missing value,water,sampling,ship_date_seq,363,<empty>,\,/github/workspace/logsheets/filtered/water_sampling.csv,XSDDate,mandatory
missing value,water,sampling,ship_date_seq,364,<empty>,\,/github/workspace/logsheets/filtered/water_sampling.csv,XSDDate,mandatory
missing value,water,sampling,ship_date_seq,365,<empty>,\,/github/workspace/logsheets/filtered/water_sampling.csv,XSDDate,mandatory
missing value,water,sampling,ship_date_seq,366,<empty>,\,/github/workspace/logsheets/filtered/water_sampling.csv,XSDDate,mandatory
missing value,water,sampling,ship_date_seq,367,<empty>,\,/github/workspace/logsheets/filtered/water_sampling.csv,XSDDate,mandatory
missing value,water,sampling,ship_date_seq,368,<empty>,\,/github/workspace/logsheets/filtered/water_sampling.csv,XSDDate,mandatory
missing value,water,sampling,ship_date_seq,369,<empty>,\,/github/workspace/logsheets/filtered/water_sampling.csv,XSDDate,mandatory
missing value,water,sampling,ship_date_seq,370,<empty>,\,/github/workspace/logsheets/filtered/water_sampling.csv,XSDDate,mandatory
missing value,water,sampling,ship_date_seq,371,<empty>,\,/github/workspace/logsheets/filtered/water_sampling.csv,XSDDate,mandatory
missing value,water,sampling,ship_date_seq,372,<empty>,\,/github/workspace/logsheets/filtered/water_sampling.csv,XSDDate,mandatory
missing value,water,sampling,ship_date_seq,373,<empty>,\,/github/workspace/logsheets/filtered/water_sampling.csv,XSDDate,mandatory
missing value,water,sampling,ship_date_seq,374,<empty>,\,/github/workspace/logsheets/filtered/water_sampling.csv,XSDDate,mandatory
missing value,water,sampling,ship_date_seq,375,<empty>,\,/github/workspace/logsheets/filtered/water_sampling.csv,XSDDate,mandatory
missing value,water,sampling,ship_date_seq,376,<empty>,\,/github/workspace/logsheets/filtered/water_sampling.csv,XSDDate,mandatory
missing value,water,sampling,ship_date_seq,377,<empty>,\,/github/workspace/logsheets/filtered/water_sampling.csv,XSDDate,mandatory
missing value,water,sampling,ship_date_seq,378,<empty>,\,/github/workspace/logsheets/filtered/water_sampling.csv,XSDDate,mandatory
missing value,water,sampling,ship_date_seq,379,<empty>,\,/github/workspace/logsheets/filtered/water_sampling.csv,XSDDate,mandatory
missing value,water,sampling,ship_date_seq,380,<empty>,\,/github/workspace/logsheets/filtered/water_sampling.csv,XSDDate,mandatory
missing value,water,sampling,ship_date_seq,381,<empty>,\,/github/workspace/logsheets/filtered/water_sampling.csv,XSDDate,mandatory
missing value,water,sampling,ship_date_seq,382,<empty>,\,/github/workspace/logsheets/filtered/water_sampling.csv,XSDDate,mandatory
missing value,water,sampling,ship_date_seq,383,<empty>,\,/github/workspace/logsheets/filtered/water_sampling.csv,XSDDate,mandatory
missing value,water,sampling,ship_date_seq,384,<empty>,\,/github/workspace/logsheets/filtered/water_sampling.csv,XSDDate,mandatory
missing value,water,sampling,ship_date_seq,385,<empty>,\,/github/workspace/logsheets/filtered/water_sampling.csv,XSDDate,mandatory
missing value,water,sampling,ship_date_seq,386,<empty>,\,/github/workspace/logsheets/filtered/water_sampling.csv,XSDDate,mandatory
missing value,water,sampling,ship_date_seq,387,<empty>,\,/github/workspace/logsheets/filtered/water_sampling.csv,XSDDate,mandatory
missing value,water,sampling,ship_date_seq,388,<empty>,\,/github/workspace/logsheets/filtered/water_sampling.csv,XSDDate,mandatory
missing value,water,sampling,ship_date_seq,389,<empty>,\,/github/workspace/logsheets/filtered/water_sampling.csv,XSDDate,mandatory
missing value,water,sampling,ship_date_seq,390,<empty>,\,/github/workspace/logsheets/filtered/water_sampling.csv,XSDDate,mandatory
missing value,water,sampling,ship_date_seq,391,<empty>,\,/github/workspace/logsheets/filtered/water_sampling.csv,XSDDate,mandatory
missing value,water,sampling,size_frac_low,350,<empty>,\,/github/workspace/logsheets/filtered/water_sampling.csv,XSDDouble,mandatory
missing value,water,sampling,size_frac_low,351,<empty>,\,/github/workspace/logsheets/filtered/water_sampling.csv,XSDDouble,mandatory
missing value,water,sampling,size_frac_low,352,<empty>,\,/github/workspace/logsheets/filtered/water_sampling.csv,XSDDouble,mandatory
missing value,water,sampling,size_frac_low,353,<empty>,\,/github/workspace/logsheets/filtered/water_sampling.csv,XSDDouble,mandatory
missing value,water,sampling,size_frac_low,354,<empty>,\,/github/workspace/logsheets/filtered/water_sampling.csv,XSDDouble,mandatory
missing value,water,sampling,size_frac_low,355,<empty>,\,/github/workspace/logsheets/filtered/water_sampling.csv,XSDDouble,mandatory
missing value,water,sampling,size_frac_low,356,<empty>,\,/github/workspace/logsheets/filtered/water_sampling.csv,XSDDouble,mandatory
missing value,water,sampling,size_frac_low,357,<empty>,\,/github/workspace/logsheets/filtered/water_sampling.csv,XSDDouble,mandatory
missing value,water,sampling,size_frac_low,358,<empty>,\,/github/workspace/logsheets/filtered/water_sampling.csv,XSDDouble,mandatory
missing value,water,sampling,size_frac_low,359,<empty>,\,/github/workspace/logsheets/filtered/water_sampling.csv,XSDDouble,mandatory
missing value,water,sampling,size_frac_low,360,<empty>,\,/github/workspace/logsheets/filtered/water_sampling.csv,XSDDouble,mandatory
missing value,water,sampling,size_frac_low,361,<empty>,\,/github/workspace/logsheets/filtered/water_sampling.csv,XSDDouble,mandatory
missing value,water,sampling,size_frac_low,362,<empty>,\,/github/workspace/logsheets/filtered/water_sampling.csv,XSDDouble,mandatory
missing value,water,sampling,size_frac_low,363,<empty>,\,/github/workspace/logsheets/filtered/water_sampling.csv,XSDDouble,mandatory
missing value,water,sampling,size_frac_low,364,<empty>,\,/github/workspace/logsheets/filtered/water_sampling.csv,XSDDouble,mandatory
missing value,water,sampling,size_frac_low,365,<empty>,\,/github/workspace/logsheets/filtered/water_sampling.csv,XSDDouble,mandatory
missing value,water,sampling,size_frac_low,366,<empty>,\,/github/workspace/logsheets/filtered/water_sampling.csv,XSDDouble,mandatory
missing value,water,sampling,size_frac_low,367,<empty>,\,/github/workspace/logsheets/filtered/water_sampling.csv,XSDDouble,mandatory
missing value,water,sampling,size_frac_low,368,<empty>,\,/github/workspace/logsheets/filtered/water_sampling.csv,XSDDouble,mandatory
missing value,water,sampling,size_frac_low,369,<empty>,\,/github/workspace/logsheets/filtered/water_sampling.csv,XSDDouble,mandatory
missing value,water,sampling,size_frac_low,370,<empty>,\,/github/workspace/logsheets/filtered/water_sampling.csv,XSDDouble,mandatory
missing value,water,sampling,size_frac_low,371,<empty>,\,/github/workspace/logsheets/filtered/water_sampling.csv,XSDDouble,mandatory
missing value,water,sampling,size_frac_low,372,<empty>,\,/github/workspace/logsheets/filtered/water_sampling.csv,XSDDouble,mandatory
missing value,water,sampling,size_frac_low,373,<empty>,\,/github/workspace/logsheets/filtered/water_sampling.csv,XSDDouble,mandatory
missing value,water,sampling,size_frac_low,374,<empty>,\,/github/workspace/logsheets/filtered/water_sampling.csv,XSDDouble,mandatory
missing value,water,sampling,size_frac_low,375,<empty>,\,/github/workspace/logsheets/filtered/water_sampling.csv,XSDDouble,mandatory
missing value,water,sampling,size_frac_low,376,<empty>,\,/github/workspace/logsheets/filtered/water_sampling.csv,XSDDouble,mandatory
missing value,water,sampling,size_frac_low,377,<empty>,\,/github/workspace/logsheets/filtered/water_sampling.csv,XSDDouble,mandatory
missing value,water,sampling,size_frac_low,378,<empty>,\,/github/workspace/logsheets/filtered/water_sampling.csv,XSDDouble,mandatory
missing value,water,sampling,size_frac_low,379,<empty>,\,/github/workspace/logsheets/filtered/water_sampling.csv,XSDDouble,mandatory
missing value,water,sampling,size_frac_low,380,<empty>,\,/github/workspace/logsheets/filtered/water_sampling.csv,XSDDouble,mandatory
missing value,water,sampling,size_frac_low,381,<empty>,\,/github/workspace/logsheets/filtered/water_sampling.csv,XSDDouble,mandatory
missing value,water,sampling,size_frac_low,382,<empty>,\,/github/workspace/logsheets/filtered/water_sampling.csv,XSDDouble,mandatory
missing value,water,sampling,size_frac_low,383,<empty>,\,/github/workspace/logsheets/filtered/water_sampling.csv,XSDDouble,mandatory
missing value,water,sampling,size_frac_low,384,<empty>,\,/github/workspace/logsheets/filtered/water_sampling.csv,XSDDouble,mandatory
missing value,water,sampling,size_frac_low,385,<empty>,\,/github/workspace/logsheets/filtered/water_sampling.csv,XSDDouble,mandatory
missing value,water,sampling,size_frac_low,386,<empty>,\,/github/workspace/logsheets/filtered/water_sampling.csv,XSDDouble,mandatory
missing value,water,sampling,size_frac_low,387,<empty>,\,/github/workspace/logsheets/filtered/water_sampling.csv,XSDDouble,mandatory
missing value,water,sampling,size_frac_low,388,<empty>,\,/github/workspace/logsheets/filtered/water_sampling.csv,XSDDouble,mandatory
missing value,water,sampling,size_frac_low,389,<empty>,\,/github/workspace/logsheets/filtered/water_sampling.csv,XSDDouble,mandatory
missing value,water,sampling,size_frac_low,390,<empty>,\,/github/workspace/logsheets/filtered/water_sampling.csv,XSDDouble,mandatory
missing value,water,sampling,size_frac_low,391,<empty>,\,/github/workspace/logsheets/filtered/water_sampling.csv,XSDDouble,mandatory
missing value,water,sampling,size_frac_up,350,<empty>,\,/github/workspace/logsheets/filtered/water_sampling.csv,XSDDouble,mandatory
missing value,water,sampling,size_frac_up,351,<empty>,\,/github/workspace/logsheets/filtered/water_sampling.csv,XSDDouble,mandatory
missing value,water,sampling,size_frac_up,352,<empty>,\,/github/workspace/logsheets/filtered/water_sampling.csv,XSDDouble,mandatory
missing value,water,sampling,size_frac_up,353,<empty>,\,/github/workspace/logsheets/filtered/water_sampling.csv,XSDDouble,mandatory
missing value,water,sampling,size_frac_up,354,<empty>,\,/github/workspace/logsheets/filtered/water_sampling.csv,XSDDouble,mandatory
missing value,water,sampling,size_frac_up,355,<empty>,\,/github/workspace/logsheets/filtered/water_sampling.csv,XSDDouble,mandatory
missing value,water,sampling,size_frac_up,356,<empty>,\,/github/workspace/logsheets/filtered/water_sampling.csv,XSDDouble,mandatory
missing value,water,sampling,size_frac_up,357,<empty>,\,/github/workspace/logsheets/filtered/water_sampling.csv,XSDDouble,mandatory
missing value,water,sampling,size_frac_up,358,<empty>,\,/github/workspace/logsheets/filtered/water_sampling.csv,XSDDouble,mandatory
missing value,water,sampling,size_frac_up,359,<empty>,\,/github/workspace/logsheets/filtered/water_sampling.csv,XSDDouble,mandatory
missing value,water,sampling,size_frac_up,360,<empty>,\,/github/workspace/logsheets/filtered/water_sampling.csv,XSDDouble,mandatory
missing value,water,sampling,size_frac_up,361,<empty>,\,/github/workspace/logsheets/filtered/water_sampling.csv,XSDDouble,mandatory
missing value,water,sampling,size_frac_up,362,<empty>,\,/github/workspace/logsheets/filtered/water_sampling.csv,XSDDouble,mandatory
missing value,water,sampling,size_frac_up,363,<empty>,\,/github/workspace/logsheets/filtered/water_sampling.csv,XSDDouble,mandatory
missing value,water,sampling,size_frac_up,364,<empty>,\,/github/workspace/logsheets/filtered/water_sampling.csv,XSDDouble,mandatory
missing value,water,sampling,size_frac_up,365,<empty>,\,/github/workspace/logsheets/filtered/water_sampling.csv,XSDDouble,mandatory
missing value,water,sampling,size_frac_up,366,<empty>,\,/github/workspace/logsheets/filtered/water_sampling.csv,XSDDouble,mandatory
missing value,water,sampling,size_frac_up,367,<empty>,\,/github/workspace/logsheets/filtered/water_sampling.csv,XSDDouble,mandatory
missing value,water,sampling,size_frac_up,368,<empty>,\,/github/workspace/logsheets/filtered/water_sampling.csv,XSDDouble,mandatory
missing value,water,sampling,size_frac_up,369,<empty>,\,/github/workspace/logsheets/filtered/water_sampling.csv,XSDDouble,mandatory
missing value,water,sampling,size_frac_up,370,<empty>,\,/github/workspace/logsheets/filtered/water_sampling.csv,XSDDouble,mandatory
missing value,water,sampling,size_frac_up,371,<empty>,\,/github/workspace/logsheets/filtered/water_sampling.csv,XSDDouble,mandatory
missing value,water,sampling,size_frac_up,372,<empty>,\,/github/workspace/logsheets/filtered/water_sampling.csv,XSDDouble,mandatory
missing value,water,sampling,size_frac_up,373,<empty>,\,/github/workspace/logsheets/filtered/water_sampling.csv,XSDDouble,mandatory
missing value,water,sampling,size_frac_up,374,<empty>,\,/github/workspace/logsheets/filtered/water_sampling.csv,XSDDouble,mandatory
missing value,water,sampling,size_frac_up,375,<empty>,\,/github/workspace/logsheets/filtered/water_sampling.csv,XSDDouble,mandatory
missing value,water,sampling,size_frac_up,376,<empty>,\,/github/workspace/logsheets/filtered/water_sampling.csv,XSDDouble,mandatory
missing value,water,sampling,size_frac_up,377,<empty>,\,/github/workspace/logsheets/filtered/water_sampling.csv,XSDDouble,mandatory
missing value,water,sampling,size_frac_up,378,<empty>,\,/github/workspace/logsheets/filtered/water_sampling.csv,XSDDouble,mandatory
missing value,water,sampling,size_frac_up,379,<empty>,\,/github/workspace/logsheets/filtered/water_sampling.csv,XSDDouble,mandatory
missing value,water,sampling,size_frac_up,380,<empty>,\,/github/workspace/logsheets/filtered/water_sampling.csv,XSDDouble,mandatory
missing value,water,sampling,size_frac_up,381,<empty>,\,/github/workspace/logsheets/filtered/water_sampling.csv,XSDDouble,mandatory
missing value,water,sampling,size_frac_up,382,<empty>,\,/github/workspace/logsheets/filtered/water_sampling.csv,XSDDouble,mandatory
missing value,water,sampling,size_frac_up,383,<empty>,\,/github/workspace/logsheets/filtered/water_sampling.csv,XSDDouble,mandatory
missing value,water,sampling,size_frac_up,384,<empty>,\,/github/workspace/logsheets/filtered/water_sampling.csv,XSDDouble,mandatory
missing value,water,sampling,size_frac_up,385,<empty>,\,/github/workspace/logsheets/filtered/water_sampling.csv,XSDDouble,mandatory
missing value,water,sampling,size_frac_up,386,<empty>,\,/github/workspace/logsheets/filtered/water_sampling.csv,XSDDouble,mandatory
missing value,water,sampling,size_frac_up,387,<empty>,\,/github/workspace/logsheets/filtered/water_sampling.csv,XSDDouble,mandatory
missing value,water,sampling,size_frac_up,388,<empty>,\,/github/workspace/logsheets/filtered/water_sampling.csv,XSDDouble,mandatory
missing value,water,sampling,size_frac_up,389,<empty>,\,/github/workspace/logsheets/filtered/water_sampling.csv,XSDDouble,mandatory
missing value,water,sampling,size_frac_up,390,<empty>,\,/github/workspace/logsheets/filtered/water_sampling.csv,XSDDouble,mandatory
missing value,water,sampling,size_frac_up,391,<empty>,\,/github/workspace/logsheets/filtered/water_sampling.csv,XSDDouble,mandatory
missing value,water,sampling,size_frac,350,<empty>,\,/github/workspace/logsheets/filtered/water_sampling.csv,XSDString,mandatory
missing value,water,sampling,size_frac,351,<empty>,\,/github/workspace/logsheets/filtered/water_sampling.csv,XSDString,mandatory
missing value,water,sampling,size_frac,352,<empty>,\,/github/workspace/logsheets/filtered/water_sampling.csv,XSDString,mandatory
missing value,water,sampling,size_frac,353,<empty>,\,/github/workspace/logsheets/filtered/water_sampling.csv,XSDString,mandatory
missing value,water,sampling,size_frac,354,<empty>,\,/github/workspace/logsheets/filtered/water_sampling.csv,XSDString,mandatory
missing value,water,sampling,size_frac,355,<empty>,\,/github/workspace/logsheets/filtered/water_sampling.csv,XSDString,mandatory
missing value,water,sampling,size_frac,356,<empty>,\,/github/workspace/logsheets/filtered/water_sampling.csv,XSDString,mandatory
missing value,water,sampling,size_frac,357,<empty>,\,/github/workspace/logsheets/filtered/water_sampling.csv,XSDString,mandatory
missing value,water,sampling,size_frac,358,<empty>,\,/github/workspace/logsheets/filtered/water_sampling.csv,XSDString,mandatory
missing value,water,sampling,size_frac,359,<empty>,\,/github/workspace/logsheets/filtered/water_sampling.csv,XSDString,mandatory
missing value,water,sampling,size_frac,360,<empty>,\,/github/workspace/logsheets/filtered/water_sampling.csv,XSDString,mandatory
missing value,water,sampling,size_frac,361,<empty>,\,/github/workspace/logsheets/filtered/water_sampling.csv,XSDString,mandatory
missing value,water,sampling,size_frac,362,<empty>,\,/github/workspace/logsheets/filtered/water_sampling.csv,XSDString,mandatory
missing value,water,sampling,size_frac,363,<empty>,\,/github/workspace/logsheets/filtered/water_sampling.csv,XSDString,mandatory
missing value,water,sampling,size_frac,364,<empty>,\,/github/workspace/logsheets/filtered/water_sampling.csv,XSDString,mandatory
missing value,water,sampling,size_frac,365,<empty>,\,/github/workspace/logsheets/filtered/water_sampling.csv,XSDString,mandatory
missing value,water,sampling,size_frac,366,<empty>,\,/github/workspace/logsheets/filtered/water_sampling.csv,XSDString,mandatory
missing value,water,sampling,size_frac,367,<empty>,\,/github/workspace/logsheets/filtered/water_sampling.csv,XSDString,mandatory
missing value,water,sampling,size_frac,368,<empty>,\,/github/workspace/logsheets/filtered/water_sampling.csv,XSDString,mandatory
missing value,water,sampling,size_frac,369,<empty>,\,/github/workspace/logsheets/filtered/water_sampling.csv,XSDString,mandatory
missing value,water,sampling,size_frac,370,<empty>,\,/github/workspace/logsheets/filtered/water_sampling.csv,XSDString,mandatory
missing value,water,sampling,size_frac,371,<empty>,\,/github/workspace/logsheets/filtered/water_sampling.csv,XSDString,mandatory
missing value,water,sampling,size_frac,372,<empty>,\,/github/workspace/logsheets/filtered/water_sampling.csv,XSDString,mandatory
missing value,water,sampling,size_frac,373,<empty>,\,/github/workspace/logsheets/filtered/water_sampling.csv,XSDString,mandatory
missing value,water,sampling,size_frac,374,<empty>,\,/github/workspace/logsheets/filtered/water_sampling.csv,XSDString,mandatory
missing value,water,sampling,size_frac,375,<empty>,\,/github/workspace/logsheets/filtered/water_sampling.csv,XSDString,mandatory
missing value,water,sampling,size_frac,376,<empty>,\,/github/workspace/logsheets/filtered/water_sampling.csv,XSDString,mandatory
missing value,water,sampling,size_frac,377,<empty>,\,/github/workspace/logsheets/filtered/water_sampling.csv,XSDString,mandatory
missing value,water,sampling,size_frac,378,<empty>,\,/github/workspace/logsheets/filtered/water_sampling.csv,XSDString,mandatory
missing value,water,sampling,size_frac,379,<empty>,\,/github/workspace/logsheets/filtered/water_sampling.csv,XSDString,mandatory
missing value,water,sampling,size_frac,380,<empty>,\,/github/workspace/logsheets/filtered/water_sampling.csv,XSDString,mandatory
missing value,water,sampling,size_frac,381,<empty>,\,/github/workspace/logsheets/filtered/water_sampling.csv,XSDString,mandatory
missing value,water,sampling,size_frac,382,<empty>,\,/github/workspace/logsheets/filtered/water_sampling.csv,XSDString,mandatory
missing value,water,sampling,size_frac,383,<empty>,\,/github/workspace/logsheets/filtered/water_sampling.csv,XSDString,mandatory
missing value,water,sampling,size_frac,384,<empty>,\,/github/workspace/logsheets/filtered/water_sampling.csv,XSDString,mandatory
missing value,water,sampling,size_frac,385,<empty>,\,/github/workspace/logsheets/filtered/water_sampling.csv,XSDString,mandatory
missing value,water,sampling,size_frac,386,<empty>,\,/github/workspace/logsheets/filtered/water_sampling.csv,XSDString,mandatory
missing value,water,sampling,size_frac,387,<empty>,\,/github/workspace/logsheets/filtered/water_sampling.csv,XSDString,mandatory
missing value,water,sampling,size_frac,388,<empty>,\,/github/workspace/logsheets/filtered/water_sampling.csv,XSDString,mandatory
missing value,water,sampling,size_frac,389,<empty>,\,/github/workspace/logsheets/filtered/water_sampling.csv,XSDString,mandatory
missing value,water,sampling,size_frac,390,<empty>,\,/github/workspace/logsheets/filtered/water_sampling.csv,XSDString,mandatory
missing value,water,sampling,size_frac,391,<empty>,\,/github/workspace/logsheets/filtered/water_sampling.csv,XSDString,mandatory
missing value,water,sampling,store_person,350,<empty>,\,/github/workspace/logsheets/filtered/water_sampling.csv,XSDString,mandatory
missing value,water,sampling,store_person,351,<empty>,\,/github/workspace/logsheets/filtered/water_sampling.csv,XSDString,mandatory
missing value,water,sampling,store_person,352,<empty>,\,/github/workspace/logsheets/filtered/water_sampling.csv,XSDString,mandatory
missing value,water,sampling,store_person,353,<empty>,\,/github/workspace/logsheets/filtered/water_sampling.csv,XSDString,mandatory
missing value,water,sampling,store_person,354,<empty>,\,/github/workspace/logsheets/filtered/water_sampling.csv,XSDString,mandatory
missing value,water,sampling,store_person,355,<empty>,\,/github/workspace/logsheets/filtered/water_sampling.csv,XSDString,mandatory
missing value,water,sampling,store_person,356,<empty>,\,/github/workspace/logsheets/filtered/water_sampling.csv,XSDString,mandatory
missing value,water,sampling,store_person,357,<empty>,\,/github/workspace/logsheets/filtered/water_sampling.csv,XSDString,mandatory
missing value,water,sampling,store_person,358,<empty>,\,/github/workspace/logsheets/filtered/water_sampling.csv,XSDString,mandatory
missing value,water,sampling,store_person,359,<empty>,\,/github/workspace/logsheets/filtered/water_sampling.csv,XSDString,mandatory
missing value,water,sampling,store_person,360,<empty>,\,/github/workspace/logsheets/filtered/water_sampling.csv,XSDString,mandatory
missing value,water,sampling,store_person,361,<empty>,\,/github/workspace/logsheets/filtered/water_sampling.csv,XSDString,mandatory
missing value,water,sampling,store_person,362,<empty>,\,/github/workspace/logsheets/filtered/water_sampling.csv,XSDString,mandatory
missing value,water,sampling,store_person,363,<empty>,\,/github/workspace/logsheets/filtered/water_sampling.csv,XSDString,mandatory
missing value,water,sampling,store_person,364,<empty>,\,/github/workspace/logsheets/filtered/water_sampling.csv,XSDString,mandatory
missing value,water,sampling,store_person,365,<empty>,\,/github/workspace/logsheets/filtered/water_sampling.csv,XSDString,mandatory
missing value,water,sampling,store_person,366,<empty>,\,/github/workspace/logsheets/filtered/water_sampling.csv,XSDString,mandatory
missing value,water,sampling,store_person,367,<empty>,\,/github/workspace/logsheets/filtered/water_sampling.csv,XSDString,mandatory
missing value,water,sampling,store_person,368,<empty>,\,/github/workspace/logsheets/filtered/water_sampling.csv,XSDString,mandatory
missing value,water,sampling,store_person,369,<empty>,\,/github/workspace/logsheets/filtered/water_sampling.csv,XSDString,mandatory
missing value,water,sampling,store_person,370,<empty>,\,/github/workspace/logsheets/filtered/water_sampling.csv,XSDString,mandatory
missing value,water,sampling,store_person,371,<empty>,\,/github/workspace/logsheets/filtered/water_sampling.csv,XSDString,mandatory
missing value,water,sampling,store_person,372,<empty>,\,/github/workspace/logsheets/filtered/water_sampling.csv,XSDString,mandatory
missing value,water,sampling,store_person,373,<empty>,\,/github/workspace/logsheets/filtered/water_sampling.csv,XSDString,mandatory
missing value,water,sampling,store_person,374,<empty>,\,/github/workspace/logsheets/filtered/water_sampling.csv,XSDString,mandatory
missing value,water,sampling,store_person,375,<empty>,\,/github/workspace/logsheets/filtered/water_sampling.csv,XSDString,mandatory
missing value,water,sampling,store_person,376,<empty>,\,/github/workspace/logsheets/filtered/water_sampling.csv,XSDString,mandatory
missing value,water,sampling,store_person,377,<empty>,\,/github/workspace/logsheets/filtered/water_sampling.csv,XSDString,mandatory
missing value,water,sampling,store_person,378,<empty>,\,/github/workspace/logsheets/filtered/water_sampling.csv,XSDString,mandatory
missing value,water,sampling,store_person,379,<empty>,\,/github/workspace/logsheets/filtered/water_sampling.csv,XSDString,mandatory
missing value,water,sampling,store_person,380,<empty>,\,/github/workspace/logsheets/filtered/water_sampling.csv,XSDString,mandatory
missing value,water,sampling,store_person,381,<empty>,\,/github/workspace/logsheets/filtered/water_sampling.csv,XSDString,mandatory
missing value,water,sampling,store_person,382,<empty>,\,/github/workspace/logsheets/filtered/water_sampling.csv,XSDString,mandatory
missing value,water,sampling,store_person,383,<empty>,\,/github/workspace/logsheets/filtered/water_sampling.csv,XSDString,mandatory
missing value,water,sampling,store_person,384,<empty>,\,/github/workspace/logsheets/filtered/water_sampling.csv,XSDString,mandatory
missing value,water,sampling,store_person,385,<empty>,\,/github/workspace/logsheets/filtered/water_sampling.csv,XSDString,mandatory
missing value,water,sampling,store_person,386,<empty>,\,/github/workspace/logsheets/filtered/water_sampling.csv,XSDString,mandatory
missing value,water,sampling,store_person,387,<empty>,\,/github/workspace/logsheets/filtered/water_sampling.csv,XSDString,mandatory
missing value,water,sampling,store_person,388,<empty>,\,/github/workspace/logsheets/filtered/water_sampling.csv,XSDString,mandatory
missing value,water,sampling,store_person,389,<empty>,\,/github/workspace/logsheets/filtered/water_sampling.csv,XSDString,mandatory
missing value,water,sampling,store_person,390,<empty>,\,/github/workspace/logsheets/filtered/water_sampling.csv,XSDString,mandatory
missing value,water,sampling,store_person,391,<empty>,\,/github/workspace/logsheets/filtered/water_sampling.csv,XSDString,mandatory
missing value,water,sampling,store_temp_hq,3,<empty>,\,/github/workspace/logsheets/filtered/water_sampling.csv,XSDDouble,mandatory
missing value,water,sampling,store_temp_hq,4,<empty>,\,/github/workspace/logsheets/filtered/water_sampling.csv,XSDDouble,mandatory
missing value,water,sampling,store_temp_hq,7,<empty>,\,/github/workspace/logsheets/filtered/water_sampling.csv,XSDDouble,mandatory
missing value,water,sampling,store_temp_hq,8,<empty>,\,/github/workspace/logsheets/filtered/water_sampling.csv,XSDDouble,mandatory
missing value,water,sampling,store_temp_hq,9,<empty>,\,/github/workspace/logsheets/filtered/water_sampling.csv,XSDDouble,mandatory
missing value,water,sampling,store_temp_hq,10,<empty>,\,/github/workspace/logsheets/filtered/water_sampling.csv,XSDDouble,mandatory
missing value,water,sampling,store_temp_hq,13,<empty>,\,/github/workspace/logsheets/filtered/water_sampling.csv,XSDDouble,mandatory
missing value,water,sampling,store_temp_hq,14,<empty>,\,/github/workspace/logsheets/filtered/water_sampling.csv,XSDDouble,mandatory
missing value,water,sampling,store_temp_hq,15,<empty>,\,/github/workspace/logsheets/filtered/water_sampling.csv,XSDDouble,mandatory
missing value,water,sampling,store_temp_hq,22,<empty>,\,/github/workspace/logsheets/filtered/water_sampling.csv,XSDDouble,mandatory
missing value,water,sampling,store_temp_hq,23,<empty>,\,/github/workspace/logsheets/filtered/water_sampling.csv,XSDDouble,mandatory
missing value,water,sampling,store_temp_hq,26,<empty>,\,/github/workspace/logsheets/filtered/water_sampling.csv,XSDDouble,mandatory
missing value,water,sampling,store_temp_hq,27,<empty>,\,/github/workspace/logsheets/filtered/water_sampling.csv,XSDDouble,mandatory
missing value,water,sampling,store_temp_hq,28,<empty>,\,/github/workspace/logsheets/filtered/water_sampling.csv,XSDDouble,mandatory
missing value,water,sampling,store_temp_hq,29,<empty>,\,/github/workspace/logsheets/filtered/water_sampling.csv,XSDDouble,mandatory
missing value,water,sampling,store_temp_hq,30,<empty>,\,/github/workspace/logsheets/filtered/water_sampling.csv,XSDDouble,mandatory
missing value,water,sampling,store_temp_hq,31,<empty>,\,/github/workspace/logsheets/filtered/water_sampling.csv,XSDDouble,mandatory
missing value,water,sampling,store_temp_hq,32,<empty>,\,/github/workspace/logsheets/filtered/water_sampling.csv,XSDDouble,mandatory
missing value,water,sampling,store_temp_hq,33,<empty>,\,/github/workspace/logsheets/filtered/water_sampling.csv,XSDDouble,mandatory
missing value,water,sampling,store_temp_hq,34,<empty>,\,/github/workspace/logsheets/filtered/water_sampling.csv,XSDDouble,mandatory
missing value,water,sampling,store_temp_hq,37,<empty>,\,/github/workspace/logsheets/filtered/water_sampling.csv,XSDDouble,mandatory
missing value,water,sampling,store_temp_hq,38,<empty>,\,/github/workspace/logsheets/filtered/water_sampling.csv,XSDDouble,mandatory
missing value,water,sampling,store_temp_hq,41,<empty>,\,/github/workspace/logsheets/filtered/water_sampling.csv,XSDDouble,mandatory
missing value,water,sampling,store_temp_hq,42,<empty>,\,/github/workspace/logsheets/filtered/water_sampling.csv,XSDDouble,mandatory
missing value,water,sampling,store_temp_hq,43,<empty>,\,/github/workspace/logsheets/filtered/water_sampling.csv,XSDDouble,mandatory
missing value,water,sampling,store_temp_hq,44,<empty>,\,/github/workspace/logsheets/filtered/water_sampling.csv,XSDDouble,mandatory
missing value,water,sampling,store_temp_hq,45,<empty>,\,/github/workspace/logsheets/filtered/water_sampling.csv,XSDDouble,mandatory
missing value,water,sampling,store_temp_hq,46,<empty>,\,/github/workspace/logsheets/filtered/water_sampling.csv,XSDDouble,mandatory
missing value,water,sampling,store_temp_hq,47,<empty>,\,/github/workspace/logsheets/filtered/water_sampling.csv,XSDDouble,mandatory
missing value,water,sampling,store_temp_hq,48,<empty>,\,/github/workspace/logsheets/filtered/water_sampling.csv,XSDDouble,mandatory
missing value,water,sampling,store_temp_hq,49,<empty>,\,/github/workspace/logsheets/filtered/water_sampling.csv,XSDDouble,mandatory
missing value,water,sampling,store_temp_hq,350,<empty>,\,/github/workspace/logsheets/filtered/water_sampling.csv,XSDDouble,mandatory
missing value,water,sampling,store_temp_hq,351,<empty>,\,/github/workspace/logsheets/filtered/water_sampling.csv,XSDDouble,mandatory
missing value,water,sampling,store_temp_hq,352,<empty>,\,/github/workspace/logsheets/filtered/water_sampling.csv,XSDDouble,mandatory
missing value,water,sampling,store_temp_hq,353,<empty>,\,/github/workspace/logsheets/filtered/water_sampling.csv,XSDDouble,mandatory
missing value,water,sampling,store_temp_hq,354,<empty>,\,/github/workspace/logsheets/filtered/water_sampling.csv,XSDDouble,mandatory
missing value,water,sampling,store_temp_hq,355,<empty>,\,/github/workspace/logsheets/filtered/water_sampling.csv,XSDDouble,mandatory
missing value,water,sampling,store_temp_hq,356,<empty>,\,/github/workspace/logsheets/filtered/water_sampling.csv,XSDDouble,mandatory
missing value,water,sampling,store_temp_hq,357,<empty>,\,/github/workspace/logsheets/filtered/water_sampling.csv,XSDDouble,mandatory
missing value,water,sampling,store_temp_hq,358,<empty>,\,/github/workspace/logsheets/filtered/water_sampling.csv,XSDDouble,mandatory
missing value,water,sampling,store_temp_hq,359,<empty>,\,/github/workspace/logsheets/filtered/water_sampling.csv,XSDDouble,mandatory
missing value,water,sampling,store_temp_hq,360,<empty>,\,/github/workspace/logsheets/filtered/water_sampling.csv,XSDDouble,mandatory
missing value,water,sampling,store_temp_hq,361,<empty>,\,/github/workspace/logsheets/filtered/water_sampling.csv,XSDDouble,mandatory
missing value,water,sampling,store_temp_hq,362,<empty>,\,/github/workspace/logsheets/filtered/water_sampling.csv,XSDDouble,mandatory
missing value,water,sampling,store_temp_hq,363,<empty>,\,/github/workspace/logsheets/filtered/water_sampling.csv,XSDDouble,mandatory
missing value,water,sampling,store_temp_hq,364,<empty>,\,/github/workspace/logsheets/filtered/water_sampling.csv,XSDDouble,mandatory
missing value,water,sampling,store_temp_hq,365,<empty>,\,/github/workspace/logsheets/filtered/water_sampling.csv,XSDDouble,mandatory
missing value,water,sampling,store_temp_hq,366,<empty>,\,/github/workspace/logsheets/filtered/water_sampling.csv,XSDDouble,mandatory
missing value,water,sampling,store_temp_hq,367,<empty>,\,/github/workspace/logsheets/filtered/water_sampling.csv,XSDDouble,mandatory
missing value,water,sampling,store_temp_hq,368,<empty>,\,/github/workspace/logsheets/filtered/water_sampling.csv,XSDDouble,mandatory
missing value,water,sampling,store_temp_hq,369,<empty>,\,/github/workspace/logsheets/filtered/water_sampling.csv,XSDDouble,mandatory
missing value,water,sampling,store_temp_hq,370,<empty>,\,/github/workspace/logsheets/filtered/water_sampling.csv,XSDDouble,mandatory
missing value,water,sampling,store_temp_hq,371,<empty>,\,/github/workspace/logsheets/filtered/water_sampling.csv,XSDDouble,mandatory
missing value,water,sampling,store_temp_hq,372,<empty>,\,/github/workspace/logsheets/filtered/water_sampling.csv,XSDDouble,mandatory
missing value,water,sampling,store_temp_hq,373,<empty>,\,/github/workspace/logsheets/filtered/water_sampling.csv,XSDDouble,mandatory
missing value,water,sampling,store_temp_hq,374,<empty>,\,/github/workspace/logsheets/filtered/water_sampling.csv,XSDDouble,mandatory
missing value,water,sampling,store_temp_hq,375,<empty>,\,/github/workspace/logsheets/filtered/water_sampling.csv,XSDDouble,mandatory
missing value,water,sampling,store_temp_hq,376,<empty>,\,/github/workspace/logsheets/filtered/water_sampling.csv,XSDDouble,mandatory
missing value,water,sampling,store_temp_hq,377,<empty>,\,/github/workspace/logsheets/filtered/water_sampling.csv,XSDDouble,mandatory
missing value,water,sampling,store_temp_hq,378,<empty>,\,/github/workspace/logsheets/filtered/water_sampling.csv,XSDDouble,mandatory
missing value,water,sampling,store_temp_hq,379,<empty>,\,/github/workspace/logsheets/filtered/water_sampling.csv,XSDDouble,mandatory
missing value,water,sampling,store_temp_hq,380,<empty>,\,/github/workspace/logsheets/filtered/water_sampling.csv,XSDDouble,mandatory
missing value,water,sampling,store_temp_hq,381,<empty>,\,/github/workspace/logsheets/filtered/water_sampling.csv,XSDDouble,mandatory
missing value,water,sampling,store_temp_hq,382,<empty>,\,/github/workspace/logsheets/filtered/water_sampling.csv,XSDDouble,mandatory
missing value,water,sampling,store_temp_hq,383,<empty>,\,/github/workspace/logsheets/filtered/water_sampling.csv,XSDDouble,mandatory
missing value,water,sampling,store_temp_hq,384,<empty>,\,/github/workspace/logsheets/filtered/water_sampling.csv,XSDDouble,mandatory
missing value,water,sampling,store_temp_hq,385,<empty>,\,/github/workspace/logsheets/filtered/water_sampling.csv,XSDDouble,mandatory
missing value,water,sampling,store_temp_hq,386,<empty>,\,/github/workspace/logsheets/filtered/water_sampling.csv,XSDDouble,mandatory
missing value,water,sampling,store_temp_hq,387,<empty>,\,/github/workspace/logsheets/filtered/water_sampling.csv,XSDDouble,mandatory
missing value,water,sampling,store_temp_hq,388,<empty>,\,/github/workspace/logsheets/filtered/water_sampling.csv,XSDDouble,mandatory
missing value,water,sampling,store_temp_hq,389,<empty>,\,/github/workspace/logsheets/filtered/water_sampling.csv,XSDDouble,mandatory
missing value,water,sampling,store_temp_hq,390,<empty>,\,/github/workspace/logsheets/filtered/water_sampling.csv,XSDDouble,mandatory
missing value,water,sampling,store_temp_hq,391,<empty>,\,/github/workspace/logsheets/filtered/water_sampling.csv,XSDDouble,mandatory
missing value,water,sampling,tax_id,350,<empty>,\,/github/workspace/logsheets/filtered/water_sampling.csv,XSDAnyURI,mandatory
missing value,water,sampling,tax_id,351,<empty>,\,/github/workspace/logsheets/filtered/water_sampling.csv,XSDAnyURI,mandatory
missing value,water,sampling,tax_id,352,<empty>,\,/github/workspace/logsheets/filtered/water_sampling.csv,XSDAnyURI,mandatory
missing value,water,sampling,tax_id,353,<empty>,\,/github/workspace/logsheets/filtered/water_sampling.csv,XSDAnyURI,mandatory
missing value,water,sampling,tax_id,354,<empty>,\,/github/workspace/logsheets/filtered/water_sampling.csv,XSDAnyURI,mandatory
missing value,water,sampling,tax_id,355,<empty>,\,/github/workspace/logsheets/filtered/water_sampling.csv,XSDAnyURI,mandatory
missing value,water,sampling,tax_id,356,<empty>,\,/github/workspace/logsheets/filtered/water_sampling.csv,XSDAnyURI,mandatory
missing value,water,sampling,tax_id,357,<empty>,\,/github/workspace/logsheets/filtered/water_sampling.csv,XSDAnyURI,mandatory
missing value,water,sampling,tax_id,358,<empty>,\,/github/workspace/logsheets/filtered/water_sampling.csv,XSDAnyURI,mandatory
missing value,water,sampling,tax_id,359,<empty>,\,/github/workspace/logsheets/filtered/water_sampling.csv,XSDAnyURI,mandatory
missing value,water,sampling,tax_id,360,<empty>,\,/github/workspace/logsheets/filtered/water_sampling.csv,XSDAnyURI,mandatory
missing value,water,sampling,tax_id,361,<empty>,\,/github/workspace/logsheets/filtered/water_sampling.csv,XSDAnyURI,mandatory
missing value,water,sampling,tax_id,362,<empty>,\,/github/workspace/logsheets/filtered/water_sampling.csv,XSDAnyURI,mandatory
missing value,water,sampling,tax_id,363,<empty>,\,/github/workspace/logsheets/filtered/water_sampling.csv,XSDAnyURI,mandatory
missing value,water,sampling,tax_id,364,<empty>,\,/github/workspace/logsheets/filtered/water_sampling.csv,XSDAnyURI,mandatory
missing value,water,sampling,tax_id,365,<empty>,\,/github/workspace/logsheets/filtered/water_sampling.csv,XSDAnyURI,mandatory
missing value,water,sampling,tax_id,366,<empty>,\,/github/workspace/logsheets/filtered/water_sampling.csv,XSDAnyURI,mandatory
missing value,water,sampling,tax_id,367,<empty>,\,/github/workspace/logsheets/filtered/water_sampling.csv,XSDAnyURI,mandatory
missing value,water,sampling,tax_id,368,<empty>,\,/github/workspace/logsheets/filtered/water_sampling.csv,XSDAnyURI,mandatory
missing value,water,sampling,tax_id,369,<empty>,\,/github/workspace/logsheets/filtered/water_sampling.csv,XSDAnyURI,mandatory
missing value,water,sampling,tax_id,370,<empty>,\,/github/workspace/logsheets/filtered/water_sampling.csv,XSDAnyURI,mandatory
missing value,water,sampling,tax_id,371,<empty>,\,/github/workspace/logsheets/filtered/water_sampling.csv,XSDAnyURI,mandatory
missing value,water,sampling,tax_id,372,<empty>,\,/github/workspace/logsheets/filtered/water_sampling.csv,XSDAnyURI,mandatory
missing value,water,sampling,tax_id,373,<empty>,\,/github/workspace/logsheets/filtered/water_sampling.csv,XSDAnyURI,mandatory
missing value,water,sampling,tax_id,374,<empty>,\,/github/workspace/logsheets/filtered/water_sampling.csv,XSDAnyURI,mandatory
missing value,water,sampling,tax_id,375,<empty>,\,/github/workspace/logsheets/filtered/water_sampling.csv,XSDAnyURI,mandatory
missing value,water,sampling,tax_id,376,<empty>,\,/github/workspace/logsheets/filtered/water_sampling.csv,XSDAnyURI,mandatory
missing value,water,sampling,tax_id,377,<empty>,\,/github/workspace/logsheets/filtered/water_sampling.csv,XSDAnyURI,mandatory
missing value,water,sampling,tax_id,378,<empty>,\,/github/workspace/logsheets/filtered/water_sampling.csv,XSDAnyURI,mandatory
missing value,water,sampling,tax_id,379,<empty>,\,/github/workspace/logsheets/filtered/water_sampling.csv,XSDAnyURI,mandatory
missing value,water,sampling,tax_id,380,<empty>,\,/github/workspace/logsheets/filtered/water_sampling.csv,XSDAnyURI,mandatory
missing value,water,sampling,tax_id,381,<empty>,\,/github/workspace/logsheets/filtered/water_sampling.csv,XSDAnyURI,mandatory
missing value,water,sampling,tax_id,382,<empty>,\,/github/workspace/logsheets/filtered/water_sampling.csv,XSDAnyURI,mandatory
missing value,water,sampling,tax_id,383,<empty>,\,/github/workspace/logsheets/filtered/water_sampling.csv,XSDAnyURI,mandatory
missing value,water,sampling,tax_id,384,<empty>,\,/github/workspace/logsheets/filtered/water_sampling.csv,XSDAnyURI,mandatory
missing value,water,sampling,tax_id,385,<empty>,\,/github/workspace/logsheets/filtered/water_sampling.csv,XSDAnyURI,mandatory
missing value,water,sampling,tax_id,386,<empty>,\,/github/workspace/logsheets/filtered/water_sampling.csv,XSDAnyURI,mandatory
missing value,water,sampling,tax_id,387,<empty>,\,/github/workspace/logsheets/filtered/water_sampling.csv,XSDAnyURI,mandatory
missing value,water,sampling,tax_id,388,<empty>,\,/github/workspace/logsheets/filtered/water_sampling.csv,XSDAnyURI,mandatory
missing value,water,sampling,tax_id,389,<empty>,\,/github/workspace/logsheets/filtered/water_sampling.csv,XSDAnyURI,mandatory
missing value,water,sampling,tax_id,390,<empty>,\,/github/workspace/logsheets/filtered/water_sampling.csv,XSDAnyURI,mandatory
missing value,water,sampling,tax_id,391,<empty>,\,/github/workspace/logsheets/filtered/water_sampling.csv,XSDAnyURI,mandatory
missing value,water,sampling,time_fi,350,<empty>,\,/github/workspace/logsheets/filtered/water_sampling.csv,XSDString,mandatory
missing value,water,sampling,time_fi,351,<empty>,\,/github/workspace/logsheets/filtered/water_sampling.csv,XSDString,mandatory
missing value,water,sampling,time_fi,352,<empty>,\,/github/workspace/logsheets/filtered/water_sampling.csv,XSDString,mandatory
missing value,water,sampling,time_fi,353,<empty>,\,/github/workspace/logsheets/filtered/water_sampling.csv,XSDString,mandatory
missing value,water,sampling,time_fi,354,<empty>,\,/github/workspace/logsheets/filtered/water_sampling.csv,XSDString,mandatory
missing value,water,sampling,time_fi,355,<empty>,\,/github/workspace/logsheets/filtered/water_sampling.csv,XSDString,mandatory
missing value,water,sampling,time_fi,356,<empty>,\,/github/workspace/logsheets/filtered/water_sampling.csv,XSDString,mandatory
missing value,water,sampling,time_fi,357,<empty>,\,/github/workspace/logsheets/filtered/water_sampling.csv,XSDString,mandatory
missing value,water,sampling,time_fi,358,<empty>,\,/github/workspace/logsheets/filtered/water_sampling.csv,XSDString,mandatory
missing value,water,sampling,time_fi,359,<empty>,\,/github/workspace/logsheets/filtered/water_sampling.csv,XSDString,mandatory
missing value,water,sampling,time_fi,360,<empty>,\,/github/workspace/logsheets/filtered/water_sampling.csv,XSDString,mandatory
missing value,water,sampling,time_fi,361,<empty>,\,/github/workspace/logsheets/filtered/water_sampling.csv,XSDString,mandatory
missing value,water,sampling,time_fi,362,<empty>,\,/github/workspace/logsheets/filtered/water_sampling.csv,XSDString,mandatory
missing value,water,sampling,time_fi,363,<empty>,\,/github/workspace/logsheets/filtered/water_sampling.csv,XSDString,mandatory
missing value,water,sampling,time_fi,364,<empty>,\,/github/workspace/logsheets/filtered/water_sampling.csv,XSDString,mandatory
missing value,water,sampling,time_fi,365,<empty>,\,/github/workspace/logsheets/filtered/water_sampling.csv,XSDString,mandatory
missing value,water,sampling,time_fi,366,<empty>,\,/github/workspace/logsheets/filtered/water_sampling.csv,XSDString,mandatory
missing value,water,sampling,time_fi,367,<empty>,\,/github/workspace/logsheets/filtered/water_sampling.csv,XSDString,mandatory
missing value,water,sampling,time_fi,368,<empty>,\,/github/workspace/logsheets/filtered/water_sampling.csv,XSDString,mandatory
missing value,water,sampling,time_fi,369,<empty>,\,/github/workspace/logsheets/filtered/water_sampling.csv,XSDString,mandatory
missing value,water,sampling,time_fi,370,<empty>,\,/github/workspace/logsheets/filtered/water_sampling.csv,XSDString,mandatory
missing value,water,sampling,time_fi,371,<empty>,\,/github/workspace/logsheets/filtered/water_sampling.csv,XSDString,mandatory
missing value,water,sampling,time_fi,372,<empty>,\,/github/workspace/logsheets/filtered/water_sampling.csv,XSDString,mandatory
missing value,water,sampling,time_fi,373,<empty>,\,/github/workspace/logsheets/filtered/water_sampling.csv,XSDString,mandatory
missing value,water,sampling,time_fi,374,<empty>,\,/github/workspace/logsheets/filtered/water_sampling.csv,XSDString,mandatory
missing value,water,sampling,time_fi,375,<empty>,\,/github/workspace/logsheets/filtered/water_sampling.csv,XSDString,mandatory
missing value,water,sampling,time_fi,376,<empty>,\,/github/workspace/logsheets/filtered/water_sampling.csv,XSDString,mandatory
missing value,water,sampling,time_fi,377,<empty>,\,/github/workspace/logsheets/filtered/water_sampling.csv,XSDString,mandatory
missing value,water,sampling,time_fi,378,<empty>,\,/github/workspace/logsheets/filtered/water_sampling.csv,XSDString,mandatory
missing value,water,sampling,time_fi,379,<empty>,\,/github/workspace/logsheets/filtered/water_sampling.csv,XSDString,mandatory
missing value,water,sampling,time_fi,380,<empty>,\,/github/workspace/logsheets/filtered/water_sampling.csv,XSDString,mandatory
missing value,water,sampling,time_fi,381,<empty>,\,/github/workspace/logsheets/filtered/water_sampling.csv,XSDString,mandatory
missing value,water,sampling,time_fi,382,<empty>,\,/github/workspace/logsheets/filtered/water_sampling.csv,XSDString,mandatory
missing value,water,sampling,time_fi,383,<empty>,\,/github/workspace/logsheets/filtered/water_sampling.csv,XSDString,mandatory
missing value,water,sampling,time_fi,384,<empty>,\,/github/workspace/logsheets/filtered/water_sampling.csv,XSDString,mandatory
missing value,water,sampling,time_fi,385,<empty>,\,/github/workspace/logsheets/filtered/water_sampling.csv,XSDString,mandatory
missing value,water,sampling,time_fi,386,<empty>,\,/github/workspace/logsheets/filtered/water_sampling.csv,XSDString,mandatory
missing value,water,sampling,time_fi,387,<empty>,\,/github/workspace/logsheets/filtered/water_sampling.csv,XSDString,mandatory
missing value,water,sampling,time_fi,388,<empty>,\,/github/workspace/logsheets/filtered/water_sampling.csv,XSDString,mandatory
missing value,water,sampling,time_fi,389,<empty>,\,/github/workspace/logsheets/filtered/water_sampling.csv,XSDString,mandatory
missing value,water,sampling,time_fi,390,<empty>,\,/github/workspace/logsheets/filtered/water_sampling.csv,XSDString,mandatory
missing value,water,sampling,time_fi,391,<empty>,\,/github/workspace/logsheets/filtered/water_sampling.csv,XSDString,mandatory
missing value,water,sampling,failure,1,<empty>,\,/github/workspace/logsheets/filtered/water_sampling.csv,XSDBoolean,mandatory
missing value,water,sampling,failure,2,<empty>,\,/github/workspace/logsheets/filtered/water_sampling.csv,XSDBoolean,mandatory
missing value,water,sampling,failure,3,<empty>,\,/github/workspace/logsheets/filtered/water_sampling.csv,XSDBoolean,mandatory
missing value,water,sampling,failure,4,<empty>,\,/github/workspace/logsheets/filtered/water_sampling.csv,XSDBoolean,mandatory
missing value,water,sampling,failure,5,<empty>,\,/github/workspace/logsheets/filtered/water_sampling.csv,XSDBoolean,mandatory
missing value,water,sampling,failure,6,<empty>,\,/github/workspace/logsheets/filtered/water_sampling.csv,XSDBoolean,mandatory
missing value,water,sampling,failure,7,<empty>,\,/github/workspace/logsheets/filtered/water_sampling.csv,XSDBoolean,mandatory
missing value,water,sampling,failure,8,<empty>,\,/github/workspace/logsheets/filtered/water_sampling.csv,XSDBoolean,mandatory
missing value,water,sampling,failure,9,<empty>,\,/github/workspace/logsheets/filtered/water_sampling.csv,XSDBoolean,mandatory
missing value,water,sampling,failure,10,<empty>,\,/github/workspace/logsheets/filtered/water_sampling.csv,XSDBoolean,mandatory
missing value,water,sampling,failure,11,<empty>,\,/github/workspace/logsheets/filtered/water_sampling.csv,XSDBoolean,mandatory
missing value,water,sampling,failure,12,<empty>,\,/github/workspace/logsheets/filtered/water_sampling.csv,XSDBoolean,mandatory
missing value,water,sampling,failure,13,<empty>,\,/github/workspace/logsheets/filtered/water_sampling.csv,XSDBoolean,mandatory
missing value,water,sampling,failure,14,<empty>,\,/github/workspace/logsheets/filtered/water_sampling.csv,XSDBoolean,mandatory
missing value,water,sampling,failure,15,<empty>,\,/github/workspace/logsheets/filtered/water_sampling.csv,XSDBoolean,mandatory
missing value,water,sampling,failure,16,<empty>,\,/github/workspace/logsheets/filtered/water_sampling.csv,XSDBoolean,mandatory
missing value,water,sampling,failure,17,<empty>,\,/github/workspace/logsheets/filtered/water_sampling.csv,XSDBoolean,mandatory
missing value,water,sampling,failure,18,<empty>,\,/github/workspace/logsheets/filtered/water_sampling.csv,XSDBoolean,mandatory
missing value,water,sampling,failure,19,<empty>,\,/github/workspace/logsheets/filtered/water_sampling.csv,XSDBoolean,mandatory
missing value,water,sampling,failure,22,<empty>,\,/github/workspace/logsheets/filtered/water_sampling.csv,XSDBoolean,mandatory
missing value,water,sampling,failure,23,<empty>,\,/github/workspace/logsheets/filtered/water_sampling.csv,XSDBoolean,mandatory
missing value,water,sampling,failure,26,<empty>,\,/github/workspace/logsheets/filtered/water_sampling.csv,XSDBoolean,mandatory
missing value,water,sampling,failure,27,<empty>,\,/github/workspace/logsheets/filtered/water_sampling.csv,XSDBoolean,mandatory
missing value,water,sampling,failure,28,<empty>,\,/github/workspace/logsheets/filtered/water_sampling.csv,XSDBoolean,mandatory
missing value,water,sampling,failure,29,<empty>,\,/github/workspace/logsheets/filtered/water_sampling.csv,XSDBoolean,mandatory
missing value,water,sampling,failure,30,<empty>,\,/github/workspace/logsheets/filtered/water_sampling.csv,XSDBoolean,mandatory
missing value,water,sampling,failure,31,<empty>,\,/github/workspace/logsheets/filtered/water_sampling.csv,XSDBoolean,mandatory
missing value,water,sampling,failure,32,<empty>,\,/github/workspace/logsheets/filtered/water_sampling.csv,XSDBoolean,mandatory
missing value,water,sampling,failure,33,<empty>,\,/github/workspace/logsheets/filtered/water_sampling.csv,XSDBoolean,mandatory
missing value,water,sampling,failure,34,<empty>,\,/github/workspace/logsheets/filtered/water_sampling.csv,XSDBoolean,mandatory
missing value,water,sampling,failure,37,<empty>,\,/github/workspace/logsheets/filtered/water_sampling.csv,XSDBoolean,mandatory
missing value,water,sampling,failure,38,<empty>,\,/github/workspace/logsheets/filtered/water_sampling.csv,XSDBoolean,mandatory
missing value,water,sampling,failure,41,<empty>,\,/github/workspace/logsheets/filtered/water_sampling.csv,XSDBoolean,mandatory
missing value,water,sampling,failure,42,<empty>,\,/github/workspace/logsheets/filtered/water_sampling.csv,XSDBoolean,mandatory
missing value,water,sampling,failure,43,<empty>,\,/github/workspace/logsheets/filtered/water_sampling.csv,XSDBoolean,mandatory
missing value,water,sampling,failure,44,<empty>,\,/github/workspace/logsheets/filtered/water_sampling.csv,XSDBoolean,mandatory
missing value,water,sampling,failure,45,<empty>,\,/github/workspace/logsheets/filtered/water_sampling.csv,XSDBoolean,mandatory
missing value,water,sampling,failure,46,<empty>,\,/github/workspace/logsheets/filtered/water_sampling.csv,XSDBoolean,mandatory
missing value,water,sampling,failure,47,<empty>,\,/github/workspace/logsheets/filtered/water_sampling.csv,XSDBoolean,mandatory
missing value,water,sampling,failure,48,<empty>,\,/github/workspace/logsheets/filtered/water_sampling.csv,XSDBoolean,mandatory
missing value,water,sampling,failure,49,<empty>,\,/github/workspace/logsheets/filtered/water_sampling.csv,XSDBoolean,mandatory
missing value,water,sampling,failure,350,<empty>,\,/github/workspace/logsheets/filtered/water_sampling.csv,XSDBoolean,mandatory
missing value,water,sampling,failure,351,<empty>,\,/github/workspace/logsheets/filtered/water_sampling.csv,XSDBoolean,mandatory
missing value,water,sampling,failure,352,<empty>,\,/github/workspace/logsheets/filtered/water_sampling.csv,XSDBoolean,mandatory
missing value,water,sampling,failure,353,<empty>,\,/github/workspace/logsheets/filtered/water_sampling.csv,XSDBoolean,mandatory
missing value,water,sampling,failure,354,<empty>,\,/github/workspace/logsheets/filtered/water_sampling.csv,XSDBoolean,mandatory
missing value,water,sampling,failure,355,<empty>,\,/github/workspace/logsheets/filtered/water_sampling.csv,XSDBoolean,mandatory
missing value,water,sampling,failure,356,<empty>,\,/github/workspace/logsheets/filtered/water_sampling.csv,XSDBoolean,mandatory
missing value,water,sampling,failure,357,<empty>,\,/github/workspace/logsheets/filtered/water_sampling.csv,XSDBoolean,mandatory
missing value,water,sampling,failure,358,<empty>,\,/github/workspace/logsheets/filtered/water_sampling.csv,XSDBoolean,mandatory
missing value,water,sampling,failure,359,<empty>,\,/github/workspace/logsheets/filtered/water_sampling.csv,XSDBoolean,mandatory
missing value,water,sampling,failure,360,<empty>,\,/github/workspace/logsheets/filtered/water_sampling.csv,XSDBoolean,mandatory
missing value,water,sampling,failure,361,<empty>,\,/github/workspace/logsheets/filtered/water_sampling.csv,XSDBoolean,mandatory
missing value,water,sampling,failure,362,<empty>,\,/github/workspace/logsheets/filtered/water_sampling.csv,XSDBoolean,mandatory
missing value,water,sampling,failure,363,<empty>,\,/github/workspace/logsheets/filtered/water_sampling.csv,XSDBoolean,mandatory
missing value,water,sampling,failure,364,<empty>,\,/github/workspace/logsheets/filtered/water_sampling.csv,XSDBoolean,mandatory
missing value,water,sampling,failure,365,<empty>,\,/github/workspace/logsheets/filtered/water_sampling.csv,XSDBoolean,mandatory
missing value,water,sampling,failure,366,<empty>,\,/github/workspace/logsheets/filtered/water_sampling.csv,XSDBoolean,mandatory
missing value,water,sampling,failure,367,<empty>,\,/github/workspace/logsheets/filtered/water_sampling.csv,XSDBoolean,mandatory
missing value,water,sampling,failure,368,<empty>,\,/github/workspace/logsheets/filtered/water_sampling.csv,XSDBoolean,mandatory
missing value,water,sampling,failure,369,<empty>,\,/github/workspace/logsheets/filtered/water_sampling.csv,XSDBoolean,mandatory
missing value,water,sampling,failure,370,<empty>,\,/github/workspace/logsheets/filtered/water_sampling.csv,XSDBoolean,mandatory
missing value,water,sampling,failure,371,<empty>,\,/github/workspace/logsheets/filtered/water_sampling.csv,XSDBoolean,mandatory
missing value,water,sampling,failure,372,<empty>,\,/github/workspace/logsheets/filtered/water_sampling.csv,XSDBoolean,mandatory
missing value,water,sampling,failure,373,<empty>,\,/github/workspace/logsheets/filtered/water_sampling.csv,XSDBoolean,mandatory
missing value,water,sampling,failure,374,<empty>,\,/github/workspace/logsheets/filtered/water_sampling.csv,XSDBoolean,mandatory
missing value,water,sampling,failure,375,<empty>,\,/github/workspace/logsheets/filtered/water_sampling.csv,XSDBoolean,mandatory
missing value,water,sampling,failure,376,<empty>,\,/github/workspace/logsheets/filtered/water_sampling.csv,XSDBoolean,mandatory
missing value,water,sampling,failure,377,<empty>,\,/github/workspace/logsheets/filtered/water_sampling.csv,XSDBoolean,mandatory
missing value,water,sampling,failure,378,<empty>,\,/github/workspace/logsheets/filtered/water_sampling.csv,XSDBoolean,mandatory
missing value,water,sampling,failure,379,<empty>,\,/github/workspace/logsheets/filtered/water_sampling.csv,XSDBoolean,mandatory
missing value,water,sampling,failure,380,<empty>,\,/github/workspace/logsheets/filtered/water_sampling.csv,XSDBoolean,mandatory
missing value,water,sampling,failure,381,<empty>,\,/github/workspace/logsheets/filtered/water_sampling.csv,XSDBoolean,mandatory
missing value,water,sampling,failure,382,<empty>,\,/github/workspace/logsheets/filtered/water_sampling.csv,XSDBoolean,mandatory
missing value,water,sampling,failure,383,<empty>,\,/github/workspace/logsheets/filtered/water_sampling.csv,XSDBoolean,mandatory
missing value,water,sampling,failure,384,<empty>,\,/github/workspace/logsheets/filtered/water_sampling.csv,XSDBoolean,mandatory
missing value,water,sampling,failure,385,<empty>,\,/github/workspace/logsheets/filtered/water_sampling.csv,XSDBoolean,mandatory
missing value,water,sampling,failure,386,<empty>,\,/github/workspace/logsheets/filtered/water_sampling.csv,XSDBoolean,mandatory
missing value,water,sampling,failure,387,<empty>,\,/github/workspace/logsheets/filtered/water_sampling.csv,XSDBoolean,mandatory
missing value,water,sampling,failure,388,<empty>,\,/github/workspace/logsheets/filtered/water_sampling.csv,XSDBoolean,mandatory
missing value,water,sampling,failure,389,<empty>,\,/github/workspace/logsheets/filtered/water_sampling.csv,XSDBoolean,mandatory
missing value,water,sampling,failure,390,<empty>,\,/github/workspace/logsheets/filtered/water_sampling.csv,XSDBoolean,mandatory
missing value,water,sampling,failure,391,<empty>,\,/github/workspace/logsheets/filtered/water_sampling.csv,XSDBoolean,mandatory
missing value,water,sampling,scientific_name,350,<empty>,\,/github/workspace/logsheets/filtered/water_sampling.csv,XSDString,mandatory
missing value,water,sampling,scientific_name,351,<empty>,\,/github/workspace/logsheets/filtered/water_sampling.csv,XSDString,mandatory
missing value,water,sampling,scientific_name,352,<empty>,\,/github/workspace/logsheets/filtered/water_sampling.csv,XSDString,mandatory
missing value,water,sampling,scientific_name,353,<empty>,\,/github/workspace/logsheets/filtered/water_sampling.csv,XSDString,mandatory
missing value,water,sampling,scientific_name,354,<empty>,\,/github/workspace/logsheets/filtered/water_sampling.csv,XSDString,mandatory
missing value,water,sampling,scientific_name,355,<empty>,\,/github/workspace/logsheets/filtered/water_sampling.csv,XSDString,mandatory
missing value,water,sampling,scientific_name,356,<empty>,\,/github/workspace/logsheets/filtered/water_sampling.csv,XSDString,mandatory
missing value,water,sampling,scientific_name,357,<empty>,\,/github/workspace/logsheets/filtered/water_sampling.csv,XSDString,mandatory
missing value,water,sampling,scientific_name,358,<empty>,\,/github/workspace/logsheets/filtered/water_sampling.csv,XSDString,mandatory
missing value,water,sampling,scientific_name,359,<empty>,\,/github/workspace/logsheets/filtered/water_sampling.csv,XSDString,mandatory
missing value,water,sampling,scientific_name,360,<empty>,\,/github/workspace/logsheets/filtered/water_sampling.csv,XSDString,mandatory
missing value,water,sampling,scientific_name,361,<empty>,\,/github/workspace/logsheets/filtered/water_sampling.csv,XSDString,mandatory
missing value,water,sampling,scientific_name,362,<empty>,\,/github/workspace/logsheets/filtered/water_sampling.csv,XSDString,mandatory
missing value,water,sampling,scientific_name,363,<empty>,\,/github/workspace/logsheets/filtered/water_sampling.csv,XSDString,mandatory
missing value,water,sampling,scientific_name,364,<empty>,\,/github/workspace/logsheets/filtered/water_sampling.csv,XSDString,mandatory
missing value,water,sampling,scientific_name,365,<empty>,\,/github/workspace/logsheets/filtered/water_sampling.csv,XSDString,mandatory
missing value,water,sampling,scientific_name,366,<empty>,\,/github/workspace/logsheets/filtered/water_sampling.csv,XSDString,mandatory
missing value,water,sampling,scientific_name,367,<empty>,\,/github/workspace/logsheets/filtered/water_sampling.csv,XSDString,mandatory
missing value,water,sampling,scientific_name,368,<empty>,\,/github/workspace/logsheets/filtered/water_sampling.csv,XSDString,mandatory
missing value,water,sampling,scientific_name,369,<empty>,\,/github/workspace/logsheets/filtered/water_sampling.csv,XSDString,mandatory
missing value,water,sampling,scientific_name,370,<empty>,\,/github/workspace/logsheets/filtered/water_sampling.csv,XSDString,mandatory
missing value,water,sampling,scientific_name,371,<empty>,\,/github/workspace/logsheets/filtered/water_sampling.csv,XSDString,mandatory
missing value,water,sampling,scientific_name,372,<empty>,\,/github/workspace/logsheets/filtered/water_sampling.csv,XSDString,mandatory
missing value,water,sampling,scientific_name,373,<empty>,\,/github/workspace/logsheets/filtered/water_sampling.csv,XSDString,mandatory
missing value,water,sampling,scientific_name,374,<empty>,\,/github/workspace/logsheets/filtered/water_sampling.csv,XSDString,mandatory
missing value,water,sampling,scientific_name,375,<empty>,\,/github/workspace/logsheets/filtered/water_sampling.csv,XSDString,mandatory
missing value,water,sampling,scientific_name,376,<empty>,\,/github/workspace/logsheets/filtered/water_sampling.csv,XSDString,mandatory
missing value,water,sampling,scientific_name,377,<empty>,\,/github/workspace/logsheets/filtered/water_sampling.csv,XSDString,mandatory
missing value,water,sampling,scientific_name,378,<empty>,\,/github/workspace/logsheets/filtered/water_sampling.csv,XSDString,mandatory
missing value,water,sampling,scientific_name,379,<empty>,\,/github/workspace/logsheets/filtered/water_sampling.csv,XSDString,mandatory
missing value,water,sampling,scientific_name,380,<empty>,\,/github/workspace/logsheets/filtered/water_sampling.csv,XSDString,mandatory
missing value,water,sampling,scientific_name,381,<empty>,\,/github/workspace/logsheets/filtered/water_sampling.csv,XSDString,mandatory
missing value,water,sampling,scientific_name,382,<empty>,\,/github/workspace/logsheets/filtered/water_sampling.csv,XSDString,mandatory
missing value,water,sampling,scientific_name,383,<empty>,\,/github/workspace/logsheets/filtered/water_sampling.csv,XSDString,mandatory
missing value,water,sampling,scientific_name,384,<empty>,\,/github/workspace/logsheets/filtered/water_sampling.csv,XSDString,mandatory
missing value,water,sampling,scientific_name,385,<empty>,\,/github/workspace/logsheets/filtered/water_sampling.csv,XSDString,mandatory
missing value,water,sampling,scientific_name,386,<empty>,\,/github/workspace/logsheets/filtered/water_sampling.csv,XSDString,mandatory
missing value,water,sampling,scientific_name,387,<empty>,\,/github/workspace/logsheets/filtered/water_sampling.csv,XSDString,mandatory
missing value,water,sampling,scientific_name,388,<empty>,\,/github/workspace/logsheets/filtered/water_sampling.csv,XSDString,mandatory
missing value,water,sampling,scientific_name,389,<empty>,\,/github/workspace/logsheets/filtered/water_sampling.csv,XSDString,mandatory
missing value,water,sampling,scientific_name,390,<empty>,\,/github/workspace/logsheets/filtered/water_sampling.csv,XSDString,mandatory
missing value,water,sampling,scientific_name,391,<empty>,\,/github/workspace/logsheets/filtered/water_sampling.csv,XSDString,mandatory
missing value,water,sampling,source_mat_id_orig,350,<empty>,\,/github/workspace/logsheets/filtered/water_sampling.csv,XSDString,mandatory
missing value,water,sampling,source_mat_id_orig,351,<empty>,\,/github/workspace/logsheets/filtered/water_sampling.csv,XSDString,mandatory
missing value,water,sampling,source_mat_id_orig,352,<empty>,\,/github/workspace/logsheets/filtered/water_sampling.csv,XSDString,mandatory
missing value,water,sampling,source_mat_id_orig,353,<empty>,\,/github/workspace/logsheets/filtered/water_sampling.csv,XSDString,mandatory
missing value,water,sampling,source_mat_id_orig,354,<empty>,\,/github/workspace/logsheets/filtered/water_sampling.csv,XSDString,mandatory
missing value,water,sampling,source_mat_id_orig,355,<empty>,\,/github/workspace/logsheets/filtered/water_sampling.csv,XSDString,mandatory
missing value,water,sampling,source_mat_id_orig,356,<empty>,\,/github/workspace/logsheets/filtered/water_sampling.csv,XSDString,mandatory
missing value,water,sampling,source_mat_id_orig,357,<empty>,\,/github/workspace/logsheets/filtered/water_sampling.csv,XSDString,mandatory
missing value,water,sampling,source_mat_id_orig,358,<empty>,\,/github/workspace/logsheets/filtered/water_sampling.csv,XSDString,mandatory
missing value,water,sampling,source_mat_id_orig,359,<empty>,\,/github/workspace/logsheets/filtered/water_sampling.csv,XSDString,mandatory
missing value,water,sampling,source_mat_id_orig,360,<empty>,\,/github/workspace/logsheets/filtered/water_sampling.csv,XSDString,mandatory
missing value,water,sampling,source_mat_id_orig,361,<empty>,\,/github/workspace/logsheets/filtered/water_sampling.csv,XSDString,mandatory
missing value,water,sampling,source_mat_id_orig,362,<empty>,\,/github/workspace/logsheets/filtered/water_sampling.csv,XSDString,mandatory
missing value,water,sampling,source_mat_id_orig,363,<empty>,\,/github/workspace/logsheets/filtered/water_sampling.csv,XSDString,mandatory
missing value,water,sampling,source_mat_id_orig,364,<empty>,\,/github/workspace/logsheets/filtered/water_sampling.csv,XSDString,mandatory
missing value,water,sampling,source_mat_id_orig,365,<empty>,\,/github/workspace/logsheets/filtered/water_sampling.csv,XSDString,mandatory
missing value,water,sampling,source_mat_id_orig,366,<empty>,\,/github/workspace/logsheets/filtered/water_sampling.csv,XSDString,mandatory
missing value,water,sampling,source_mat_id_orig,367,<empty>,\,/github/workspace/logsheets/filtered/water_sampling.csv,XSDString,mandatory
missing value,water,sampling,source_mat_id_orig,368,<empty>,\,/github/workspace/logsheets/filtered/water_sampling.csv,XSDString,mandatory
missing value,water,sampling,source_mat_id_orig,369,<empty>,\,/github/workspace/logsheets/filtered/water_sampling.csv,XSDString,mandatory
missing value,water,sampling,source_mat_id_orig,370,<empty>,\,/github/workspace/logsheets/filtered/water_sampling.csv,XSDString,mandatory
missing value,water,sampling,source_mat_id_orig,371,<empty>,\,/github/workspace/logsheets/filtered/water_sampling.csv,XSDString,mandatory
missing value,water,sampling,source_mat_id_orig,372,<empty>,\,/github/workspace/logsheets/filtered/water_sampling.csv,XSDString,mandatory
missing value,water,sampling,source_mat_id_orig,373,<empty>,\,/github/workspace/logsheets/filtered/water_sampling.csv,XSDString,mandatory
missing value,water,sampling,source_mat_id_orig,374,<empty>,\,/github/workspace/logsheets/filtered/water_sampling.csv,XSDString,mandatory
missing value,water,sampling,source_mat_id_orig,375,<empty>,\,/github/workspace/logsheets/filtered/water_sampling.csv,XSDString,mandatory
missing value,water,sampling,source_mat_id_orig,376,<empty>,\,/github/workspace/logsheets/filtered/water_sampling.csv,XSDString,mandatory
missing value,water,sampling,source_mat_id_orig,377,<empty>,\,/github/workspace/logsheets/filtered/water_sampling.csv,XSDString,mandatory
missing value,water,sampling,source_mat_id_orig,378,<empty>,\,/github/workspace/logsheets/filtered/water_sampling.csv,XSDString,mandatory
missing value,water,sampling,source_mat_id_orig,379,<empty>,\,/github/workspace/logsheets/filtered/water_sampling.csv,XSDString,mandatory
missing value,water,sampling,source_mat_id_orig,380,<empty>,\,/github/workspace/logsheets/filtered/water_sampling.csv,XSDString,mandatory
missing value,water,sampling,source_mat_id_orig,381,<empty>,\,/github/workspace/logsheets/filtered/water_sampling.csv,XSDString,mandatory
missing value,water,sampling,source_mat_id_orig,382,<empty>,\,/github/workspace/logsheets/filtered/water_sampling.csv,XSDString,mandatory
missing value,water,sampling,source_mat_id_orig,383,<empty>,\,/github/workspace/logsheets/filtered/water_sampling.csv,XSDString,mandatory
missing value,water,sampling,source_mat_id_orig,384,<empty>,\,/github/workspace/logsheets/filtered/water_sampling.csv,XSDString,mandatory
missing value,water,sampling,source_mat_id_orig,385,<empty>,\,/github/workspace/logsheets/filtered/water_sampling.csv,XSDString,mandatory
missing value,water,sampling,source_mat_id_orig,386,<empty>,\,/github/workspace/logsheets/filtered/water_sampling.csv,XSDString,mandatory
missing value,water,sampling,source_mat_id_orig,387,<empty>,\,/github/workspace/logsheets/filtered/water_sampling.csv,XSDString,mandatory
missing value,water,sampling,source_mat_id_orig,388,<empty>,\,/github/workspace/logsheets/filtered/water_sampling.csv,XSDString,mandatory
missing value,water,sampling,source_mat_id_orig,389,<empty>,\,/github/workspace/logsheets/filtered/water_sampling.csv,XSDString,mandatory
missing value,water,sampling,source_mat_id_orig,390,<empty>,\,/github/workspace/logsheets/filtered/water_sampling.csv,XSDString,mandatory
missing value,water,sampling,source_mat_id_orig,391,<empty>,\,/github/workspace/logsheets/filtered/water_sampling.csv,XSDString,mandatory
missing value,water,sampling,samp_store_date,350,<empty>,\,/github/workspace/logsheets/filtered/water_sampling.csv,XSDDate,mandatory
missing value,water,sampling,samp_store_date,351,<empty>,\,/github/workspace/logsheets/filtered/water_sampling.csv,XSDDate,mandatory
missing value,water,sampling,samp_store_date,352,<empty>,\,/github/workspace/logsheets/filtered/water_sampling.csv,XSDDate,mandatory
missing value,water,sampling,samp_store_date,353,<empty>,\,/github/workspace/logsheets/filtered/water_sampling.csv,XSDDate,mandatory
missing value,water,sampling,samp_store_date,354,<empty>,\,/github/workspace/logsheets/filtered/water_sampling.csv,XSDDate,mandatory
missing value,water,sampling,samp_store_date,355,<empty>,\,/github/workspace/logsheets/filtered/water_sampling.csv,XSDDate,mandatory
missing value,water,sampling,samp_store_date,356,<empty>,\,/github/workspace/logsheets/filtered/water_sampling.csv,XSDDate,mandatory
missing value,water,sampling,samp_store_date,357,<empty>,\,/github/workspace/logsheets/filtered/water_sampling.csv,XSDDate,mandatory
missing value,water,sampling,samp_store_date,358,<empty>,\,/github/workspace/logsheets/filtered/water_sampling.csv,XSDDate,mandatory
missing value,water,sampling,samp_store_date,359,<empty>,\,/github/workspace/logsheets/filtered/water_sampling.csv,XSDDate,mandatory
missing value,water,sampling,samp_store_date,360,<empty>,\,/github/workspace/logsheets/filtered/water_sampling.csv,XSDDate,mandatory
missing value,water,sampling,samp_store_date,361,<empty>,\,/github/workspace/logsheets/filtered/water_sampling.csv,XSDDate,mandatory
missing value,water,sampling,samp_store_date,362,<empty>,\,/github/workspace/logsheets/filtered/water_sampling.csv,XSDDate,mandatory
missing value,water,sampling,samp_store_date,363,<empty>,\,/github/workspace/logsheets/filtered/water_sampling.csv,XSDDate,mandatory
missing value,water,sampling,samp_store_date,364,<empty>,\,/github/workspace/logsheets/filtered/water_sampling.csv,XSDDate,mandatory
missing value,water,sampling,samp_store_date,365,<empty>,\,/github/workspace/logsheets/filtered/water_sampling.csv,XSDDate,mandatory
missing value,water,sampling,samp_store_date,366,<empty>,\,/github/workspace/logsheets/filtered/water_sampling.csv,XSDDate,mandatory
missing value,water,sampling,samp_store_date,367,<empty>,\,/github/workspace/logsheets/filtered/water_sampling.csv,XSDDate,mandatory
missing value,water,sampling,samp_store_date,368,<empty>,\,/github/workspace/logsheets/filtered/water_sampling.csv,XSDDate,mandatory
missing value,water,sampling,samp_store_date,369,<empty>,\,/github/workspace/logsheets/filtered/water_sampling.csv,XSDDate,mandatory
missing value,water,sampling,samp_store_date,370,<empty>,\,/github/workspace/logsheets/filtered/water_sampling.csv,XSDDate,mandatory
missing value,water,sampling,samp_store_date,371,<empty>,\,/github/workspace/logsheets/filtered/water_sampling.csv,XSDDate,mandatory
missing value,water,sampling,samp_store_date,372,<empty>,\,/github/workspace/logsheets/filtered/water_sampling.csv,XSDDate,mandatory
missing value,water,sampling,samp_store_date,373,<empty>,\,/github/workspace/logsheets/filtered/water_sampling.csv,XSDDate,mandatory
missing value,water,sampling,samp_store_date,374,<empty>,\,/github/workspace/logsheets/filtered/water_sampling.csv,XSDDate,mandatory
missing value,water,sampling,samp_store_date,375,<empty>,\,/github/workspace/logsheets/filtered/water_sampling.csv,XSDDate,mandatory
missing value,water,sampling,samp_store_date,376,<empty>,\,/github/workspace/logsheets/filtered/water_sampling.csv,XSDDate,mandatory
missing value,water,sampling,samp_store_date,377,<empty>,\,/github/workspace/logsheets/filtered/water_sampling.csv,XSDDate,mandatory
missing value,water,sampling,samp_store_date,378,<empty>,\,/github/workspace/logsheets/filtered/water_sampling.csv,XSDDate,mandatory
missing value,water,sampling,samp_store_date,379,<empty>,\,/github/workspace/logsheets/filtered/water_sampling.csv,XSDDate,mandatory
missing value,water,sampling,samp_store_date,380,<empty>,\,/github/workspace/logsheets/filtered/water_sampling.csv,XSDDate,mandatory
missing value,water,sampling,samp_store_date,381,<empty>,\,/github/workspace/logsheets/filtered/water_sampling.csv,XSDDate,mandatory
missing value,water,sampling,samp_store_date,382,<empty>,\,/github/workspace/logsheets/filtered/water_sampling.csv,XSDDate,mandatory
missing value,water,sampling,samp_store_date,383,<empty>,\,/github/workspace/logsheets/filtered/water_sampling.csv,XSDDate,mandatory
missing value,water,sampling,samp_store_date,384,<empty>,\,/github/workspace/logsheets/filtered/water_sampling.csv,XSDDate,mandatory
missing value,water,sampling,samp_store_date,385,<empty>,\,/github/workspace/logsheets/filtered/water_sampling.csv,XSDDate,mandatory
missing value,water,sampling,samp_store_date,386,<empty>,\,/github/workspace/logsheets/filtered/water_sampling.csv,XSDDate,mandatory
missing value,water,sampling,samp_store_date,387,<empty>,\,/github/workspace/logsheets/filtered/water_sampling.csv,XSDDate,mandatory
missing value,water,sampling,samp_store_date,388,<empty>,\,/github/workspace/logsheets/filtered/water_sampling.csv,XSDDate,mandatory
missing value,water,sampling,samp_store_date,389,<empty>,\,/github/workspace/logsheets/filtered/water_sampling.csv,XSDDate,mandatory
missing value,water,sampling,samp_store_date,390,<empty>,\,/github/workspace/logsheets/filtered/water_sampling.csv,XSDDate,mandatory
missing value,water,sampling,samp_store_date,391,<empty>,\,/github/workspace/logsheets/filtered/water_sampling.csv,XSDDate,mandatory
missing value,water,sampling,replicate,350,<empty>,\,/github/workspace/logsheets/filtered/water_sampling.csv,XSDString,mandatory
missing value,water,sampling,replicate,351,<empty>,\,/github/workspace/logsheets/filtered/water_sampling.csv,XSDString,mandatory
missing value,water,sampling,replicate,352,<empty>,\,/github/workspace/logsheets/filtered/water_sampling.csv,XSDString,mandatory
missing value,water,sampling,replicate,353,<empty>,\,/github/workspace/logsheets/filtered/water_sampling.csv,XSDString,mandatory
missing value,water,sampling,replicate,354,<empty>,\,/github/workspace/logsheets/filtered/water_sampling.csv,XSDString,mandatory
missing value,water,sampling,replicate,355,<empty>,\,/github/workspace/logsheets/filtered/water_sampling.csv,XSDString,mandatory
missing value,water,sampling,replicate,356,<empty>,\,/github/workspace/logsheets/filtered/water_sampling.csv,XSDString,mandatory
missing value,water,sampling,replicate,357,<empty>,\,/github/workspace/logsheets/filtered/water_sampling.csv,XSDString,mandatory
missing value,water,sampling,replicate,358,<empty>,\,/github/workspace/logsheets/filtered/water_sampling.csv,XSDString,mandatory
missing value,water,sampling,replicate,359,<empty>,\,/github/workspace/logsheets/filtered/water_sampling.csv,XSDString,mandatory
missing value,water,sampling,replicate,360,<empty>,\,/github/workspace/logsheets/filtered/water_sampling.csv,XSDString,mandatory
missing value,water,sampling,replicate,361,<empty>,\,/github/workspace/logsheets/filtered/water_sampling.csv,XSDString,mandatory
missing value,water,sampling,replicate,362,<empty>,\,/github/workspace/logsheets/filtered/water_sampling.csv,XSDString,mandatory
missing value,water,sampling,replicate,363,<empty>,\,/github/workspace/logsheets/filtered/water_sampling.csv,XSDString,mandatory
missing value,water,sampling,replicate,364,<empty>,\,/github/workspace/logsheets/filtered/water_sampling.csv,XSDString,mandatory
missing value,water,sampling,replicate,365,<empty>,\,/github/workspace/logsheets/filtered/water_sampling.csv,XSDString,mandatory
missing value,water,sampling,replicate,366,<empty>,\,/github/workspace/logsheets/filtered/water_sampling.csv,XSDString,mandatory
missing value,water,sampling,replicate,367,<empty>,\,/github/workspace/logsheets/filtered/water_sampling.csv,XSDString,mandatory
missing value,water,sampling,replicate,368,<empty>,\,/github/workspace/logsheets/filtered/water_sampling.csv,XSDString,mandatory
missing value,water,sampling,replicate,369,<empty>,\,/github/workspace/logsheets/filtered/water_sampling.csv,XSDString,mandatory
missing value,water,sampling,replicate,370,<empty>,\,/github/workspace/logsheets/filtered/water_sampling.csv,XSDString,mandatory
missing value,water,sampling,replicate,371,<empty>,\,/github/workspace/logsheets/filtered/water_sampling.csv,XSDString,mandatory
missing value,water,sampling,replicate,372,<empty>,\,/github/workspace/logsheets/filtered/water_sampling.csv,XSDString,mandatory
missing value,water,sampling,replicate,373,<empty>,\,/github/workspace/logsheets/filtered/water_sampling.csv,XSDString,mandatory
missing value,water,sampling,replicate,374,<empty>,\,/github/workspace/logsheets/filtered/water_sampling.csv,XSDString,mandatory
missing value,water,sampling,replicate,375,<empty>,\,/github/workspace/logsheets/filtered/water_sampling.csv,XSDString,mandatory
missing value,water,sampling,replicate,376,<empty>,\,/github/workspace/logsheets/filtered/water_sampling.csv,XSDString,mandatory
missing value,water,sampling,replicate,377,<empty>,\,/github/workspace/logsheets/filtered/water_sampling.csv,XSDString,mandatory
missing value,water,sampling,replicate,378,<empty>,\,/github/workspace/logsheets/filtered/water_sampling.csv,XSDString,mandatory
missing value,water,sampling,replicate,379,<empty>,\,/github/workspace/logsheets/filtered/water_sampling.csv,XSDString,mandatory
missing value,water,sampling,replicate,380,<empty>,\,/github/workspace/logsheets/filtered/water_sampling.csv,XSDString,mandatory
missing value,water,sampling,replicate,381,<empty>,\,/github/workspace/logsheets/filtered/water_sampling.csv,XSDString,mandatory
missing value,water,sampling,replicate,382,<empty>,\,/github/workspace/logsheets/filtered/water_sampling.csv,XSDString,mandatory
missing value,water,sampling,replicate,383,<empty>,\,/github/workspace/logsheets/filtered/water_sampling.csv,XSDString,mandatory
missing value,water,sampling,replicate,384,<empty>,\,/github/workspace/logsheets/filtered/water_sampling.csv,XSDString,mandatory
missing value,water,sampling,replicate,385,<empty>,\,/github/workspace/logsheets/filtered/water_sampling.csv,XSDString,mandatory
missing value,water,sampling,replicate,386,<empty>,\,/github/workspace/logsheets/filtered/water_sampling.csv,XSDString,mandatory
missing value,water,sampling,replicate,387,<empty>,\,/github/workspace/logsheets/filtered/water_sampling.csv,XSDString,mandatory
missing value,water,sampling,replicate,388,<empty>,\,/github/workspace/logsheets/filtered/water_sampling.csv,XSDString,mandatory
missing value,water,sampling,replicate,389,<empty>,\,/github/workspace/logsheets/filtered/water_sampling.csv,XSDString,mandatory
missing value,water,sampling,replicate,390,<empty>,\,/github/workspace/logsheets/filtered/water_sampling.csv,XSDString,mandatory
missing value,water,sampling,replicate,391,<empty>,\,/github/workspace/logsheets/filtered/water_sampling.csv,XSDString,mandatory
missing value,water,sampling,failure_comment,1,<empty>,\,/github/workspace/logsheets/filtered/water_sampling.csv,XSDString,mandatory
missing value,water,sampling,failure_comment,2,<empty>,\,/github/workspace/logsheets/filtered/water_sampling.csv,XSDString,mandatory
missing value,water,sampling,failure_comment,3,<empty>,\,/github/workspace/logsheets/filtered/water_sampling.csv,XSDString,mandatory
missing value,water,sampling,failure_comment,4,<empty>,\,/github/workspace/logsheets/filtered/water_sampling.csv,XSDString,mandatory
missing value,water,sampling,failure_comment,5,<empty>,\,/github/workspace/logsheets/filtered/water_sampling.csv,XSDString,mandatory
missing value,water,sampling,failure_comment,6,<empty>,\,/github/workspace/logsheets/filtered/water_sampling.csv,XSDString,mandatory
missing value,water,sampling,failure_comment,7,<empty>,\,/github/workspace/logsheets/filtered/water_sampling.csv,XSDString,mandatory
missing value,water,sampling,failure_comment,8,<empty>,\,/github/workspace/logsheets/filtered/water_sampling.csv,XSDString,mandatory
missing value,water,sampling,failure_comment,9,<empty>,\,/github/workspace/logsheets/filtered/water_sampling.csv,XSDString,mandatory
missing value,water,sampling,failure_comment,10,<empty>,\,/github/workspace/logsheets/filtered/water_sampling.csv,XSDString,mandatory
missing value,water,sampling,failure_comment,11,<empty>,\,/github/workspace/logsheets/filtered/water_sampling.csv,XSDString,mandatory
missing value,water,sampling,failure_comment,12,<empty>,\,/github/workspace/logsheets/filtered/water_sampling.csv,XSDString,mandatory
missing value,water,sampling,failure_comment,13,<empty>,\,/github/workspace/logsheets/filtered/water_sampling.csv,XSDString,mandatory
missing value,water,sampling,failure_comment,14,<empty>,\,/github/workspace/logsheets/filtered/water_sampling.csv,XSDString,mandatory
missing value,water,sampling,failure_comment,15,<empty>,\,/github/workspace/logsheets/filtered/water_sampling.csv,XSDString,mandatory
missing value,water,sampling,failure_comment,16,<empty>,\,/github/workspace/logsheets/filtered/water_sampling.csv,XSDString,mandatory
missing value,water,sampling,failure_comment,17,<empty>,\,/github/workspace/logsheets/filtered/water_sampling.csv,XSDString,mandatory
missing value,water,sampling,failure_comment,18,<empty>,\,/github/workspace/logsheets/filtered/water_sampling.csv,XSDString,mandatory
missing value,water,sampling,failure_comment,19,<empty>,\,/github/workspace/logsheets/filtered/water_sampling.csv,XSDString,mandatory
missing value,water,sampling,failure_comment,20,<empty>,\,/github/workspace/logsheets/filtered/water_sampling.csv,XSDString,mandatory
missing value,water,sampling,failure_comment,21,<empty>,\,/github/workspace/logsheets/filtered/water_sampling.csv,XSDString,mandatory
missing value,water,sampling,failure_comment,22,<empty>,\,/github/workspace/logsheets/filtered/water_sampling.csv,XSDString,mandatory
missing value,water,sampling,failure_comment,23,<empty>,\,/github/workspace/logsheets/filtered/water_sampling.csv,XSDString,mandatory
missing value,water,sampling,failure_comment,24,<empty>,\,/github/workspace/logsheets/filtered/water_sampling.csv,XSDString,mandatory
missing value,water,sampling,failure_comment,25,<empty>,\,/github/workspace/logsheets/filtered/water_sampling.csv,XSDString,mandatory
missing value,water,sampling,failure_comment,26,<empty>,\,/github/workspace/logsheets/filtered/water_sampling.csv,XSDString,mandatory
missing value,water,sampling,failure_comment,27,<empty>,\,/github/workspace/logsheets/filtered/water_sampling.csv,XSDString,mandatory
missing value,water,sampling,failure_comment,28,<empty>,\,/github/workspace/logsheets/filtered/water_sampling.csv,XSDString,mandatory
missing value,water,sampling,failure_comment,29,<empty>,\,/github/workspace/logsheets/filtered/water_sampling.csv,XSDString,mandatory
missing value,water,sampling,failure_comment,30,<empty>,\,/github/workspace/logsheets/filtered/water_sampling.csv,XSDString,mandatory
missing value,water,sampling,failure_comment,31,<empty>,\,/github/workspace/logsheets/filtered/water_sampling.csv,XSDString,mandatory
missing value,water,sampling,failure_comment,32,<empty>,\,/github/workspace/logsheets/filtered/water_sampling.csv,XSDString,mandatory
missing value,water,sampling,failure_comment,33,<empty>,\,/github/workspace/logsheets/filtered/water_sampling.csv,XSDString,mandatory
missing value,water,sampling,failure_comment,34,<empty>,\,/github/workspace/logsheets/filtered/water_sampling.csv,XSDString,mandatory
missing value,water,sampling,failure_comment,35,<empty>,\,/github/workspace/logsheets/filtered/water_sampling.csv,XSDString,mandatory
missing value,water,sampling,failure_comment,36,<empty>,\,/github/workspace/logsheets/filtered/water_sampling.csv,XSDString,mandatory
missing value,water,sampling,failure_comment,37,<empty>,\,/github/workspace/logsheets/filtered/water_sampling.csv,XSDString,mandatory
missing value,water,sampling,failure_comment,38,<empty>,\,/github/workspace/logsheets/filtered/water_sampling.csv,XSDString,mandatory
missing value,water,sampling,failure_comment,39,<empty>,\,/github/workspace/logsheets/filtered/water_sampling.csv,XSDString,mandatory
missing value,water,sampling,failure_comment,40,<empty>,\,/github/workspace/logsheets/filtered/water_sampling.csv,XSDString,mandatory
missing value,water,sampling,failure_comment,41,<empty>,\,/github/workspace/logsheets/filtered/water_sampling.csv,XSDString,mandatory
missing value,water,sampling,failure_comment,42,<empty>,\,/github/workspace/logsheets/filtered/water_sampling.csv,XSDString,mandatory
missing value,water,sampling,failure_comment,43,<empty>,\,/github/workspace/logsheets/filtered/water_sampling.csv,XSDString,mandatory
missing value,water,sampling,failure_comment,44,<empty>,\,/github/workspace/logsheets/filtered/water_sampling.csv,XSDString,mandatory
missing value,water,sampling,failure_comment,45,<empty>,\,/github/workspace/logsheets/filtered/water_sampling.csv,XSDString,mandatory
missing value,water,sampling,failure_comment,46,<empty>,\,/github/workspace/logsheets/filtered/water_sampling.csv,XSDString,mandatory
missing value,water,sampling,failure_comment,47,<empty>,\,/github/workspace/logsheets/filtered/water_sampling.csv,XSDString,mandatory
missing value,water,sampling,failure_comment,48,<empty>,\,/github/workspace/logsheets/filtered/water_sampling.csv,XSDString,mandatory
missing value,water,sampling,failure_comment,49,<empty>,\,/github/workspace/logsheets/filtered/water_sampling.csv,XSDString,mandatory
missing value,water,sampling,failure_comment,350,<empty>,\,/github/workspace/logsheets/filtered/water_sampling.csv,XSDString,mandatory
missing value,water,sampling,failure_comment,351,<empty>,\,/github/workspace/logsheets/filtered/water_sampling.csv,XSDString,mandatory
missing value,water,sampling,failure_comment,352,<empty>,\,/github/workspace/logsheets/filtered/water_sampling.csv,XSDString,mandatory
missing value,water,sampling,failure_comment,353,<empty>,\,/github/workspace/logsheets/filtered/water_sampling.csv,XSDString,mandatory
missing value,water,sampling,failure_comment,354,<empty>,\,/github/workspace/logsheets/filtered/water_sampling.csv,XSDString,mandatory
missing value,water,sampling,failure_comment,355,<empty>,\,/github/workspace/logsheets/filtered/water_sampling.csv,XSDString,mandatory
missing value,water,sampling,failure_comment,356,<empty>,\,/github/workspace/logsheets/filtered/water_sampling.csv,XSDString,mandatory
missing value,water,sampling,failure_comment,357,<empty>,\,/github/workspace/logsheets/filtered/water_sampling.csv,XSDString,mandatory
missing value,water,sampling,failure_comment,358,<empty>,\,/github/workspace/logsheets/filtered/water_sampling.csv,XSDString,mandatory
missing value,water,sampling,failure_comment,359,<empty>,\,/github/workspace/logsheets/filtered/water_sampling.csv,XSDString,mandatory
missing value,water,sampling,failure_comment,360,<empty>,\,/github/workspace/logsheets/filtered/water_sampling.csv,XSDString,mandatory
missing value,water,sampling,failure_comment,361,<empty>,\,/github/workspace/logsheets/filtered/water_sampling.csv,XSDString,mandatory
missing value,water,sampling,failure_comment,362,<empty>,\,/github/workspace/logsheets/filtered/water_sampling.csv,XSDString,mandatory
missing value,water,sampling,failure_comment,363,<empty>,\,/github/workspace/logsheets/filtered/water_sampling.csv,XSDString,mandatory
missing value,water,sampling,failure_comment,364,<empty>,\,/github/workspace/logsheets/filtered/water_sampling.csv,XSDString,mandatory
missing value,water,sampling,failure_comment,365,<empty>,\,/github/workspace/logsheets/filtered/water_sampling.csv,XSDString,mandatory
missing value,water,sampling,failure_comment,366,<empty>,\,/github/workspace/logsheets/filtered/water_sampling.csv,XSDString,mandatory
missing value,water,sampling,failure_comment,367,<empty>,\,/github/workspace/logsheets/filtered/water_sampling.csv,XSDString,mandatory
missing value,water,sampling,failure_comment,368,<empty>,\,/github/workspace/logsheets/filtered/water_sampling.csv,XSDString,mandatory
missing value,water,sampling,failure_comment,369,<empty>,\,/github/workspace/logsheets/filtered/water_sampling.csv,XSDString,mandatory
missing value,water,sampling,failure_comment,370,<empty>,\,/github/workspace/logsheets/filtered/water_sampling.csv,XSDString,mandatory
missing value,water,sampling,failure_comment,371,<empty>,\,/github/workspace/logsheets/filtered/water_sampling.csv,XSDString,mandatory
missing value,water,sampling,failure_comment,372,<empty>,\,/github/workspace/logsheets/filtered/water_sampling.csv,XSDString,mandatory
missing value,water,sampling,failure_comment,373,<empty>,\,/github/workspace/logsheets/filtered/water_sampling.csv,XSDString,mandatory
missing value,water,sampling,failure_comment,374,<empty>,\,/github/workspace/logsheets/filtered/water_sampling.csv,XSDString,mandatory
missing value,water,sampling,failure_comment,375,<empty>,\,/github/workspace/logsheets/filtered/water_sampling.csv,XSDString,mandatory
missing value,water,sampling,failure_comment,376,<empty>,\,/github/workspace/logsheets/filtered/water_sampling.csv,XSDString,mandatory
missing value,water,sampling,failure_comment,377,<empty>,\,/github/workspace/logsheets/filtered/water_sampling.csv,XSDString,mandatory
missing value,water,sampling,failure_comment,378,<empty>,\,/github/workspace/logsheets/filtered/water_sampling.csv,XSDString,mandatory
missing value,water,sampling,failure_comment,379,<empty>,\,/github/workspace/logsheets/filtered/water_sampling.csv,XSDString,mandatory
missing value,water,sampling,failure_comment,380,<empty>,\,/github/workspace/logsheets/filtered/water_sampling.csv,XSDString,mandatory
missing value,water,sampling,failure_comment,381,<empty>,\,/github/workspace/logsheets/filtered/water_sampling.csv,XSDString,mandatory
missing value,water,sampling,failure_comment,382,<empty>,\,/github/workspace/logsheets/filtered/water_sampling.csv,XSDString,mandatory
missing value,water,sampling,failure_comment,383,<empty>,\,/github/workspace/logsheets/filtered/water_sampling.csv,XSDString,mandatory
missing value,water,sampling,failure_comment,384,<empty>,\,/github/workspace/logsheets/filtered/water_sampling.csv,XSDString,mandatory
missing value,water,sampling,failure_comment,385,<empty>,\,/github/workspace/logsheets/filtered/water_sampling.csv,XSDString,mandatory
missing value,water,sampling,failure_comment,386,<empty>,\,/github/workspace/logsheets/filtered/water_sampling.csv,XSDString,mandatory
missing value,water,sampling,failure_comment,387,<empty>,\,/github/workspace/logsheets/filtered/water_sampling.csv,XSDString,mandatory
missing value,water,sampling,failure_comment,388,<empty>,\,/github/workspace/logsheets/filtered/water_sampling.csv,XSDString,mandatory
missing value,water,sampling,failure_comment,389,<empty>,\,/github/workspace/logsheets/filtered/water_sampling.csv,XSDString,mandatory
missing value,water,sampling,failure_comment,390,<empty>,\,/github/workspace/logsheets/filtered/water_sampling.csv,XSDString,mandatory
missing value,water,sampling,failure_comment,391,<empty>,\,/github/workspace/logsheets/filtered/water_sampling.csv,XSDString,mandatory
